0 verbose cli C:\Program Files\nodejs\node.exe C:\Program Files\nodejs\node_modules\npm\bin\npm-cli.js
1 info using npm@11.16.0
2 info using node@v24.18.0
3 silly config load:file:C:\Program Files\nodejs\node_modules\npm\npmrc
4 silly config load:file:C:\Users\Elen\OneDrive\Compartilhado\Fazenda\.netlify-cli\.npmrc
5 silly config load:file:C:\Users\Elen\.npmrc
6 silly config load:file:C:\Users\Elen\OneDrive\Compartilhado\Fazenda\.netlify-cli\etc\npmrc
7 verbose title npm install netlify-cli
8 verbose argv "install" "--prefix" ".netlify-cli" "--cache" ".netlify-cache" "--no-save" "--no-package-lock" "netlify-cli"
9 verbose logfile logs-max:10 dir:C:\Users\Elen\OneDrive\Compartilhado\Fazenda\.netlify-cache\_logs\2026-09-30T21_47_10_167Z-
10 verbose logfile C:\Users\Elen\OneDrive\Compartilhado\Fazenda\.netlify-cache\_logs\2026-09-30T21_47_10_167Z-debug-0.log
11 silly logfile done cleaning log files
12 silly allow-scripts no package.json at prefix Could not read package.json: Error: ENOENT: no such file or directory, open 'C:\Users\Elen\OneDrive\Compartilhado\Fazenda\.netlify-cli\package.json'
13 silly packumentCache heap:2348810240 maxSize:587202560 maxEntrySize:293601280
14 silly idealTree buildDeps
15 silly fetch manifest netlify-cli@*
16 silly packumentCache full:https://registry.npmjs.org/netlify-cli cache-miss
17 http fetch GET 200 https://registry.npmjs.org/npm 351ms
18 http fetch GET 200 https://registry.npmjs.org/netlify-cli 1401ms (cache miss)
19 silly packumentCache full:https://registry.npmjs.org/netlify-cli set size:undefined disposed:false
20 silly placeDep ROOT netlify-cli@27.10.2 OK for:  want: *
21 silly fetch manifest pg@^8.20.0
22 silly packumentCache full:https://registry.npmjs.org/pg cache-miss
23 silly fetch manifest ws@^8.19.0
24 silly packumentCache full:https://registry.npmjs.org/ws cache-miss
25 silly fetch manifest etag@^1.8.1
26 silly packumentCache full:https://registry.npmjs.org/etag cache-miss
27 http fetch GET 200 https://registry.npmjs.org/etag 355ms (cache miss)
28 silly packumentCache full:https://registry.npmjs.org/etag set size:undefined disposed:false
29 silly fetch manifest open@^11.0.0
30 silly packumentCache full:https://registry.npmjs.org/open cache-miss
31 http fetch GET 200 https://registry.npmjs.org/ws 380ms (cache miss)
32 silly packumentCache full:https://registry.npmjs.org/ws set size:undefined disposed:false
33 silly fetch manifest toml@^4.0.0
34 silly packumentCache full:https://registry.npmjs.org/toml cache-miss
35 http fetch GET 200 https://registry.npmjs.org/pg 412ms (cache miss)
36 silly packumentCache full:https://registry.npmjs.org/pg set size:undefined disposed:false
37 silly fetch manifest ulid@^3.0.1
38 silly packumentCache full:https://registry.npmjs.org/ulid cache-miss
39 http fetch GET 200 https://registry.npmjs.org/open 331ms (cache miss)
40 silly packumentCache full:https://registry.npmjs.org/open set size:undefined disposed:false
41 silly fetch manifest boxen@^8.0.1
42 silly packumentCache full:https://registry.npmjs.org/boxen cache-miss
43 http fetch GET 200 https://registry.npmjs.org/toml 358ms (cache miss)
44 silly packumentCache full:https://registry.npmjs.org/toml set size:undefined disposed:false
45 silly fetch manifest chalk@^6.0.0
46 silly packumentCache full:https://registry.npmjs.org/chalk cache-miss
47 http fetch GET 200 https://registry.npmjs.org/ulid 421ms (cache miss)
48 silly packumentCache full:https://registry.npmjs.org/ulid set size:undefined disposed:false
49 silly fetch manifest debug@^4.4.3
50 silly packumentCache full:https://registry.npmjs.org/debug cache-miss
51 http fetch GET 200 https://registry.npmjs.org/boxen 443ms (cache miss)
52 silly packumentCache full:https://registry.npmjs.org/boxen set size:undefined disposed:false
53 silly fetch manifest execa@^5.1.1
54 silly packumentCache full:https://registry.npmjs.org/execa cache-miss
55 http fetch GET 200 https://registry.npmjs.org/chalk 372ms (cache miss)
56 silly packumentCache full:https://registry.npmjs.org/chalk set size:undefined disposed:false
57 silly fetch manifest fuzzy@^0.1.3
58 silly packumentCache full:https://registry.npmjs.org/fuzzy cache-miss
59 http fetch GET 200 https://registry.npmjs.org/debug 378ms (cache miss)
60 silly packumentCache full:https://registry.npmjs.org/debug set size:undefined disposed:false
61 silly fetch manifest isexe@^4.0.0
62 silly packumentCache full:https://registry.npmjs.org/isexe cache-miss
63 http fetch GET 200 https://registry.npmjs.org/fuzzy 106ms (cache miss)
64 silly packumentCache full:https://registry.npmjs.org/fuzzy set size:undefined disposed:false
65 silly fetch manifest p-map@^7.0.3
66 silly packumentCache full:https://registry.npmjs.org/p-map cache-miss
67 http fetch GET 200 https://registry.npmjs.org/execa 180ms (cache miss)
68 silly packumentCache full:https://registry.npmjs.org/execa set size:undefined disposed:false
69 silly fetch manifest yauzl@^3.3.1
70 silly packumentCache full:https://registry.npmjs.org/yauzl cache-miss
71 http fetch GET 200 https://registry.npmjs.org/isexe 260ms (cache miss)
72 silly packumentCache full:https://registry.npmjs.org/isexe set size:undefined disposed:false
73 silly fetch manifest cookie@^2.0.0
74 silly packumentCache full:https://registry.npmjs.org/cookie cache-miss
75 http fetch GET 200 https://registry.npmjs.org/p-map 264ms (cache miss)
76 silly packumentCache full:https://registry.npmjs.org/p-map set size:undefined disposed:false
77 silly fetch manifest dotenv@^17.3.1
78 silly packumentCache full:https://registry.npmjs.org/dotenv cache-miss
79 http fetch GET 200 https://registry.npmjs.org/yauzl 438ms (cache miss)
80 silly packumentCache full:https://registry.npmjs.org/yauzl set size:undefined disposed:false
81 silly fetch manifest is-wsl@^3.1.0
82 silly packumentCache full:https://registry.npmjs.org/is-wsl cache-miss
83 http fetch GET 200 https://registry.npmjs.org/cookie 322ms (cache miss)
84 silly packumentCache full:https://registry.npmjs.org/cookie set size:undefined disposed:false
85 silly fetch manifest semver@^7.7.2
86 silly packumentCache full:https://registry.npmjs.org/semver cache-miss
87 http fetch GET 200 https://registry.npmjs.org/dotenv 357ms (cache miss)
88 silly packumentCache full:https://registry.npmjs.org/dotenv set size:undefined disposed:false
89 silly fetch manifest backoff@^2.5.0
90 silly packumentCache full:https://registry.npmjs.org/backoff cache-miss
91 http fetch GET 200 https://registry.npmjs.org/is-wsl 162ms (cache miss)
92 silly packumentCache full:https://registry.npmjs.org/is-wsl set size:undefined disposed:false
93 silly fetch manifest ci-info@^4.4.0
94 silly packumentCache full:https://registry.npmjs.org/ci-info cache-miss
95 http fetch GET 200 https://registry.npmjs.org/semver 181ms (cache miss)
96 silly packumentCache full:https://registry.npmjs.org/semver set size:undefined disposed:false
97 silly fetch manifest decache@^4.6.2
98 silly packumentCache full:https://registry.npmjs.org/decache cache-miss
99 http fetch GET 200 https://registry.npmjs.org/ci-info 163ms (cache miss)
100 silly packumentCache full:https://registry.npmjs.org/ci-info set size:undefined disposed:false
101 silly fetch manifest envinfo@^7.21.0
102 silly packumentCache full:https://registry.npmjs.org/envinfo cache-miss
103 http fetch GET 200 https://registry.npmjs.org/decache 136ms (cache miss)
104 silly packumentCache full:https://registry.npmjs.org/decache set size:undefined disposed:false
105 silly fetch manifest express@^5.2.1
106 silly packumentCache full:https://registry.npmjs.org/express cache-miss
107 http fetch GET 200 https://registry.npmjs.org/backoff 299ms (cache miss)
108 silly packumentCache full:https://registry.npmjs.org/backoff set size:undefined disposed:false
109 silly fetch manifest fastify@^5.8.5
110 silly packumentCache full:https://registry.npmjs.org/fastify cache-miss
111 http fetch GET 200 https://registry.npmjs.org/envinfo 134ms (cache miss)
112 silly packumentCache full:https://registry.npmjs.org/envinfo set size:undefined disposed:false
113 silly fetch manifest find-up@^8.0.0
114 silly packumentCache full:https://registry.npmjs.org/find-up cache-miss
115 http fetch GET 200 https://registry.npmjs.org/express 157ms (cache miss)
116 silly packumentCache full:https://registry.npmjs.org/express set size:undefined disposed:false
117 silly fetch manifest chokidar@^5.0.0
118 silly packumentCache full:https://registry.npmjs.org/chokidar cache-miss
119 http fetch GET 200 https://registry.npmjs.org/find-up 121ms (cache miss)
120 silly packumentCache full:https://registry.npmjs.org/find-up set size:undefined disposed:false
121 silly fetch manifest dot-prop@^10.1.0
122 silly packumentCache full:https://registry.npmjs.org/dot-prop cache-miss
123 http fetch GET 200 https://registry.npmjs.org/chokidar 218ms (cache miss)
124 silly packumentCache full:https://registry.npmjs.org/chokidar set size:undefined disposed:false
125 silly fetch manifest get-port@^5.1.1
126 silly packumentCache full:https://registry.npmjs.org/get-port cache-miss
127 http fetch GET 200 https://registry.npmjs.org/dot-prop 401ms (cache miss)
128 silly packumentCache full:https://registry.npmjs.org/dot-prop set size:undefined disposed:false
129 silly fetch manifest inquirer@^8.2.7
130 silly packumentCache full:https://registry.npmjs.org/inquirer cache-miss
131 http fetch GET 200 https://registry.npmjs.org/fastify 719ms (cache miss)
132 silly packumentCache full:https://registry.npmjs.org/fastify set size:undefined disposed:false
133 silly fetch manifest p-filter@^4.1.0
134 silly packumentCache full:https://registry.npmjs.org/p-filter cache-miss
135 http fetch GET 200 https://registry.npmjs.org/get-port 575ms (cache miss)
136 silly packumentCache full:https://registry.npmjs.org/get-port set size:undefined disposed:false
137 silly fetch manifest raw-body@^4.0.0
138 silly packumentCache full:https://registry.npmjs.org/raw-body cache-miss
139 http fetch GET 200 https://registry.npmjs.org/inquirer 511ms (cache miss)
140 silly packumentCache full:https://registry.npmjs.org/inquirer set size:undefined disposed:false
141 silly fetch manifest readdirp@^5.0.0
142 silly packumentCache full:https://registry.npmjs.org/readdirp cache-miss
143 http fetch GET 200 https://registry.npmjs.org/raw-body 246ms (cache miss)
144 silly packumentCache full:https://registry.npmjs.org/raw-body set size:undefined disposed:false
145 silly fetch manifest commander@^12.1.0
146 silly packumentCache full:https://registry.npmjs.org/commander cache-miss
147 http fetch GET 200 https://registry.npmjs.org/p-filter 360ms (cache miss)
148 silly packumentCache full:https://registry.npmjs.org/p-filter set size:undefined disposed:false
149 silly fetch manifest env-paths@^4.0.0
150 silly packumentCache full:https://registry.npmjs.org/env-paths cache-miss
151 http fetch GET 200 https://registry.npmjs.org/readdirp 161ms (cache miss)
152 silly packumentCache full:https://registry.npmjs.org/readdirp set size:undefined disposed:false
153 silly fetch manifest is-docker@^4.0.0
154 silly packumentCache full:https://registry.npmjs.org/is-docker cache-miss
155 http fetch GET 200 https://registry.npmjs.org/env-paths 87ms (cache miss)
156 silly packumentCache full:https://registry.npmjs.org/env-paths set size:undefined disposed:false
157 silly fetch manifest is-stream@^4.0.1
158 silly packumentCache full:https://registry.npmjs.org/is-stream cache-miss
159 http fetch GET 200 https://registry.npmjs.org/is-docker 85ms (cache miss)
160 silly packumentCache full:https://registry.npmjs.org/is-docker set size:undefined disposed:false
161 silly fetch manifest maxstache@^1.0.7
162 silly packumentCache full:https://registry.npmjs.org/maxstache cache-miss
163 http fetch GET 200 https://registry.npmjs.org/commander 162ms (cache miss)
164 silly packumentCache full:https://registry.npmjs.org/commander set size:undefined disposed:false
165 silly fetch manifest clean-deep@^3.4.0
166 silly packumentCache full:https://registry.npmjs.org/clean-deep cache-miss
167 http fetch GET 200 https://registry.npmjs.org/is-stream 95ms (cache miss)
168 silly packumentCache full:https://registry.npmjs.org/is-stream set size:undefined disposed:false
169 silly fetch manifest http-proxy@^1.18.1
170 silly packumentCache full:https://registry.npmjs.org/http-proxy cache-miss
171 http fetch GET 200 https://registry.npmjs.org/http-proxy 64ms (cache miss)
172 silly packumentCache full:https://registry.npmjs.org/http-proxy set size:undefined disposed:false
173 silly fetch manifest jwt-decode@^4.0.0
174 silly packumentCache full:https://registry.npmjs.org/jwt-decode cache-miss
175 http fetch GET 200 https://registry.npmjs.org/jwt-decode 54ms (cache miss)
176 silly packumentCache full:https://registry.npmjs.org/jwt-decode set size:undefined disposed:false
177 silly fetch manifest log-update@^8.0.0
178 silly packumentCache full:https://registry.npmjs.org/log-update cache-miss
179 http fetch GET 200 https://registry.npmjs.org/maxstache 413ms (cache miss)
180 silly packumentCache full:https://registry.npmjs.org/maxstache set size:undefined disposed:false
181 silly fetch manifest modern-tar@^0.8.0
182 silly packumentCache full:https://registry.npmjs.org/modern-tar cache-miss
183 http fetch GET 200 https://registry.npmjs.org/log-update 251ms (cache miss)
184 silly packumentCache full:https://registry.npmjs.org/log-update set size:undefined disposed:false
185 silly fetch manifest multiparty@^4.2.3
186 silly packumentCache full:https://registry.npmjs.org/multiparty cache-miss
187 http fetch GET 200 https://registry.npmjs.org/clean-deep 457ms (cache miss)
188 silly packumentCache full:https://registry.npmjs.org/clean-deep set size:undefined disposed:false
189 silly fetch manifest node-fetch@^3.3.2
190 silly packumentCache full:https://registry.npmjs.org/node-fetch cache-miss
191 http fetch GET 200 https://registry.npmjs.org/modern-tar 325ms (cache miss)
192 silly packumentCache full:https://registry.npmjs.org/modern-tar set size:undefined disposed:false
193 silly fetch manifest p-wait-for@^6.0.0
194 silly packumentCache full:https://registry.npmjs.org/p-wait-for cache-miss
195 http fetch GET 200 https://registry.npmjs.org/multiparty 345ms (cache miss)
196 silly packumentCache full:https://registry.npmjs.org/multiparty set size:undefined disposed:false
197 silly fetch manifest prettyjson@^1.2.5
198 silly packumentCache full:https://registry.npmjs.org/prettyjson cache-miss
199 http fetch GET 200 https://registry.npmjs.org/p-wait-for 462ms (cache miss)
200 silly packumentCache full:https://registry.npmjs.org/p-wait-for set size:undefined disposed:false
201 silly fetch manifest @netlify/ai@^1.0.1
202 silly packumentCache full:https://registry.npmjs.org/@netlify%2fai cache-miss
203 http fetch GET 200 https://registry.npmjs.org/prettyjson 486ms (cache miss)
204 silly packumentCache full:https://registry.npmjs.org/prettyjson set size:undefined disposed:false
205 silly fetch manifest ascii-table@^0.0.9
206 silly packumentCache full:https://registry.npmjs.org/ascii-table cache-miss
207 http fetch GET 200 https://registry.npmjs.org/node-fetch 954ms (cache miss)
208 silly packumentCache full:https://registry.npmjs.org/node-fetch set size:undefined disposed:false
209 silly fetch manifest cron-parser@^5.0.0
210 silly packumentCache full:https://registry.npmjs.org/cron-parser cache-miss
211 http fetch GET 200 https://registry.npmjs.org/cron-parser 119ms (cache miss)
212 silly packumentCache full:https://registry.npmjs.org/cron-parser set size:undefined disposed:false
213 silly fetch manifest locate-path@^8.0.0
214 silly packumentCache full:https://registry.npmjs.org/locate-path cache-miss
215 http fetch GET 200 https://registry.npmjs.org/ascii-table 505ms (cache miss)
216 silly packumentCache full:https://registry.npmjs.org/ascii-table set size:undefined disposed:false
217 silly fetch manifest nanospinner@^1.2.2
218 silly packumentCache full:https://registry.npmjs.org/nanospinner cache-miss
219 http fetch GET 200 https://registry.npmjs.org/locate-path 274ms (cache miss)
220 silly packumentCache full:https://registry.npmjs.org/locate-path set size:undefined disposed:false
221 silly fetch manifest @netlify/api@^15.1.2
222 silly packumentCache full:https://registry.npmjs.org/@netlify%2fapi cache-miss
223 http fetch GET 200 https://registry.npmjs.org/@netlify%2fai 757ms (cache miss)
224 silly packumentCache full:https://registry.npmjs.org/@netlify%2fai set size:undefined disposed:false
225 silly fetch manifest @netlify/dev@^5.1.2
226 silly packumentCache full:https://registry.npmjs.org/@netlify%2fdev cache-miss
227 http fetch GET 200 https://registry.npmjs.org/nanospinner 281ms (cache miss)
228 silly packumentCache full:https://registry.npmjs.org/nanospinner set size:undefined disposed:false
229 silly fetch manifest @pnpm/tabtab@^0.5.4
230 silly packumentCache full:https://registry.npmjs.org/@pnpm%2ftabtab cache-miss
231 http fetch GET 200 https://registry.npmjs.org/@netlify%2fapi 386ms (cache miss)
232 silly packumentCache full:https://registry.npmjs.org/@netlify%2fapi set size:undefined disposed:false
233 silly fetch manifest ansi-escapes@^7.3.0
234 silly packumentCache full:https://registry.npmjs.org/ansi-escapes cache-miss
235 http fetch GET 200 https://registry.npmjs.org/ansi-escapes 56ms (cache miss)
236 silly packumentCache full:https://registry.npmjs.org/ansi-escapes set size:undefined disposed:false
237 silly fetch manifest ansi-to-html@^0.7.2
238 silly packumentCache full:https://registry.npmjs.org/ansi-to-html cache-miss
239 http fetch GET 200 https://registry.npmjs.org/ansi-to-html 67ms (cache miss)
240 silly packumentCache full:https://registry.npmjs.org/ansi-to-html set size:undefined disposed:false
241 silly fetch manifest comment-json@^5.0.0
242 silly packumentCache full:https://registry.npmjs.org/comment-json cache-miss
243 http fetch GET 200 https://registry.npmjs.org/comment-json 101ms (cache miss)
244 silly packumentCache full:https://registry.npmjs.org/comment-json set size:undefined disposed:false
245 silly fetch manifest content-type@^1.0.5
246 silly packumentCache full:https://registry.npmjs.org/content-type cache-miss
247 http fetch GET 200 https://registry.npmjs.org/content-type 59ms (cache miss)
248 silly packumentCache full:https://registry.npmjs.org/content-type set size:undefined disposed:false
249 silly fetch manifest jsonwebtoken@^9.0.3
250 silly packumentCache full:https://registry.npmjs.org/jsonwebtoken cache-miss
251 http fetch GET 200 https://registry.npmjs.org/@netlify%2fdev 651ms (cache miss)
252 silly packumentCache full:https://registry.npmjs.org/@netlify%2fdev set size:undefined disposed:false
253 silly fetch manifest lambda-local@^2.2.0
254 silly packumentCache full:https://registry.npmjs.org/lambda-local cache-miss
255 http fetch GET 200 https://registry.npmjs.org/jsonwebtoken 104ms (cache miss)
256 silly packumentCache full:https://registry.npmjs.org/jsonwebtoken set size:undefined disposed:false
257 silly fetch manifest tomlify-j0.4@^3.0.0
258 silly packumentCache full:https://registry.npmjs.org/tomlify-j0.4 cache-miss
259 http fetch GET 200 https://registry.npmjs.org/@pnpm%2ftabtab 617ms (cache miss)
260 silly packumentCache full:https://registry.npmjs.org/@pnpm%2ftabtab set size:undefined disposed:false
261 silly fetch manifest @octokit/rest@^22.0.0
262 silly packumentCache full:https://registry.npmjs.org/@octokit%2frest cache-miss
263 http fetch GET 200 https://registry.npmjs.org/tomlify-j0.4 852ms (cache miss)
264 silly packumentCache full:https://registry.npmjs.org/tomlify-j0.4 set size:undefined disposed:false
265 silly fetch manifest folder-walker@^3.2.0
266 silly packumentCache full:https://registry.npmjs.org/folder-walker cache-miss
267 http fetch GET 200 https://registry.npmjs.org/lambda-local 972ms (cache miss)
268 silly packumentCache full:https://registry.npmjs.org/lambda-local set size:undefined disposed:false
269 silly fetch manifest git-repo-info@^2.1.1
270 silly packumentCache full:https://registry.npmjs.org/git-repo-info cache-miss
271 http fetch GET 200 https://registry.npmjs.org/@octokit%2frest 1253ms (cache miss)
272 silly packumentCache full:https://registry.npmjs.org/@octokit%2frest set size:undefined disposed:false
273 silly fetch manifest terminal-link@^5.0.0
274 silly packumentCache full:https://registry.npmjs.org/terminal-link cache-miss
275 http fetch GET 200 https://registry.npmjs.org/folder-walker 545ms (cache miss)
276 silly packumentCache full:https://registry.npmjs.org/folder-walker set size:undefined disposed:false
277 silly fetch manifest @netlify/blobs@^11.1.0
278 silly packumentCache full:https://registry.npmjs.org/@netlify%2fblobs cache-miss
279 http fetch GET 200 https://registry.npmjs.org/git-repo-info 484ms (cache miss)
280 silly packumentCache full:https://registry.npmjs.org/git-repo-info set size:undefined disposed:false
281 silly fetch manifest @netlify/build@^37.3.3
282 silly packumentCache full:https://registry.npmjs.org/@netlify%2fbuild cache-miss
283 http fetch GET 200 https://registry.npmjs.org/terminal-link 64ms (cache miss)
284 silly packumentCache full:https://registry.npmjs.org/terminal-link set size:undefined disposed:false
285 silly fetch manifest gitconfiglocal@^2.1.0
286 silly packumentCache full:https://registry.npmjs.org/gitconfiglocal cache-miss
287 http fetch GET 200 https://registry.npmjs.org/gitconfiglocal 165ms (cache miss)
288 silly packumentCache full:https://registry.npmjs.org/gitconfiglocal set size:undefined disposed:false
289 silly fetch manifest parse-duration@^2.1.6
290 silly packumentCache full:https://registry.npmjs.org/parse-duration cache-miss
291 http fetch GET 200 https://registry.npmjs.org/@netlify%2fblobs 324ms (cache miss)
292 silly packumentCache full:https://registry.npmjs.org/@netlify%2fblobs set size:undefined disposed:false
293 silly fetch manifest @fastify/static@^10.0.0
294 silly packumentCache full:https://registry.npmjs.org/@fastify%2fstatic cache-miss
295 http fetch GET 200 https://registry.npmjs.org/parse-duration 326ms (cache miss)
296 silly packumentCache full:https://registry.npmjs.org/parse-duration set size:undefined disposed:false
297 silly fetch manifest @netlify/config@^25.2.6
298 silly packumentCache full:https://registry.npmjs.org/@netlify%2fconfig cache-miss
299 http fetch GET 200 https://registry.npmjs.org/@fastify%2fstatic 310ms (cache miss)
300 silly packumentCache full:https://registry.npmjs.org/@fastify%2fstatic set size:undefined disposed:false
301 silly fetch manifest @netlify/images@^2.0.1
302 silly packumentCache full:https://registry.npmjs.org/@netlify%2fimages cache-miss
303 http fetch GET 200 https://registry.npmjs.org/@netlify%2fbuild 897ms (cache miss)
304 silly packumentCache full:https://registry.npmjs.org/@netlify%2fbuild set size:undefined disposed:false
305 silly fetch manifest express-logging@^1.1.1
306 silly packumentCache full:https://registry.npmjs.org/express-logging cache-miss
307 http fetch GET 200 https://registry.npmjs.org/@netlify%2fimages 686ms (cache miss)
308 silly packumentCache full:https://registry.npmjs.org/@netlify%2fimages set size:undefined disposed:false
309 silly fetch manifest read-package-up@^12.0.0
310 silly packumentCache full:https://registry.npmjs.org/read-package-up cache-miss
311 http fetch GET 200 https://registry.npmjs.org/express-logging 328ms (cache miss)
312 silly packumentCache full:https://registry.npmjs.org/express-logging set size:undefined disposed:false
313 silly fetch manifest update-notifier@^7.3.1
314 silly packumentCache full:https://registry.npmjs.org/update-notifier cache-miss
315 http fetch GET 200 https://registry.npmjs.org/read-package-up 132ms (cache miss)
316 silly packumentCache full:https://registry.npmjs.org/read-package-up set size:undefined disposed:false
317 silly fetch manifest maxstache-stream@^1.0.4
318 silly packumentCache full:https://registry.npmjs.org/maxstache-stream cache-miss
319 http fetch GET 200 https://registry.npmjs.org/@netlify%2fconfig 981ms (cache miss)
320 silly packumentCache full:https://registry.npmjs.org/@netlify%2fconfig set size:undefined disposed:false
321 silly fetch manifest parse-github-url@^1.0.3
322 silly packumentCache full:https://registry.npmjs.org/parse-github-url cache-miss
323 http fetch GET 200 https://registry.npmjs.org/update-notifier 457ms (cache miss)
324 silly packumentCache full:https://registry.npmjs.org/update-notifier set size:undefined disposed:false
325 silly fetch manifest https-proxy-agent@^8.0.0
326 silly packumentCache full:https://registry.npmjs.org/https-proxy-agent cache-miss
327 http fetch GET 200 https://registry.npmjs.org/maxstache-stream 489ms (cache miss)
328 silly packumentCache full:https://registry.npmjs.org/maxstache-stream set size:undefined disposed:false
329 silly fetch manifest write-file-atomic@^5.0.1
330 silly packumentCache full:https://registry.npmjs.org/write-file-atomic cache-miss
331 http fetch GET 200 https://registry.npmjs.org/parse-github-url 329ms (cache miss)
332 silly packumentCache full:https://registry.npmjs.org/parse-github-url set size:undefined disposed:false
333 silly fetch manifest @netlify/dev-utils@^6.0.1
334 silly packumentCache full:https://registry.npmjs.org/@netlify%2fdev-utils cache-miss
335 http fetch GET 200 https://registry.npmjs.org/https-proxy-agent 319ms (cache miss)
336 silly packumentCache full:https://registry.npmjs.org/https-proxy-agent set size:undefined disposed:false
337 silly fetch manifest @opentelemetry/api@~1.9.0
338 silly packumentCache full:https://registry.npmjs.org/@opentelemetry%2fapi cache-miss
339 http fetch GET 200 https://registry.npmjs.org/write-file-atomic 283ms (cache miss)
340 silly packumentCache full:https://registry.npmjs.org/write-file-atomic set size:undefined disposed:false
341 silly fetch manifest netlify-redirector@^0.5.0
342 silly packumentCache full:https://registry.npmjs.org/netlify-redirector cache-miss
343 http fetch GET 200 https://registry.npmjs.org/@opentelemetry%2fapi 228ms (cache miss)
344 silly packumentCache full:https://registry.npmjs.org/@opentelemetry%2fapi set size:undefined disposed:false
345 silly fetch manifest parallel-transform@^1.2.0
346 silly packumentCache full:https://registry.npmjs.org/parallel-transform cache-miss
347 http fetch GET 200 https://registry.npmjs.org/@netlify%2fdev-utils 626ms (cache miss)
348 silly packumentCache full:https://registry.npmjs.org/@netlify%2fdev-utils set size:undefined disposed:false
349 silly fetch manifest source-map-support@^0.5.21
350 silly packumentCache full:https://registry.npmjs.org/source-map-support cache-miss
351 http fetch GET 200 https://registry.npmjs.org/netlify-redirector 395ms (cache miss)
352 silly packumentCache full:https://registry.npmjs.org/netlify-redirector set size:undefined disposed:false
353 silly fetch manifest @netlify/build-info@^11.3.0
354 silly packumentCache full:https://registry.npmjs.org/@netlify%2fbuild-info cache-miss
355 http fetch GET 200 https://registry.npmjs.org/parallel-transform 198ms (cache miss)
356 silly packumentCache full:https://registry.npmjs.org/parallel-transform set size:undefined disposed:false
357 silly fetch manifest @netlify/server-dev@^0.1.1
358 silly packumentCache full:https://registry.npmjs.org/@netlify%2fserver-dev cache-miss
359 http fetch GET 200 https://registry.npmjs.org/source-map-support 78ms (cache miss)
360 silly packumentCache full:https://registry.npmjs.org/source-map-support set size:undefined disposed:false
361 silly fetch manifest fastest-levenshtein@^1.0.16
362 silly packumentCache full:https://registry.npmjs.org/fastest-levenshtein cache-miss
363 http fetch GET 200 https://registry.npmjs.org/fastest-levenshtein 79ms (cache miss)
364 silly packumentCache full:https://registry.npmjs.org/fastest-levenshtein set size:undefined disposed:false
365 silly fetch manifest @netlify/edge-bundler@^16.1.1
366 silly packumentCache full:https://registry.npmjs.org/@netlify%2fedge-bundler cache-miss
367 http fetch GET 200 https://registry.npmjs.org/@netlify%2fserver-dev 587ms (cache miss)
368 silly packumentCache full:https://registry.npmjs.org/@netlify%2fserver-dev set size:undefined disposed:false
369 silly fetch manifest http-proxy-middleware@^3.0.5
370 silly packumentCache full:https://registry.npmjs.org/http-proxy-middleware cache-miss
371 http fetch GET 200 https://registry.npmjs.org/@netlify%2fbuild-info 630ms (cache miss)
372 silly packumentCache full:https://registry.npmjs.org/@netlify%2fbuild-info set size:undefined disposed:false
373 silly fetch manifest normalize-package-data@^7.0.1
374 silly packumentCache full:https://registry.npmjs.org/normalize-package-data cache-miss
375 http fetch GET 200 https://registry.npmjs.org/http-proxy-middleware 85ms (cache miss)
376 silly packumentCache full:https://registry.npmjs.org/http-proxy-middleware set size:undefined disposed:false
377 silly fetch manifest @netlify/edge-functions@^4.0.0
378 silly packumentCache full:https://registry.npmjs.org/@netlify%2fedge-functions cache-miss
379 http fetch GET 200 https://registry.npmjs.org/normalize-package-data 86ms (cache miss)
380 silly packumentCache full:https://registry.npmjs.org/normalize-package-data set size:undefined disposed:false
381 silly fetch manifest @netlify/headers-parser@^10.1.1
382 silly packumentCache full:https://registry.npmjs.org/@netlify%2fheaders-parser cache-miss
383 http fetch GET 200 https://registry.npmjs.org/@netlify%2fedge-bundler 657ms (cache miss)
384 silly packumentCache full:https://registry.npmjs.org/@netlify%2fedge-bundler set size:undefined disposed:false
385 silly fetch manifest @netlify/redirect-parser@^16.1.1
386 silly packumentCache full:https://registry.npmjs.org/@netlify%2fredirect-parser cache-miss
387 http fetch GET 200 https://registry.npmjs.org/@netlify%2fedge-functions 586ms (cache miss)
388 silly packumentCache full:https://registry.npmjs.org/@netlify%2fedge-functions set size:undefined disposed:false
389 silly fetch manifest @netlify/zip-it-and-ship-it@^16.2.3
390 silly packumentCache full:https://registry.npmjs.org/@netlify%2fzip-it-and-ship-it cache-miss
391 http fetch GET 200 https://registry.npmjs.org/@netlify%2fheaders-parser 586ms (cache miss)
392 silly packumentCache full:https://registry.npmjs.org/@netlify%2fheaders-parser set size:undefined disposed:false
393 silly fetch manifest inquirer-autocomplete-prompt@^1.4.0
394 silly packumentCache full:https://registry.npmjs.org/inquirer-autocomplete-prompt cache-miss
395 http fetch GET 200 https://registry.npmjs.org/@netlify%2fredirect-parser 608ms (cache miss)
396 silly packumentCache full:https://registry.npmjs.org/@netlify%2fredirect-parser set size:undefined disposed:false
397 silly fetch manifest @netlify/local-functions-proxy@^2.0.3
398 silly packumentCache full:https://registry.npmjs.org/@netlify%2flocal-functions-proxy cache-miss
399 http fetch GET 200 https://registry.npmjs.org/inquirer-autocomplete-prompt 246ms (cache miss)
400 silly packumentCache full:https://registry.npmjs.org/inquirer-autocomplete-prompt set size:undefined disposed:false
401 silly fetch manifest @netlify/edge-functions-bootstrap@^3.2.0
402 silly packumentCache full:https://registry.npmjs.org/@netlify%2fedge-functions-bootstrap cache-miss
403 http fetch GET 200 https://registry.npmjs.org/@netlify%2fzip-it-and-ship-it 644ms (cache miss)
404 silly packumentCache full:https://registry.npmjs.org/@netlify%2fzip-it-and-ship-it set size:undefined disposed:false
405 http fetch GET 200 https://registry.npmjs.org/@netlify%2flocal-functions-proxy 584ms (cache miss)
406 silly packumentCache full:https://registry.npmjs.org/@netlify%2flocal-functions-proxy set size:undefined disposed:false
407 http fetch GET 200 https://registry.npmjs.org/@netlify%2fedge-functions-bootstrap 626ms (cache miss)
408 silly packumentCache full:https://registry.npmjs.org/@netlify%2fedge-functions-bootstrap set size:undefined disposed:false
409 silly fetch manifest pg-native@>=3.0.1
410 silly packumentCache full:https://registry.npmjs.org/pg-native cache-miss
411 http fetch GET 200 https://registry.npmjs.org/pg-native 70ms (cache miss)
412 silly packumentCache full:https://registry.npmjs.org/pg-native set size:undefined disposed:false
413 silly fetch manifest bufferutil@^4.0.1
414 silly packumentCache full:https://registry.npmjs.org/bufferutil cache-miss
415 http fetch GET 200 https://registry.npmjs.org/bufferutil 69ms (cache miss)
416 silly packumentCache full:https://registry.npmjs.org/bufferutil set size:undefined disposed:false
417 silly fetch manifest utf-8-validate@>=5.0.2
418 silly packumentCache full:https://registry.npmjs.org/utf-8-validate cache-miss
419 http fetch GET 200 https://registry.npmjs.org/utf-8-validate 56ms (cache miss)
420 silly packumentCache full:https://registry.npmjs.org/utf-8-validate set size:undefined disposed:false
421 silly fetch manifest @netlify/opentelemetry-sdk-setup@^3.0.0 || ^4.0.0
422 silly packumentCache full:https://registry.npmjs.org/@netlify%2fopentelemetry-sdk-setup cache-miss
423 http fetch GET 200 https://registry.npmjs.org/@netlify%2fopentelemetry-sdk-setup 575ms (cache miss)
424 silly packumentCache full:https://registry.npmjs.org/@netlify%2fopentelemetry-sdk-setup set size:undefined disposed:false
425 silly placeDep ROOT @fastify/static@10.1.5 OK for: netlify-cli@27.10.2 want: ^10.0.0
426 silly placeDep ROOT @netlify/ai@1.0.1 OK for: netlify-cli@27.10.2 want: ^1.0.1
427 silly placeDep ROOT @netlify/api@15.1.2 OK for: netlify-cli@27.10.2 want: ^15.1.2
428 silly placeDep ROOT @netlify/blobs@11.1.2 OK for: netlify-cli@27.10.2 want: ^11.1.0
429 silly placeDep ROOT @netlify/build@37.3.3 OK for: netlify-cli@27.10.2 want: ^37.3.3
430 silly placeDep ROOT @opentelemetry/api@1.9.1 OK for: @netlify/build@37.3.3 want: ~1.9.0
431 silly placeDep ROOT @netlify/build-info@11.3.0 OK for: netlify-cli@27.10.2 want: ^11.3.0
432 silly placeDep ROOT @netlify/config@25.2.6 OK for: netlify-cli@27.10.2 want: ^25.2.6
433 silly placeDep ROOT @netlify/dev@5.1.4 OK for: netlify-cli@27.10.2 want: ^5.1.2
434 silly placeDep ROOT @netlify/dev-utils@6.0.2 OK for: netlify-cli@27.10.2 want: ^6.0.1
435 silly placeDep ROOT @netlify/edge-bundler@16.1.1 OK for: netlify-cli@27.10.2 want: ^16.1.1
436 silly placeDep ROOT @netlify/edge-functions@4.0.1 OK for: netlify-cli@27.10.2 want: ^4.0.0
437 silly placeDep ROOT @netlify/edge-functions-bootstrap@3.2.0 OK for: netlify-cli@27.10.2 want: ^3.2.0
438 silly placeDep ROOT @netlify/headers-parser@10.1.1 OK for: netlify-cli@27.10.2 want: ^10.1.1
439 silly placeDep ROOT @netlify/images@2.0.2 OK for: netlify-cli@27.10.2 want: ^2.0.1
440 silly placeDep ROOT @netlify/local-functions-proxy@2.0.3 OK for: netlify-cli@27.10.2 want: ^2.0.3
441 silly placeDep ROOT @netlify/redirect-parser@16.1.1 OK for: netlify-cli@27.10.2 want: ^16.1.1
442 silly placeDep ROOT @netlify/server-dev@0.1.2 OK for: netlify-cli@27.10.2 want: ^0.1.1
443 silly placeDep ROOT @netlify/zip-it-and-ship-it@16.2.3 OK for: netlify-cli@27.10.2 want: ^16.2.3
444 silly placeDep ROOT @octokit/rest@22.0.1 OK for: netlify-cli@27.10.2 want: ^22.0.0
445 silly placeDep ROOT @pnpm/tabtab@0.5.4 OK for: netlify-cli@27.10.2 want: ^0.5.4
446 silly placeDep ROOT ansi-escapes@7.3.0 OK for: netlify-cli@27.10.2 want: ^7.3.0
447 silly placeDep ROOT ansi-to-html@0.7.2 OK for: netlify-cli@27.10.2 want: ^0.7.2
448 silly placeDep ROOT ascii-table@0.0.9 OK for: netlify-cli@27.10.2 want: ^0.0.9
449 silly placeDep ROOT backoff@2.5.0 OK for: netlify-cli@27.10.2 want: ^2.5.0
450 silly placeDep ROOT boxen@8.0.1 OK for: netlify-cli@27.10.2 want: ^8.0.1
451 silly placeDep ROOT chalk@6.0.1 OK for: netlify-cli@27.10.2 want: ^6.0.0
452 silly placeDep ROOT chokidar@5.0.0 OK for: netlify-cli@27.10.2 want: ^5.0.0
453 silly placeDep ROOT ci-info@4.4.0 OK for: netlify-cli@27.10.2 want: ^4.4.0
454 silly placeDep ROOT clean-deep@3.4.0 OK for: netlify-cli@27.10.2 want: ^3.4.0
455 silly placeDep ROOT commander@12.1.0 OK for: netlify-cli@27.10.2 want: ^12.1.0
456 silly placeDep ROOT comment-json@5.0.0 OK for: netlify-cli@27.10.2 want: ^5.0.0
457 silly placeDep ROOT content-type@1.0.5 OK for: netlify-cli@27.10.2 want: ^1.0.5
458 silly placeDep ROOT cookie@2.0.1 OK for: netlify-cli@27.10.2 want: ^2.0.0
459 silly placeDep ROOT cron-parser@5.10.1 OK for: netlify-cli@27.10.2 want: ^5.0.0
460 silly placeDep ROOT debug@4.4.3 OK for: netlify-cli@27.10.2 want: ^4.4.3
461 silly placeDep ROOT decache@4.6.2 OK for: netlify-cli@27.10.2 want: ^4.6.2
462 silly placeDep ROOT dot-prop@10.2.0 OK for: netlify-cli@27.10.2 want: ^10.1.0
463 silly placeDep ROOT dotenv@17.4.2 OK for: netlify-cli@27.10.2 want: ^17.3.1
464 silly placeDep ROOT env-paths@4.0.0 OK for: netlify-cli@27.10.2 want: ^4.0.0
465 silly placeDep ROOT envinfo@7.21.0 OK for: netlify-cli@27.10.2 want: ^7.21.0
466 silly placeDep ROOT etag@1.8.1 OK for: netlify-cli@27.10.2 want: ^1.8.1
467 silly placeDep ROOT execa@5.1.1 OK for: netlify-cli@27.10.2 want: ^5.1.1
468 silly placeDep ROOT express@5.2.1 OK for: netlify-cli@27.10.2 want: ^5.2.1
469 silly placeDep ROOT express-logging@1.1.1 OK for: netlify-cli@27.10.2 want: ^1.1.1
470 silly placeDep ROOT fastest-levenshtein@1.0.16 OK for: netlify-cli@27.10.2 want: ^1.0.16
471 silly placeDep ROOT fastify@5.12.5 OK for: netlify-cli@27.10.2 want: ^5.8.5
472 silly placeDep ROOT find-up@8.0.0 OK for: netlify-cli@27.10.2 want: ^8.0.0
473 silly placeDep ROOT folder-walker@3.2.0 OK for: netlify-cli@27.10.2 want: ^3.2.0
474 silly placeDep ROOT fuzzy@0.1.3 OK for: netlify-cli@27.10.2 want: ^0.1.3
475 silly placeDep ROOT get-port@5.1.1 OK for: netlify-cli@27.10.2 want: ^5.1.1
476 silly placeDep ROOT git-repo-info@2.1.1 OK for: netlify-cli@27.10.2 want: ^2.1.1
477 silly placeDep ROOT gitconfiglocal@2.1.0 OK for: netlify-cli@27.10.2 want: ^2.1.0
478 silly placeDep ROOT http-proxy@1.18.1 OK for: netlify-cli@27.10.2 want: ^1.18.1
479 silly placeDep ROOT http-proxy-middleware@3.0.7 OK for: netlify-cli@27.10.2 want: ^3.0.5
480 silly placeDep ROOT https-proxy-agent@8.0.0 OK for: netlify-cli@27.10.2 want: ^8.0.0
481 silly placeDep ROOT inquirer@8.2.7 OK for: netlify-cli@27.10.2 want: ^8.2.7
482 silly placeDep ROOT inquirer-autocomplete-prompt@1.4.0 OK for: netlify-cli@27.10.2 want: ^1.4.0
483 silly placeDep ROOT is-docker@4.0.0 OK for: netlify-cli@27.10.2 want: ^4.0.0
484 silly placeDep ROOT is-stream@4.0.1 OK for: netlify-cli@27.10.2 want: ^4.0.1
485 silly placeDep ROOT is-wsl@3.1.1 OK for: netlify-cli@27.10.2 want: ^3.1.0
486 silly placeDep ROOT isexe@4.0.0 OK for: netlify-cli@27.10.2 want: ^4.0.0
487 silly placeDep ROOT jsonwebtoken@9.0.3 OK for: netlify-cli@27.10.2 want: ^9.0.3
488 silly placeDep ROOT jwt-decode@4.0.0 OK for: netlify-cli@27.10.2 want: ^4.0.0
489 silly placeDep ROOT lambda-local@2.2.0 OK for: netlify-cli@27.10.2 want: ^2.2.0
490 silly placeDep ROOT locate-path@8.0.0 OK for: netlify-cli@27.10.2 want: ^8.0.0
491 silly placeDep ROOT log-update@8.0.0 OK for: netlify-cli@27.10.2 want: ^8.0.0
492 silly placeDep ROOT maxstache@1.0.7 OK for: netlify-cli@27.10.2 want: ^1.0.7
493 silly placeDep ROOT maxstache-stream@1.0.4 OK for: netlify-cli@27.10.2 want: ^1.0.4
494 silly placeDep ROOT modern-tar@0.8.5 OK for: netlify-cli@27.10.2 want: ^0.8.0
495 silly placeDep ROOT multiparty@4.3.1 OK for: netlify-cli@27.10.2 want: ^4.2.3
496 silly placeDep ROOT nanospinner@1.2.2 OK for: netlify-cli@27.10.2 want: ^1.2.2
497 silly placeDep ROOT netlify-redirector@0.5.0 OK for: netlify-cli@27.10.2 want: ^0.5.0
498 silly placeDep ROOT node-fetch@3.3.2 OK for: netlify-cli@27.10.2 want: ^3.3.2
499 silly placeDep ROOT normalize-package-data@7.0.1 OK for: netlify-cli@27.10.2 want: ^7.0.1
500 silly placeDep ROOT open@11.0.4 OK for: netlify-cli@27.10.2 want: ^11.0.0
501 silly placeDep ROOT p-filter@4.1.0 OK for: netlify-cli@27.10.2 want: ^4.1.0
502 silly placeDep ROOT p-map@7.0.8 OK for: netlify-cli@27.10.2 want: ^7.0.3
503 silly placeDep ROOT p-wait-for@6.0.0 OK for: netlify-cli@27.10.2 want: ^6.0.0
504 silly placeDep ROOT parallel-transform@1.2.0 OK for: netlify-cli@27.10.2 want: ^1.2.0
505 silly placeDep ROOT parse-duration@2.1.9 OK for: netlify-cli@27.10.2 want: ^2.1.6
506 silly placeDep ROOT parse-github-url@1.0.4 OK for: netlify-cli@27.10.2 want: ^1.0.3
507 silly placeDep ROOT pg@8.23.1 OK for: netlify-cli@27.10.2 want: ^8.20.0
508 silly placeDep ROOT prettyjson@1.2.5 OK for: netlify-cli@27.10.2 want: ^1.2.5
509 silly placeDep ROOT raw-body@4.0.0 OK for: netlify-cli@27.10.2 want: ^4.0.0
510 silly placeDep ROOT read-package-up@12.0.0 OK for: netlify-cli@27.10.2 want: ^12.0.0
511 silly placeDep ROOT readdirp@5.1.1 OK for: netlify-cli@27.10.2 want: ^5.0.0
512 silly placeDep ROOT semver@7.8.5 OK for: netlify-cli@27.10.2 want: ^7.7.2
513 silly placeDep ROOT source-map-support@0.5.21 OK for: netlify-cli@27.10.2 want: ^0.5.21
514 silly placeDep ROOT terminal-link@5.0.0 OK for: netlify-cli@27.10.2 want: ^5.0.0
515 silly placeDep ROOT toml@4.3.0 OK for: netlify-cli@27.10.2 want: ^4.0.0
516 silly placeDep ROOT tomlify-j0.4@3.0.0 OK for: netlify-cli@27.10.2 want: ^3.0.0
517 silly placeDep ROOT ulid@3.0.2 OK for: netlify-cli@27.10.2 want: ^3.0.1
518 silly placeDep ROOT update-notifier@7.3.1 OK for: netlify-cli@27.10.2 want: ^7.3.1
519 silly placeDep ROOT write-file-atomic@5.0.1 OK for: netlify-cli@27.10.2 want: ^5.0.1
520 silly placeDep ROOT ws@8.22.0 OK for: netlify-cli@27.10.2 want: ^8.19.0
521 silly placeDep ROOT yauzl@3.4.0 OK for: netlify-cli@27.10.2 want: ^3.3.1
522 silly fetch manifest glob@^13.0.0
523 silly packumentCache full:https://registry.npmjs.org/glob cache-miss
524 silly fetch manifest fastq@^1.17.1
525 silly packumentCache full:https://registry.npmjs.org/fastq cache-miss
526 silly fetch manifest @fastify/send@^4.0.0
527 silly packumentCache full:https://registry.npmjs.org/@fastify%2fsend cache-miss
528 http fetch GET 200 https://registry.npmjs.org/fastq 110ms (cache miss)
529 silly packumentCache full:https://registry.npmjs.org/fastq set size:undefined disposed:false
530 silly fetch manifest @fastify/error@^4.0.0
531 silly packumentCache full:https://registry.npmjs.org/@fastify%2ferror cache-miss
532 http fetch GET 200 https://registry.npmjs.org/glob 145ms (cache miss)
533 silly packumentCache full:https://registry.npmjs.org/glob set size:undefined disposed:false
534 silly fetch manifest fastify-plugin@^6.0.0
535 silly packumentCache full:https://registry.npmjs.org/fastify-plugin cache-miss
536 http fetch GET 200 https://registry.npmjs.org/@fastify%2ferror 71ms (cache miss)
537 silly packumentCache full:https://registry.npmjs.org/@fastify%2ferror set size:undefined disposed:false
538 silly fetch manifest content-disposition@^3.0.0
539 silly packumentCache full:https://registry.npmjs.org/content-disposition cache-miss
540 http fetch GET 200 https://registry.npmjs.org/fastify-plugin 94ms (cache miss)
541 silly packumentCache full:https://registry.npmjs.org/fastify-plugin set size:undefined disposed:false
542 silly fetch manifest @fastify/accept-negotiator@^2.0.0
543 silly packumentCache full:https://registry.npmjs.org/@fastify%2faccept-negotiator cache-miss
544 http fetch GET 200 https://registry.npmjs.org/content-disposition 82ms (cache miss)
545 silly packumentCache full:https://registry.npmjs.org/content-disposition set size:undefined disposed:false
546 silly fetch manifest @netlify/open-api@^2.57.0
547 silly packumentCache full:https://registry.npmjs.org/@netlify%2fopen-api cache-miss
548 http fetch GET 200 https://registry.npmjs.org/@fastify%2fsend 293ms (cache miss)
549 silly packumentCache full:https://registry.npmjs.org/@fastify%2fsend set size:undefined disposed:false
550 silly fetch manifest node-fetch@^3.0.0
551 silly packumentCache full:https://registry.npmjs.org/node-fetch cache-miss
552 http cache https://registry.npmjs.org/node-fetch 41ms (cache hit)
553 silly packumentCache full:https://registry.npmjs.org/node-fetch set size:896010 disposed:false
554 silly fetch manifest picoquery@^2.5.0
555 silly packumentCache full:https://registry.npmjs.org/picoquery cache-miss
556 http fetch GET 200 https://registry.npmjs.org/picoquery 269ms (cache miss)
557 silly packumentCache full:https://registry.npmjs.org/picoquery set size:undefined disposed:false
558 silly fetch manifest @netlify/otel@^7.0.3
559 silly packumentCache full:https://registry.npmjs.org/@netlify%2fotel cache-miss
560 http fetch GET 200 https://registry.npmjs.org/@fastify%2faccept-negotiator 468ms (cache miss)
561 silly packumentCache full:https://registry.npmjs.org/@fastify%2faccept-negotiator set size:undefined disposed:false
562 silly fetch manifest @netlify/dev-utils@6.0.2
563 silly packumentCache full:https://registry.npmjs.org/@netlify%2fdev-utils cache-miss
564 http cache https://registry.npmjs.org/@netlify%2fdev-utils 67ms (cache hit)
565 silly packumentCache full:https://registry.npmjs.org/@netlify%2fdev-utils set size:113729 disposed:false
566 silly fetch manifest @netlify/runtime-utils@3.0.0
567 silly packumentCache full:https://registry.npmjs.org/@netlify%2fruntime-utils cache-miss
568 http fetch GET 200 https://registry.npmjs.org/@netlify%2fopen-api 549ms (cache miss)
569 silly packumentCache full:https://registry.npmjs.org/@netlify%2fopen-api set size:undefined disposed:false
570 silly fetch manifest zod@^4.0.5
571 silly packumentCache full:https://registry.npmjs.org/zod cache-miss
572 http fetch GET 200 https://registry.npmjs.org/zod 237ms (cache miss)
573 silly packumentCache full:https://registry.npmjs.org/zod set size:undefined disposed:false
574 silly fetch manifest fdir@^6.0.1
575 silly packumentCache full:https://registry.npmjs.org/fdir cache-miss
576 http fetch GET 200 https://registry.npmjs.org/@netlify%2fotel 586ms (cache miss)
577 silly packumentCache full:https://registry.npmjs.org/@netlify%2fotel set size:undefined disposed:false
578 silly fetch manifest rfdc@^1.3.0
579 silly packumentCache full:https://registry.npmjs.org/rfdc cache-miss
580 http fetch GET 200 https://registry.npmjs.org/fdir 75ms (cache miss)
581 silly packumentCache full:https://registry.npmjs.org/fdir set size:undefined disposed:false
582 silly fetch manifest yaml@^2.8.0
583 silly packumentCache full:https://registry.npmjs.org/yaml cache-miss
584 http fetch GET 200 https://registry.npmjs.org/@netlify%2fruntime-utils 485ms (cache miss)
585 silly packumentCache full:https://registry.npmjs.org/@netlify%2fruntime-utils set size:undefined disposed:false
586 silly fetch manifest ansis@^4.1.0
587 silly packumentCache full:https://registry.npmjs.org/ansis cache-miss
588 http fetch GET 200 https://registry.npmjs.org/rfdc 99ms (cache miss)
589 silly packumentCache full:https://registry.npmjs.org/rfdc set size:undefined disposed:false
590 silly fetch manifest execa@^8.0.0
591 silly packumentCache full:https://registry.npmjs.org/execa cache-miss
592 http cache https://registry.npmjs.org/execa 44ms (cache hit)
593 silly packumentCache full:https://registry.npmjs.org/execa set size:188760 disposed:false
594 silly fetch manifest yargs@^17.6.0
595 silly packumentCache full:https://registry.npmjs.org/yargs cache-miss
596 http fetch GET 200 https://registry.npmjs.org/yaml 146ms (cache miss)
597 silly packumentCache full:https://registry.npmjs.org/yaml set size:undefined disposed:false
598 silly fetch manifest ignore@^7.0.0
599 silly packumentCache full:https://registry.npmjs.org/ignore cache-miss
600 http fetch GET 200 https://registry.npmjs.org/ansis 138ms (cache miss)
601 silly packumentCache full:https://registry.npmjs.org/ansis set size:undefined disposed:false
602 silly fetch manifest semver@^7.3.8
603 silly packumentCache full:https://registry.npmjs.org/semver cache-miss
604 http cache https://registry.npmjs.org/semver 49ms (cache hit)
605 silly packumentCache full:https://registry.npmjs.org/semver set size:246128 disposed:false
606 silly fetch manifest figures@^6.0.0
607 silly packumentCache full:https://registry.npmjs.org/figures cache-miss
608 http fetch GET 200 https://registry.npmjs.org/ignore 117ms (cache miss)
609 silly packumentCache full:https://registry.npmjs.org/ignore set size:undefined disposed:false
610 silly fetch manifest os-name@^6.0.0
611 silly packumentCache full:https://registry.npmjs.org/os-name cache-miss
612 http fetch GET 200 https://registry.npmjs.org/yargs 195ms (cache miss)
613 silly packumentCache full:https://registry.npmjs.org/yargs set size:undefined disposed:false
614 silly fetch manifest ps-list@^8.0.0
615 silly packumentCache full:https://registry.npmjs.org/ps-list cache-miss
616 http fetch GET 200 https://registry.npmjs.org/figures 118ms (cache miss)
617 silly packumentCache full:https://registry.npmjs.org/figures set size:undefined disposed:false
618 silly fetch manifest resolve@^2.0.0-next.5
619 silly packumentCache full:https://registry.npmjs.org/resolve cache-miss
620 http fetch GET 200 https://registry.npmjs.org/resolve 71ms (cache miss)
621 silly packumentCache full:https://registry.npmjs.org/resolve set size:undefined disposed:false
622 silly fetch manifest ts-node@^10.9.1
623 silly packumentCache full:https://registry.npmjs.org/ts-node cache-miss
624 http fetch GET 200 https://registry.npmjs.org/os-name 271ms (cache miss)
625 silly packumentCache full:https://registry.npmjs.org/os-name set size:undefined disposed:false
626 silly fetch manifest p-reduce@^3.0.0
627 silly packumentCache full:https://registry.npmjs.org/p-reduce cache-miss
628 http fetch GET 200 https://registry.npmjs.org/ps-list 267ms (cache miss)
629 silly packumentCache full:https://registry.npmjs.org/ps-list set size:undefined disposed:false
630 silly fetch manifest readdirp@^4.0.0
631 silly packumentCache full:https://registry.npmjs.org/readdirp cache-miss
632 http fetch GET 200 https://registry.npmjs.org/ts-node 182ms (cache miss)
633 silly packumentCache full:https://registry.npmjs.org/ts-node set size:undefined disposed:false
634 silly fetch manifest hot-shots@11.4.0
635 silly packumentCache full:https://registry.npmjs.org/hot-shots cache-miss
636 http fetch GET 200 https://registry.npmjs.org/p-reduce 89ms (cache miss)
637 silly packumentCache full:https://registry.npmjs.org/p-reduce set size:undefined disposed:false
638 silly fetch manifest minimatch@^10.2.4
639 silly packumentCache full:https://registry.npmjs.org/minimatch cache-miss
640 http cache https://registry.npmjs.org/readdirp 56ms (cache hit)
641 silly packumentCache full:https://registry.npmjs.org/readdirp set size:110119 disposed:false
642 silly fetch manifest pretty-ms@^9.0.0
643 silly packumentCache full:https://registry.npmjs.org/pretty-ms cache-miss
644 http fetch GET 200 https://registry.npmjs.org/minimatch 77ms (cache miss)
645 silly packumentCache full:https://registry.npmjs.org/minimatch set size:undefined disposed:false
646 silly fetch manifest typescript@^5.0.0
647 silly packumentCache full:https://registry.npmjs.org/typescript cache-miss
648 http fetch GET 200 https://registry.npmjs.org/pretty-ms 276ms (cache miss)
649 silly packumentCache full:https://registry.npmjs.org/pretty-ms set size:undefined disposed:false
650 silly fetch manifest @bugsnag/js@^8.0.0
651 silly packumentCache full:https://registry.npmjs.org/@bugsnag%2fjs cache-miss
652 http fetch GET 200 https://registry.npmjs.org/hot-shots 333ms (cache miss)
653 silly packumentCache full:https://registry.npmjs.org/hot-shots set size:undefined disposed:false
654 silly fetch manifest memoize-one@^6.0.0
655 silly packumentCache full:https://registry.npmjs.org/memoize-one cache-miss
656 http fetch GET 200 https://registry.npmjs.org/memoize-one 104ms (cache miss)
657 silly packumentCache full:https://registry.npmjs.org/memoize-one set size:undefined disposed:false
658 silly fetch manifest indent-string@^5.0.0
659 silly packumentCache full:https://registry.npmjs.org/indent-string cache-miss
660 http fetch GET 200 https://registry.npmjs.org/indent-string 225ms (cache miss)
661 silly packumentCache full:https://registry.npmjs.org/indent-string set size:undefined disposed:false
662 silly fetch manifest terminal-link@^4.0.0
663 silly packumentCache full:https://registry.npmjs.org/terminal-link cache-miss
664 http cache https://registry.npmjs.org/terminal-link 130ms (cache hit)
665 silly packumentCache full:https://registry.npmjs.org/terminal-link set size:26728 disposed:false
666 silly fetch manifest supports-color@^11.0.0
667 silly packumentCache full:https://registry.npmjs.org/supports-color cache-miss
668 http fetch GET 200 https://registry.npmjs.org/supports-color 126ms (cache miss)
669 silly packumentCache full:https://registry.npmjs.org/supports-color set size:undefined disposed:false
670 silly fetch manifest keep-func-props@^6.0.0
671 silly packumentCache full:https://registry.npmjs.org/keep-func-props cache-miss
672 http fetch GET 200 https://registry.npmjs.org/@bugsnag%2fjs 711ms (cache miss)
673 silly packumentCache full:https://registry.npmjs.org/@bugsnag%2fjs set size:undefined disposed:false
674 silly fetch manifest read-package-up@^11.0.0
675 silly packumentCache full:https://registry.npmjs.org/read-package-up cache-miss
676 http cache https://registry.npmjs.org/read-package-up 33ms (cache hit)
677 silly packumentCache full:https://registry.npmjs.org/read-package-up set size:6671 disposed:false
678 silly fetch manifest fast-string-width@^3.0.2
679 silly packumentCache full:https://registry.npmjs.org/fast-string-width cache-miss
680 http fetch GET 200 https://registry.npmjs.org/fast-string-width 61ms (cache miss)
681 silly packumentCache full:https://registry.npmjs.org/fast-string-width set size:undefined disposed:false
682 silly fetch manifest package-directory@^8.0.0
683 silly packumentCache full:https://registry.npmjs.org/package-directory cache-miss
684 http fetch GET 200 https://registry.npmjs.org/keep-func-props 273ms (cache miss)
685 silly packumentCache full:https://registry.npmjs.org/keep-func-props set size:undefined disposed:false
686 silly fetch manifest @netlify/git-utils@^7.1.1
687 silly packumentCache full:https://registry.npmjs.org/@netlify%2fgit-utils cache-miss
688 http fetch GET 200 https://registry.npmjs.org/package-directory 252ms (cache miss)
689 silly packumentCache full:https://registry.npmjs.org/package-directory set size:undefined disposed:false
690 silly fetch manifest @netlify/run-utils@^7.1.0
691 silly packumentCache full:https://registry.npmjs.org/@netlify%2frun-utils cache-miss
692 http fetch GET 200 https://registry.npmjs.org/typescript 1312ms (cache miss)
693 silly packumentCache full:https://registry.npmjs.org/typescript set size:undefined disposed:false
694 silly fetch manifest log-process-errors@^11.0.0
695 silly packumentCache full:https://registry.npmjs.org/log-process-errors cache-miss
696 http fetch GET 200 https://registry.npmjs.org/@netlify%2fgit-utils 798ms (cache miss)
697 silly packumentCache full:https://registry.npmjs.org/@netlify%2fgit-utils set size:undefined disposed:false
698 silly fetch manifest safe-json-stringify@^1.2.0
699 silly packumentCache full:https://registry.npmjs.org/safe-json-stringify cache-miss
700 http fetch GET 200 https://registry.npmjs.org/@netlify%2frun-utils 693ms (cache miss)
701 silly packumentCache full:https://registry.npmjs.org/@netlify%2frun-utils set size:undefined disposed:false
702 silly fetch manifest @netlify/cache-utils@^7.1.2
703 silly packumentCache full:https://registry.npmjs.org/@netlify%2fcache-utils cache-miss
704 http fetch GET 200 https://registry.npmjs.org/safe-json-stringify 56ms (cache miss)
705 silly packumentCache full:https://registry.npmjs.org/safe-json-stringify set size:undefined disposed:false
706 silly fetch manifest @netlify/edge-bundler@16.1.1
707 silly packumentCache full:https://registry.npmjs.org/@netlify%2fedge-bundler cache-miss
708 http cache https://registry.npmjs.org/@netlify%2fedge-bundler 30ms (cache hit)
709 silly packumentCache full:https://registry.npmjs.org/@netlify%2fedge-bundler set size:1032102 disposed:false
710 silly fetch manifest @netlify/plugins-list@^6.81.6
711 silly packumentCache full:https://registry.npmjs.org/@netlify%2fplugins-list cache-miss
712 http fetch GET 200 https://registry.npmjs.org/log-process-errors 286ms (cache miss)
713 silly packumentCache full:https://registry.npmjs.org/log-process-errors set size:undefined disposed:false
714 silly fetch manifest @sindresorhus/slugify@^2.0.0
715 silly packumentCache full:https://registry.npmjs.org/@sindresorhus%2fslugify cache-miss
716 http fetch GET 200 https://registry.npmjs.org/@sindresorhus%2fslugify 249ms (cache miss)
717 silly packumentCache full:https://registry.npmjs.org/@sindresorhus%2fslugify set size:undefined disposed:false
718 silly fetch manifest @netlify/functions-utils@^7.1.15
719 silly packumentCache full:https://registry.npmjs.org/@netlify%2ffunctions-utils cache-miss
720 http fetch GET 200 https://registry.npmjs.org/@netlify%2fcache-utils 634ms (cache miss)
721 silly packumentCache full:https://registry.npmjs.org/@netlify%2fcache-utils set size:undefined disposed:false
722 silly fetch manifest @netlify/zip-it-and-ship-it@16.2.3
723 silly packumentCache full:https://registry.npmjs.org/@netlify%2fzip-it-and-ship-it cache-miss
724 http cache https://registry.npmjs.org/@netlify%2fzip-it-and-ship-it 41ms (cache hit)
725 silly packumentCache full:https://registry.npmjs.org/@netlify%2fzip-it-and-ship-it set size:2080426 disposed:false
726 silly fetch manifest @netlify/opentelemetry-utils@^4.0.0
727 silly packumentCache full:https://registry.npmjs.org/@netlify%2fopentelemetry-utils cache-miss
728 http fetch GET 200 https://registry.npmjs.org/@netlify%2fplugins-list 671ms (cache miss)
729 silly packumentCache full:https://registry.npmjs.org/@netlify%2fplugins-list set size:undefined disposed:false
730 silly fetch manifest dot-prop@^9.0.0
731 silly packumentCache full:https://registry.npmjs.org/dot-prop cache-miss
732 http cache https://registry.npmjs.org/dot-prop 27ms (cache hit)
733 silly packumentCache full:https://registry.npmjs.org/dot-prop set size:77505 disposed:false
734 silly fetch manifest find-up@^7.0.0
735 silly packumentCache full:https://registry.npmjs.org/find-up cache-miss
736 http cache https://registry.npmjs.org/find-up 17ms (cache hit)
737 silly packumentCache full:https://registry.npmjs.org/find-up set size:42620 disposed:false
738 silly fetch manifest lockparse@^0.5.2
739 silly packumentCache full:https://registry.npmjs.org/lockparse cache-miss
740 http fetch GET 200 https://registry.npmjs.org/lockparse 242ms (cache miss)
741 silly packumentCache full:https://registry.npmjs.org/lockparse set size:undefined disposed:false
742 silly fetch manifest read-pkg@^9.0.0
743 silly packumentCache full:https://registry.npmjs.org/read-pkg cache-miss
744 http fetch GET 200 https://registry.npmjs.org/@netlify%2ffunctions-utils 664ms (cache miss)
745 silly packumentCache full:https://registry.npmjs.org/@netlify%2ffunctions-utils set size:undefined disposed:false
746 silly fetch manifest smol-toml@^1.5.2
747 silly packumentCache full:https://registry.npmjs.org/smol-toml cache-miss
748 http fetch GET 200 https://registry.npmjs.org/read-pkg 108ms (cache miss)
749 silly packumentCache full:https://registry.npmjs.org/read-pkg set size:undefined disposed:false
750 silly fetch manifest map-obj@^5.0.0
751 silly packumentCache full:https://registry.npmjs.org/map-obj cache-miss
752 http fetch GET 200 https://registry.npmjs.org/map-obj 64ms (cache miss)
753 silly packumentCache full:https://registry.npmjs.org/map-obj set size:undefined disposed:false
754 silly fetch manifest p-locate@^6.0.0
755 silly packumentCache full:https://registry.npmjs.org/p-locate cache-miss
756 http fetch GET 200 https://registry.npmjs.org/smol-toml 109ms (cache miss)
757 silly packumentCache full:https://registry.npmjs.org/smol-toml set size:undefined disposed:false
758 silly fetch manifest deepmerge@^4.2.2
759 silly packumentCache full:https://registry.npmjs.org/deepmerge cache-miss
760 http fetch GET 200 https://registry.npmjs.org/@netlify%2fopentelemetry-utils 602ms (cache miss)
761 silly packumentCache full:https://registry.npmjs.org/@netlify%2fopentelemetry-utils set size:undefined disposed:false
762 silly fetch manifest path-type@^6.0.0
763 silly packumentCache full:https://registry.npmjs.org/path-type cache-miss
764 http fetch GET 200 https://registry.npmjs.org/p-locate 71ms (cache miss)
765 silly packumentCache full:https://registry.npmjs.org/p-locate set size:undefined disposed:false
766 silly fetch manifest filter-obj@^6.0.0
767 silly packumentCache full:https://registry.npmjs.org/filter-obj cache-miss
768 http fetch GET 200 https://registry.npmjs.org/path-type 48ms (cache miss)
769 silly packumentCache full:https://registry.npmjs.org/path-type set size:undefined disposed:false
770 silly fetch manifest is-plain-obj@^4.0.0
771 silly packumentCache full:https://registry.npmjs.org/is-plain-obj cache-miss
772 http fetch GET 200 https://registry.npmjs.org/filter-obj 75ms (cache miss)
773 silly packumentCache full:https://registry.npmjs.org/filter-obj set size:undefined disposed:false
774 silly fetch manifest fast-safe-stringify@^2.0.7
775 silly packumentCache full:https://registry.npmjs.org/fast-safe-stringify cache-miss
776 http fetch GET 200 https://registry.npmjs.org/is-plain-obj 80ms (cache miss)
777 silly packumentCache full:https://registry.npmjs.org/is-plain-obj set size:undefined disposed:false
778 silly fetch manifest validate-npm-package-name@^5.0.0
779 silly packumentCache full:https://registry.npmjs.org/validate-npm-package-name cache-miss
780 http fetch GET 200 https://registry.npmjs.org/fast-safe-stringify 64ms (cache miss)
781 silly packumentCache full:https://registry.npmjs.org/fast-safe-stringify set size:undefined disposed:false
782 silly fetch manifest ulid@^3.0.0
783 silly packumentCache full:https://registry.npmjs.org/ulid cache-miss
784 http cache https://registry.npmjs.org/ulid 55ms (cache hit)
785 silly packumentCache full:https://registry.npmjs.org/ulid set size:40033 disposed:false
786 silly fetch manifest @netlify/images@2.0.2
787 silly packumentCache full:https://registry.npmjs.org/@netlify%2fimages cache-miss
788 http fetch GET 200 https://registry.npmjs.org/validate-npm-package-name 160ms (cache miss)
789 silly packumentCache full:https://registry.npmjs.org/validate-npm-package-name set size:undefined disposed:false
790 silly fetch manifest @netlify/static@4.0.0
791 silly packumentCache full:https://registry.npmjs.org/@netlify%2fstatic cache-miss
792 http fetch GET 200 https://registry.npmjs.org/deepmerge 361ms (cache miss)
793 silly packumentCache full:https://registry.npmjs.org/deepmerge set size:undefined disposed:false
794 silly fetch manifest @netlify/headers@3.0.2
795 silly packumentCache full:https://registry.npmjs.org/@netlify%2fheaders cache-miss
796 http cache https://registry.npmjs.org/@netlify%2fimages 207ms (cache hit)
797 silly packumentCache full:https://registry.npmjs.org/@netlify%2fimages set size:80220 disposed:false
798 silly fetch manifest @netlify/runtime@5.0.6
799 silly packumentCache full:https://registry.npmjs.org/@netlify%2fruntime cache-miss
800 http fetch GET 200 https://registry.npmjs.org/@netlify%2fstatic 618ms (cache miss)
801 silly packumentCache full:https://registry.npmjs.org/@netlify%2fstatic set size:undefined disposed:false
802 silly fetch manifest @netlify/redirects@4.0.3
803 silly packumentCache full:https://registry.npmjs.org/@netlify%2fredirects cache-miss
804 http fetch GET 200 https://registry.npmjs.org/@netlify%2fheaders 604ms (cache miss)
805 silly packumentCache full:https://registry.npmjs.org/@netlify%2fheaders set size:undefined disposed:false
806 silly fetch manifest @netlify/server-dev@0.1.2
807 silly packumentCache full:https://registry.npmjs.org/@netlify%2fserver-dev cache-miss
808 http cache https://registry.npmjs.org/@netlify%2fserver-dev 15ms (cache hit)
809 silly packumentCache full:https://registry.npmjs.org/@netlify%2fserver-dev set size:5654 disposed:false
810 silly fetch manifest @netlify/database-dev@1.0.1
811 silly packumentCache full:https://registry.npmjs.org/@netlify%2fdatabase-dev cache-miss
812 http fetch GET 200 https://registry.npmjs.org/@netlify%2fruntime 589ms (cache miss)
813 silly packumentCache full:https://registry.npmjs.org/@netlify%2fruntime set size:undefined disposed:false
814 silly fetch manifest @netlify/functions-dev@2.0.9
815 silly packumentCache full:https://registry.npmjs.org/@netlify%2ffunctions-dev cache-miss
816 http fetch GET 200 https://registry.npmjs.org/@netlify%2fredirects 604ms (cache miss)
817 silly packumentCache full:https://registry.npmjs.org/@netlify%2fredirects set size:undefined disposed:false
818 silly fetch manifest @netlify/edge-functions-dev@2.0.2
819 silly packumentCache full:https://registry.npmjs.org/@netlify%2fedge-functions-dev cache-miss
820 http fetch GET 200 https://registry.npmjs.org/@netlify%2fdatabase-dev 584ms (cache miss)
821 silly packumentCache full:https://registry.npmjs.org/@netlify%2fdatabase-dev set size:undefined disposed:false
822 silly fetch manifest dettle@^1.0.5
823 silly packumentCache full:https://registry.npmjs.org/dettle cache-miss
824 http fetch GET 200 https://registry.npmjs.org/@netlify%2ffunctions-dev 583ms (cache miss)
825 silly packumentCache full:https://registry.npmjs.org/@netlify%2ffunctions-dev set size:undefined disposed:false
826 silly fetch manifest dot-prop@9.0.0
827 silly packumentCache full:https://registry.npmjs.org/dot-prop cache-hit
828 silly fetch manifest empathic@^2.0.0
829 silly packumentCache full:https://registry.npmjs.org/empathic cache-miss
830 http fetch GET 200 https://registry.npmjs.org/empathic 65ms (cache miss)
831 silly packumentCache full:https://registry.npmjs.org/empathic set size:undefined disposed:false
832 silly fetch manifest env-paths@^3.0.0
833 silly packumentCache full:https://registry.npmjs.org/env-paths cache-miss
834 http cache https://registry.npmjs.org/env-paths 43ms (cache hit)
835 silly packumentCache full:https://registry.npmjs.org/env-paths set size:26913 disposed:false
836 silly fetch manifest atomically@^2.0.3
837 silly packumentCache full:https://registry.npmjs.org/atomically cache-miss
838 http fetch GET 200 https://registry.npmjs.org/dettle 249ms (cache miss)
839 silly packumentCache full:https://registry.npmjs.org/dettle set size:undefined disposed:false
840 silly fetch manifest parse-gitignore@^2.0.0
841 silly packumentCache full:https://registry.npmjs.org/parse-gitignore cache-miss
842 http fetch GET 200 https://registry.npmjs.org/atomically 67ms (cache miss)
843 silly packumentCache full:https://registry.npmjs.org/atomically set size:undefined disposed:false
844 silly fetch manifest @whatwg-node/server@^0.11.0
845 silly packumentCache full:https://registry.npmjs.org/@whatwg-node%2fserver cache-miss
846 http fetch GET 200 https://registry.npmjs.org/parse-gitignore 49ms (cache miss)
847 silly packumentCache full:https://registry.npmjs.org/parse-gitignore set size:undefined disposed:false
848 silly fetch manifest ajv@^8.11.2
849 silly packumentCache full:https://registry.npmjs.org/ajv cache-miss
850 http fetch GET 200 https://registry.npmjs.org/ajv 106ms (cache miss)
851 silly packumentCache full:https://registry.npmjs.org/ajv set size:undefined disposed:false
852 silly fetch manifest tar@^7.5.12
853 silly packumentCache full:https://registry.npmjs.org/tar cache-miss
854 http fetch GET 200 https://registry.npmjs.org/tar 74ms (cache miss)
855 silly packumentCache full:https://registry.npmjs.org/tar set size:undefined disposed:false
856 silly fetch manifest acorn@^8.15.0
857 silly packumentCache full:https://registry.npmjs.org/acorn cache-miss
858 http fetch GET 200 https://registry.npmjs.org/@netlify%2fedge-functions-dev 637ms (cache miss)
859 silly packumentCache full:https://registry.npmjs.org/@netlify%2fedge-functions-dev set size:undefined disposed:false
860 silly fetch manifest esbuild@0.28.1
861 silly packumentCache full:https://registry.npmjs.org/esbuild cache-miss
862 http fetch GET 200 https://registry.npmjs.org/acorn 291ms (cache miss)
863 silly packumentCache full:https://registry.npmjs.org/acorn set size:undefined disposed:false
864 silly fetch manifest p-retry@^6.0.0
865 silly packumentCache full:https://registry.npmjs.org/p-retry cache-miss
866 http fetch GET 200 https://registry.npmjs.org/p-retry 112ms (cache miss)
867 silly packumentCache full:https://registry.npmjs.org/p-retry set size:undefined disposed:false
868 silly fetch manifest ajv-errors@^3.0.0
869 silly packumentCache full:https://registry.npmjs.org/ajv-errors cache-miss
870 http fetch GET 200 https://registry.npmjs.org/esbuild 433ms (cache miss)
871 silly packumentCache full:https://registry.npmjs.org/esbuild set size:undefined disposed:false
872 silly fetch manifest tmp-promise@^3.0.3
873 silly packumentCache full:https://registry.npmjs.org/tmp-promise cache-miss
874 http fetch GET 200 https://registry.npmjs.org/ajv-errors 126ms (cache miss)
875 silly packumentCache full:https://registry.npmjs.org/ajv-errors set size:undefined disposed:false
876 silly fetch manifest parse-imports@^2.2.1
877 silly packumentCache full:https://registry.npmjs.org/parse-imports cache-miss
878 http fetch GET 200 https://registry.npmjs.org/tmp-promise 84ms (cache miss)
879 silly packumentCache full:https://registry.npmjs.org/tmp-promise set size:undefined disposed:false
880 silly fetch manifest node-stream-zip@^1.15.0
881 silly packumentCache full:https://registry.npmjs.org/node-stream-zip cache-miss
882 http fetch GET 200 https://registry.npmjs.org/parse-imports 62ms (cache miss)
883 silly packumentCache full:https://registry.npmjs.org/parse-imports set size:undefined disposed:false
884 silly fetch manifest better-ajv-errors@^1.2.0
885 silly packumentCache full:https://registry.npmjs.org/better-ajv-errors cache-miss
886 http fetch GET 200 https://registry.npmjs.org/node-stream-zip 128ms (cache miss)
887 silly packumentCache full:https://registry.npmjs.org/node-stream-zip set size:undefined disposed:false
888 silly fetch manifest common-path-prefix@^3.0.0
889 silly packumentCache full:https://registry.npmjs.org/common-path-prefix cache-miss
890 http fetch GET 200 https://registry.npmjs.org/@whatwg-node%2fserver 1054ms (cache miss)
891 silly packumentCache full:https://registry.npmjs.org/@whatwg-node%2fserver set size:undefined disposed:false
892 silly fetch manifest urlpattern-polyfill@8.0.2
893 silly packumentCache full:https://registry.npmjs.org/urlpattern-polyfill cache-miss
894 http fetch GET 200 https://registry.npmjs.org/common-path-prefix 166ms (cache miss)
895 silly packumentCache full:https://registry.npmjs.org/common-path-prefix set size:undefined disposed:false
896 silly fetch manifest @import-maps/resolve@^2.0.0
897 silly packumentCache full:https://registry.npmjs.org/@import-maps%2fresolve cache-miss
898 http fetch GET 200 https://registry.npmjs.org/better-ajv-errors 279ms (cache miss)
899 silly packumentCache full:https://registry.npmjs.org/better-ajv-errors set size:undefined disposed:false
900 silly fetch manifest @netlify/types@3.1.0
901 silly packumentCache full:https://registry.npmjs.org/@netlify%2ftypes cache-miss
902 http fetch GET 200 https://registry.npmjs.org/urlpattern-polyfill 266ms (cache miss)
903 silly packumentCache full:https://registry.npmjs.org/urlpattern-polyfill set size:undefined disposed:false
904 silly fetch manifest escape-string-regexp@^5.0.0
905 silly packumentCache full:https://registry.npmjs.org/escape-string-regexp cache-miss
906 http fetch GET 200 https://registry.npmjs.org/escape-string-regexp 57ms (cache miss)
907 silly packumentCache full:https://registry.npmjs.org/escape-string-regexp set size:undefined disposed:false
908 silly fetch manifest ipx@^3.1.1
909 silly packumentCache full:https://registry.npmjs.org/ipx cache-miss
910 http fetch GET 200 https://registry.npmjs.org/@import-maps%2fresolve 585ms (cache miss)
911 silly packumentCache full:https://registry.npmjs.org/@import-maps%2fresolve set size:undefined disposed:false
912 silly fetch manifest @netlify/local-functions-proxy-linux-arm@1.1.1
913 silly packumentCache full:https://registry.npmjs.org/@netlify%2flocal-functions-proxy-linux-arm cache-miss
914 http fetch GET 200 https://registry.npmjs.org/ipx 314ms (cache miss)
915 silly packumentCache full:https://registry.npmjs.org/ipx set size:undefined disposed:false
916 silly fetch manifest @netlify/local-functions-proxy-linux-x64@1.1.1
917 silly packumentCache full:https://registry.npmjs.org/@netlify%2flocal-functions-proxy-linux-x64 cache-miss
918 http fetch GET 200 https://registry.npmjs.org/@netlify%2ftypes 629ms (cache miss)
919 silly packumentCache full:https://registry.npmjs.org/@netlify%2ftypes set size:undefined disposed:false
920 silly fetch manifest @netlify/local-functions-proxy-win32-x64@1.1.1
921 silly packumentCache full:https://registry.npmjs.org/@netlify%2flocal-functions-proxy-win32-x64 cache-miss
922 http fetch GET 200 https://registry.npmjs.org/@netlify%2flocal-functions-proxy-linux-x64 565ms (cache miss)
923 silly packumentCache full:https://registry.npmjs.org/@netlify%2flocal-functions-proxy-linux-x64 set size:undefined disposed:false
924 silly fetch manifest @netlify/local-functions-proxy-darwin-x64@1.1.1
925 silly packumentCache full:https://registry.npmjs.org/@netlify%2flocal-functions-proxy-darwin-x64 cache-miss
926 http fetch GET 200 https://registry.npmjs.org/@netlify%2flocal-functions-proxy-linux-arm 598ms (cache miss)
927 silly packumentCache full:https://registry.npmjs.org/@netlify%2flocal-functions-proxy-linux-arm set size:undefined disposed:false
928 silly fetch manifest @netlify/local-functions-proxy-linux-ia32@1.1.1
929 silly packumentCache full:https://registry.npmjs.org/@netlify%2flocal-functions-proxy-linux-ia32 cache-miss
930 http fetch GET 200 https://registry.npmjs.org/@netlify%2flocal-functions-proxy-win32-x64 580ms (cache miss)
931 silly packumentCache full:https://registry.npmjs.org/@netlify%2flocal-functions-proxy-win32-x64 set size:undefined disposed:false
932 silly fetch manifest @netlify/local-functions-proxy-win32-ia32@1.1.1
933 silly packumentCache full:https://registry.npmjs.org/@netlify%2flocal-functions-proxy-win32-ia32 cache-miss
934 http fetch GET 200 https://registry.npmjs.org/@netlify%2flocal-functions-proxy-darwin-x64 574ms (cache miss)
935 silly packumentCache full:https://registry.npmjs.org/@netlify%2flocal-functions-proxy-darwin-x64 set size:undefined disposed:false
936 silly fetch manifest @netlify/local-functions-proxy-freebsd-x64@1.1.1
937 silly packumentCache full:https://registry.npmjs.org/@netlify%2flocal-functions-proxy-freebsd-x64 cache-miss
938 http fetch GET 200 https://registry.npmjs.org/@netlify%2flocal-functions-proxy-linux-ia32 662ms (cache miss)
939 silly packumentCache full:https://registry.npmjs.org/@netlify%2flocal-functions-proxy-linux-ia32 set size:undefined disposed:false
940 silly fetch manifest @netlify/local-functions-proxy-linux-arm64@1.1.1
941 silly packumentCache full:https://registry.npmjs.org/@netlify%2flocal-functions-proxy-linux-arm64 cache-miss
942 http fetch GET 200 https://registry.npmjs.org/@netlify%2flocal-functions-proxy-win32-ia32 642ms (cache miss)
943 silly packumentCache full:https://registry.npmjs.org/@netlify%2flocal-functions-proxy-win32-ia32 set size:undefined disposed:false
944 silly fetch manifest @netlify/local-functions-proxy-linux-ppc64@1.1.1
945 silly packumentCache full:https://registry.npmjs.org/@netlify%2flocal-functions-proxy-linux-ppc64 cache-miss
946 http fetch GET 200 https://registry.npmjs.org/@netlify%2flocal-functions-proxy-freebsd-x64 623ms (cache miss)
947 silly packumentCache full:https://registry.npmjs.org/@netlify%2flocal-functions-proxy-freebsd-x64 set size:undefined disposed:false
948 silly fetch manifest @netlify/local-functions-proxy-openbsd-x64@1.1.1
949 silly packumentCache full:https://registry.npmjs.org/@netlify%2flocal-functions-proxy-openbsd-x64 cache-miss
950 http fetch GET 200 https://registry.npmjs.org/@netlify%2flocal-functions-proxy-linux-ppc64 586ms (cache miss)
951 silly packumentCache full:https://registry.npmjs.org/@netlify%2flocal-functions-proxy-linux-ppc64 set size:undefined disposed:false
952 silly fetch manifest @netlify/local-functions-proxy-darwin-arm64@1.1.1
953 silly packumentCache full:https://registry.npmjs.org/@netlify%2flocal-functions-proxy-darwin-arm64 cache-miss
954 http fetch GET 200 https://registry.npmjs.org/@netlify%2flocal-functions-proxy-linux-arm64 623ms (cache miss)
955 silly packumentCache full:https://registry.npmjs.org/@netlify%2flocal-functions-proxy-linux-arm64 set size:undefined disposed:false
956 silly fetch manifest @netlify/local-functions-proxy-freebsd-arm64@1.1.1
957 silly packumentCache full:https://registry.npmjs.org/@netlify%2flocal-functions-proxy-freebsd-arm64 cache-miss
958 http fetch GET 200 https://registry.npmjs.org/@netlify%2flocal-functions-proxy-openbsd-x64 617ms (cache miss)
959 silly packumentCache full:https://registry.npmjs.org/@netlify%2flocal-functions-proxy-openbsd-x64 set size:undefined disposed:false
960 silly fetch manifest fast-safe-stringify@^2.1.1
961 silly packumentCache full:https://registry.npmjs.org/fast-safe-stringify cache-miss
962 http fetch GET 200 https://registry.npmjs.org/@netlify%2flocal-functions-proxy-darwin-arm64 655ms (cache miss)
963 silly packumentCache full:https://registry.npmjs.org/@netlify%2flocal-functions-proxy-darwin-arm64 set size:undefined disposed:false
964 silly fetch manifest get-port@^7.1.0
965 silly packumentCache full:https://registry.npmjs.org/get-port cache-miss
966 http cache https://registry.npmjs.org/fast-safe-stringify 142ms (cache hit)
967 silly packumentCache full:https://registry.npmjs.org/fast-safe-stringify set size:76810 disposed:false
968 silly fetch manifest @netlify/serverless-functions-api@^2.21.2
969 silly packumentCache full:https://registry.npmjs.org/@netlify%2fserverless-functions-api cache-miss
970 http fetch GET 200 https://registry.npmjs.org/@netlify%2flocal-functions-proxy-freebsd-arm64 737ms (cache miss)
971 silly packumentCache full:https://registry.npmjs.org/@netlify%2flocal-functions-proxy-freebsd-arm64 set size:undefined disposed:false
972 silly fetch manifest junk@^4.0.0
973 silly packumentCache full:https://registry.npmjs.org/junk cache-miss
974 http cache https://registry.npmjs.org/get-port 153ms (cache hit)
975 silly packumentCache full:https://registry.npmjs.org/get-port set size:47891 disposed:false
976 silly fetch manifest toml@^4.2.0
977 silly packumentCache full:https://registry.npmjs.org/toml cache-miss
978 http cache https://registry.npmjs.org/toml 72ms (cache hit)
979 silly packumentCache full:https://registry.npmjs.org/toml set size:67303 disposed:false
980 silly fetch manifest p-map@^7.0.0
981 silly packumentCache full:https://registry.npmjs.org/p-map cache-miss
982 http cache https://registry.npmjs.org/p-map 51ms (cache hit)
983 silly packumentCache full:https://registry.npmjs.org/p-map set size:60860 disposed:false
984 silly fetch manifest yargs@^17.0.0
985 silly packumentCache full:https://registry.npmjs.org/yargs cache-miss
986 http cache https://registry.npmjs.org/yargs 41ms (cache hit)
987 silly packumentCache full:https://registry.npmjs.org/yargs set size:763370 disposed:false
988 silly fetch manifest resolve@^2.0.0-next.1
989 silly packumentCache full:https://registry.npmjs.org/resolve cache-miss
990 http fetch GET 200 https://registry.npmjs.org/junk 300ms (cache miss)
991 silly packumentCache full:https://registry.npmjs.org/junk set size:undefined disposed:false
992 silly fetch manifest unixify@^1.0.0
993 silly packumentCache full:https://registry.npmjs.org/unixify cache-miss
994 http cache https://registry.npmjs.org/resolve 38ms (cache hit)
995 silly packumentCache full:https://registry.npmjs.org/resolve set size:244568 disposed:false
996 silly fetch manifest archiver@^8.0.0
997 silly packumentCache full:https://registry.npmjs.org/archiver cache-miss
998 http fetch GET 200 https://registry.npmjs.org/archiver 64ms (cache miss)
999 silly packumentCache full:https://registry.npmjs.org/archiver set size:undefined disposed:false
1000 silly fetch manifest precinct@^12.0.0
1001 silly packumentCache full:https://registry.npmjs.org/precinct cache-miss
1002 http fetch GET 200 https://registry.npmjs.org/unixify 562ms (cache miss)
1003 silly packumentCache full:https://registry.npmjs.org/unixify set size:undefined disposed:false
1004 silly fetch manifest copy-file@^11.0.0
1005 silly packumentCache full:https://registry.npmjs.org/copy-file cache-miss
1006 http fetch GET 200 https://registry.npmjs.org/@netlify%2fserverless-functions-api 1216ms (cache miss)
1007 silly packumentCache full:https://registry.npmjs.org/@netlify%2fserverless-functions-api set size:undefined disposed:false
1008 silly fetch manifest fast-glob@^3.3.3
1009 silly packumentCache full:https://registry.npmjs.org/fast-glob cache-miss
1010 http fetch GET 200 https://registry.npmjs.org/precinct 1191ms (cache miss)
1011 silly packumentCache full:https://registry.npmjs.org/precinct set size:undefined disposed:false
1012 silly fetch manifest @vercel/nft@1.3.1
1013 silly packumentCache full:https://registry.npmjs.org/@vercel%2fnft cache-miss
1014 http fetch GET 200 https://registry.npmjs.org/copy-file 803ms (cache miss)
1015 silly packumentCache full:https://registry.npmjs.org/copy-file set size:undefined disposed:false
1016 silly fetch manifest locate-path@^7.0.0
1017 silly packumentCache full:https://registry.npmjs.org/locate-path cache-miss
1018 http fetch GET 200 https://registry.npmjs.org/fast-glob 380ms (cache miss)
1019 silly packumentCache full:https://registry.npmjs.org/fast-glob set size:undefined disposed:false
1020 silly fetch manifest path-exists@^5.0.0
1021 silly packumentCache full:https://registry.npmjs.org/path-exists cache-miss
1022 http cache https://registry.npmjs.org/locate-path 432ms (cache hit)
1023 silly packumentCache full:https://registry.npmjs.org/locate-path set size:31329 disposed:false
1024 silly fetch manifest tmp-promise@^3.0.2
1025 silly packumentCache full:https://registry.npmjs.org/tmp-promise cache-miss
1026 http fetch GET 200 https://registry.npmjs.org/path-exists 417ms (cache miss)
1027 silly packumentCache full:https://registry.npmjs.org/path-exists set size:undefined disposed:false
1028 silly fetch manifest @babel/types@^7.28.5
1029 silly packumentCache full:https://registry.npmjs.org/@babel%2ftypes cache-miss
1030 http cache https://registry.npmjs.org/tmp-promise 76ms (cache hit)
1031 silly packumentCache full:https://registry.npmjs.org/tmp-promise set size:41540 disposed:false
1032 silly fetch manifest @babel/parser@^7.22.5
1033 silly packumentCache full:https://registry.npmjs.org/@babel%2fparser cache-miss
1034 http fetch GET 200 https://registry.npmjs.org/@vercel%2fnft 607ms (cache miss)
1035 silly packumentCache full:https://registry.npmjs.org/@vercel%2fnft set size:undefined disposed:false
1036 silly fetch manifest merge-options@^3.0.4
1037 silly packumentCache full:https://registry.npmjs.org/merge-options cache-miss
1038 http fetch GET 200 https://registry.npmjs.org/merge-options 188ms (cache miss)
1039 silly packumentCache full:https://registry.npmjs.org/merge-options set size:undefined disposed:false
1040 silly fetch manifest is-path-inside@^4.0.0
1041 silly packumentCache full:https://registry.npmjs.org/is-path-inside cache-miss
1042 http fetch GET 200 https://registry.npmjs.org/is-path-inside 214ms (cache miss)
1043 silly packumentCache full:https://registry.npmjs.org/is-path-inside set size:undefined disposed:false
1044 silly fetch manifest normalize-path@^3.0.0
1045 silly packumentCache full:https://registry.npmjs.org/normalize-path cache-miss
1046 http fetch GET 200 https://registry.npmjs.org/@babel%2ftypes 579ms (cache miss)
1047 silly packumentCache full:https://registry.npmjs.org/@babel%2ftypes set size:undefined disposed:false
1048 silly fetch manifest es-module-lexer@^1.0.0
1049 silly packumentCache full:https://registry.npmjs.org/es-module-lexer cache-miss
1050 http fetch GET 200 https://registry.npmjs.org/es-module-lexer 101ms (cache miss)
1051 silly packumentCache full:https://registry.npmjs.org/es-module-lexer set size:undefined disposed:false
1052 silly fetch manifest @netlify/binary-info@^1.0.0
1053 silly packumentCache full:https://registry.npmjs.org/@netlify%2fbinary-info cache-miss
1054 http fetch GET 200 https://registry.npmjs.org/@babel%2fparser 796ms (cache miss)
1055 silly packumentCache full:https://registry.npmjs.org/@babel%2fparser set size:undefined disposed:false
1056 silly fetch manifest require-package-name@^2.0.1
1057 silly packumentCache full:https://registry.npmjs.org/require-package-name cache-miss
1058 http fetch GET 200 https://registry.npmjs.org/normalize-path 592ms (cache miss)
1059 silly packumentCache full:https://registry.npmjs.org/normalize-path set size:undefined disposed:false
1060 silly fetch manifest @netlify/serverless-functions-api@2.18.0
1061 silly packumentCache full:https://registry.npmjs.org/@netlify%2fserverless-functions-api cache-miss
1062 http cache https://registry.npmjs.org/@netlify%2fserverless-functions-api 110ms (cache hit)
1063 silly packumentCache full:https://registry.npmjs.org/@netlify%2fserverless-functions-api set size:549732 disposed:false
1064 silly fetch manifest @octokit/core@^7.0.6
1065 silly packumentCache full:https://registry.npmjs.org/@octokit%2fcore cache-miss
1066 http fetch GET 200 https://registry.npmjs.org/require-package-name 616ms (cache miss)
1067 silly packumentCache full:https://registry.npmjs.org/require-package-name set size:undefined disposed:false
1068 silly fetch manifest @octokit/plugin-request-log@^6.0.0
1069 silly packumentCache full:https://registry.npmjs.org/@octokit%2fplugin-request-log cache-miss
1070 http fetch GET 200 https://registry.npmjs.org/@netlify%2fbinary-info 742ms (cache miss)
1071 silly packumentCache full:https://registry.npmjs.org/@netlify%2fbinary-info set size:undefined disposed:false
1072 silly fetch manifest @octokit/plugin-paginate-rest@^14.0.0
1073 silly packumentCache full:https://registry.npmjs.org/@octokit%2fplugin-paginate-rest cache-miss
1074 http fetch GET 200 https://registry.npmjs.org/@octokit%2fcore 232ms (cache miss)
1075 silly packumentCache full:https://registry.npmjs.org/@octokit%2fcore set size:undefined disposed:false
1076 silly fetch manifest @octokit/plugin-rest-endpoint-methods@^17.0.0
1077 silly packumentCache full:https://registry.npmjs.org/@octokit%2fplugin-rest-endpoint-methods cache-miss
1078 http fetch GET 200 https://registry.npmjs.org/@octokit%2fplugin-request-log 345ms (cache miss)
1079 silly packumentCache full:https://registry.npmjs.org/@octokit%2fplugin-request-log set size:undefined disposed:false
1080 silly fetch manifest debug@^4.3.1
1081 silly packumentCache full:https://registry.npmjs.org/debug cache-miss
1082 http cache https://registry.npmjs.org/debug 45ms (cache hit)
1083 silly packumentCache full:https://registry.npmjs.org/debug set size:195840 disposed:false
1084 silly fetch manifest enquirer@^2.3.6
1085 silly packumentCache full:https://registry.npmjs.org/enquirer cache-miss
1086 http fetch GET 200 https://registry.npmjs.org/enquirer 553ms (cache miss)
1087 silly packumentCache full:https://registry.npmjs.org/enquirer set size:undefined disposed:false
1088 silly fetch manifest minimist@^1.2.5
1089 silly packumentCache full:https://registry.npmjs.org/minimist cache-miss
1090 http fetch GET 200 https://registry.npmjs.org/@octokit%2fplugin-paginate-rest 1308ms (cache miss)
1091 silly packumentCache full:https://registry.npmjs.org/@octokit%2fplugin-paginate-rest set size:undefined disposed:false
1092 silly fetch manifest untildify@^4.0.0
1093 silly packumentCache full:https://registry.npmjs.org/untildify cache-miss
1094 http fetch GET 200 https://registry.npmjs.org/@octokit%2fplugin-rest-endpoint-methods 1465ms (cache miss)
1095 silly packumentCache full:https://registry.npmjs.org/@octokit%2fplugin-rest-endpoint-methods set size:undefined disposed:false
1096 silly fetch manifest environment@^1.0.0
1097 silly packumentCache full:https://registry.npmjs.org/environment cache-miss
1098 http fetch GET 200 https://registry.npmjs.org/minimist 660ms (cache miss)
1099 silly packumentCache full:https://registry.npmjs.org/minimist set size:undefined disposed:false
1100 silly fetch manifest entities@^2.2.0
1101 silly packumentCache full:https://registry.npmjs.org/entities cache-miss
1102 http fetch GET 200 https://registry.npmjs.org/untildify 400ms (cache miss)
1103 silly packumentCache full:https://registry.npmjs.org/untildify set size:undefined disposed:false
1104 silly fetch manifest precond@0.2
1105 silly packumentCache full:https://registry.npmjs.org/precond cache-miss
1106 http fetch GET 200 https://registry.npmjs.org/environment 329ms (cache miss)
1107 silly packumentCache full:https://registry.npmjs.org/environment set size:undefined disposed:false
1108 silly fetch manifest chalk@^5.3.0
1109 silly packumentCache full:https://registry.npmjs.org/chalk cache-miss
1110 http fetch GET 200 https://registry.npmjs.org/entities 294ms (cache miss)
1111 silly packumentCache full:https://registry.npmjs.org/entities set size:undefined disposed:false
1112 silly fetch manifest camelcase@^8.0.0
1113 silly packumentCache full:https://registry.npmjs.org/camelcase cache-miss
1114 http cache https://registry.npmjs.org/chalk 71ms (cache hit)
1115 silly packumentCache full:https://registry.npmjs.org/chalk set size:137439 disposed:false
1116 silly fetch manifest cli-boxes@^3.0.0
1117 silly packumentCache full:https://registry.npmjs.org/cli-boxes cache-miss
1118 http fetch GET 200 https://registry.npmjs.org/camelcase 149ms (cache miss)
1119 silly packumentCache full:https://registry.npmjs.org/camelcase set size:undefined disposed:false
1120 silly fetch manifest type-fest@^4.21.0
1121 silly packumentCache full:https://registry.npmjs.org/type-fest cache-miss
1122 http fetch GET 200 https://registry.npmjs.org/precond 340ms (cache miss)
1123 silly packumentCache full:https://registry.npmjs.org/precond set size:undefined disposed:false
1124 silly fetch manifest wrap-ansi@^9.0.0
1125 silly packumentCache full:https://registry.npmjs.org/wrap-ansi cache-miss
1126 http fetch GET 200 https://registry.npmjs.org/cli-boxes 204ms (cache miss)
1127 silly packumentCache full:https://registry.npmjs.org/cli-boxes set size:undefined disposed:false
1128 silly fetch manifest ansi-align@^3.0.1
1129 silly packumentCache full:https://registry.npmjs.org/ansi-align cache-miss
1130 http fetch GET 200 https://registry.npmjs.org/wrap-ansi 431ms (cache miss)
1131 silly packumentCache full:https://registry.npmjs.org/wrap-ansi set size:undefined disposed:false
1132 silly fetch manifest widest-line@^5.0.0
1133 silly packumentCache full:https://registry.npmjs.org/widest-line cache-miss
1134 http fetch GET 200 https://registry.npmjs.org/ansi-align 398ms (cache miss)
1135 silly packumentCache full:https://registry.npmjs.org/ansi-align set size:undefined disposed:false
1136 silly fetch manifest string-width@^7.2.0
1137 silly packumentCache full:https://registry.npmjs.org/string-width cache-miss
1138 http fetch GET 200 https://registry.npmjs.org/widest-line 769ms (cache miss)
1139 silly packumentCache full:https://registry.npmjs.org/widest-line set size:undefined disposed:false
1140 silly fetch manifest lodash.isempty@^4.4.0
1141 silly packumentCache full:https://registry.npmjs.org/lodash.isempty cache-miss
1142 http fetch GET 200 https://registry.npmjs.org/type-fest 1329ms (cache miss)
1143 silly packumentCache full:https://registry.npmjs.org/type-fest set size:undefined disposed:false
1144 silly fetch manifest lodash.isplainobject@^4.0.6
1145 silly packumentCache full:https://registry.npmjs.org/lodash.isplainobject cache-miss
1146 http fetch GET 200 https://registry.npmjs.org/string-width 859ms (cache miss)
1147 silly packumentCache full:https://registry.npmjs.org/string-width set size:undefined disposed:false
1148 silly fetch manifest lodash.transform@^4.6.0
1149 silly packumentCache full:https://registry.npmjs.org/lodash.transform cache-miss
1150 http fetch GET 200 https://registry.npmjs.org/lodash.isempty 120ms (cache miss)
1151 silly packumentCache full:https://registry.npmjs.org/lodash.isempty set size:undefined disposed:false
1152 silly fetch manifest array-timsort@^1.0.3
1153 silly packumentCache full:https://registry.npmjs.org/array-timsort cache-miss
1154 http fetch GET 200 https://registry.npmjs.org/lodash.isplainobject 112ms (cache miss)
1155 silly packumentCache full:https://registry.npmjs.org/lodash.isplainobject set size:undefined disposed:false
1156 silly fetch manifest esprima@^4.0.1
1157 silly packumentCache full:https://registry.npmjs.org/esprima cache-miss
1158 http fetch GET 200 https://registry.npmjs.org/array-timsort 92ms (cache miss)
1159 silly packumentCache full:https://registry.npmjs.org/array-timsort set size:undefined disposed:false
1160 silly fetch manifest luxon@^3.7.2
1161 silly packumentCache full:https://registry.npmjs.org/luxon cache-miss
1162 http fetch GET 200 https://registry.npmjs.org/esprima 140ms (cache miss)
1163 silly packumentCache full:https://registry.npmjs.org/esprima set size:undefined disposed:false
1164 silly fetch manifest ms@^2.1.3
1165 silly packumentCache full:https://registry.npmjs.org/ms cache-miss
1166 http fetch GET 200 https://registry.npmjs.org/lodash.transform 256ms (cache miss)
1167 silly packumentCache full:https://registry.npmjs.org/lodash.transform set size:undefined disposed:false
1168 silly fetch manifest callsite@^1.0.0
1169 silly packumentCache full:https://registry.npmjs.org/callsite cache-miss
1170 http fetch GET 200 https://registry.npmjs.org/luxon 176ms (cache miss)
1171 silly packumentCache full:https://registry.npmjs.org/luxon set size:undefined disposed:false
1172 silly fetch manifest type-fest@^5.0.0
1173 silly packumentCache full:https://registry.npmjs.org/type-fest cache-miss
1174 http fetch GET 200 https://registry.npmjs.org/ms 101ms (cache miss)
1175 silly packumentCache full:https://registry.npmjs.org/ms set size:undefined disposed:false
1176 silly fetch manifest is-safe-filename@^0.1.0
1177 silly packumentCache full:https://registry.npmjs.org/is-safe-filename cache-miss
1178 http cache https://registry.npmjs.org/type-fest 36ms (cache hit)
1179 silly packumentCache full:https://registry.npmjs.org/type-fest set size:571296 disposed:false
1180 silly fetch manifest onetime@^5.1.2
1181 silly packumentCache full:https://registry.npmjs.org/onetime cache-miss
1182 http fetch GET 200 https://registry.npmjs.org/onetime 60ms (cache miss)
1183 silly packumentCache full:https://registry.npmjs.org/onetime set size:undefined disposed:false
1184 silly fetch manifest is-stream@^2.0.0
1185 silly packumentCache full:https://registry.npmjs.org/is-stream cache-miss
1186 http cache https://registry.npmjs.org/is-stream 16ms (cache hit)
1187 silly packumentCache full:https://registry.npmjs.org/is-stream set size:18582 disposed:false
1188 silly fetch manifest get-stream@^6.0.0
1189 silly packumentCache full:https://registry.npmjs.org/get-stream cache-miss
1190 http fetch GET 200 https://registry.npmjs.org/callsite 267ms (cache miss)
1191 silly packumentCache full:https://registry.npmjs.org/callsite set size:undefined disposed:false
1192 silly fetch manifest cross-spawn@^7.0.3
1193 silly packumentCache full:https://registry.npmjs.org/cross-spawn cache-miss
1194 http fetch GET 200 https://registry.npmjs.org/get-stream 86ms (cache miss)
1195 silly packumentCache full:https://registry.npmjs.org/get-stream set size:undefined disposed:false
1196 silly fetch manifest signal-exit@^3.0.3
1197 silly packumentCache full:https://registry.npmjs.org/signal-exit cache-miss
1198 http fetch GET 200 https://registry.npmjs.org/is-safe-filename 250ms (cache miss)
1199 silly packumentCache full:https://registry.npmjs.org/is-safe-filename set size:undefined disposed:false
1200 silly fetch manifest merge-stream@^2.0.0
1201 silly packumentCache full:https://registry.npmjs.org/merge-stream cache-miss
1202 http fetch GET 200 https://registry.npmjs.org/cross-spawn 101ms (cache miss)
1203 silly packumentCache full:https://registry.npmjs.org/cross-spawn set size:undefined disposed:false
1204 silly fetch manifest npm-run-path@^4.0.1
1205 silly packumentCache full:https://registry.npmjs.org/npm-run-path cache-miss
1206 http fetch GET 200 https://registry.npmjs.org/signal-exit 108ms (cache miss)
1207 silly packumentCache full:https://registry.npmjs.org/signal-exit set size:undefined disposed:false
1208 silly fetch manifest human-signals@^2.1.0
1209 silly packumentCache full:https://registry.npmjs.org/human-signals cache-miss
1210 http fetch GET 200 https://registry.npmjs.org/merge-stream 215ms (cache miss)
1211 silly packumentCache full:https://registry.npmjs.org/merge-stream set size:undefined disposed:false
1212 silly fetch manifest strip-final-newline@^2.0.0
1213 silly packumentCache full:https://registry.npmjs.org/strip-final-newline cache-miss
1214 http fetch GET 200 https://registry.npmjs.org/npm-run-path 279ms (cache miss)
1215 silly packumentCache full:https://registry.npmjs.org/npm-run-path set size:undefined disposed:false
1216 silly fetch manifest qs@^6.14.0
1217 silly packumentCache full:https://registry.npmjs.org/qs cache-miss
1218 http fetch GET 200 https://registry.npmjs.org/human-signals 325ms (cache miss)
1219 silly packumentCache full:https://registry.npmjs.org/human-signals set size:undefined disposed:false
1220 silly fetch manifest depd@^2.0.0
1221 silly packumentCache full:https://registry.npmjs.org/depd cache-miss
1222 http fetch GET 200 https://registry.npmjs.org/strip-final-newline 1014ms (cache miss)
1223 silly packumentCache full:https://registry.npmjs.org/strip-final-newline set size:undefined disposed:false
1224 silly fetch manifest once@^1.4.0
1225 silly packumentCache full:https://registry.npmjs.org/once cache-miss
1226 http fetch GET 200 https://registry.npmjs.org/depd 1479ms (cache miss)
1227 silly packumentCache full:https://registry.npmjs.org/depd set size:undefined disposed:false
1228 silly fetch manifest send@^1.1.0
1229 silly packumentCache full:https://registry.npmjs.org/send cache-miss
1230 http fetch GET 200 https://registry.npmjs.org/once 1358ms (cache miss)
1231 silly packumentCache full:https://registry.npmjs.org/once set size:undefined disposed:false
1232 silly fetch manifest vary@^1.1.2
1233 silly packumentCache full:https://registry.npmjs.org/vary cache-miss
1234 http fetch GET 200 https://registry.npmjs.org/qs 2517ms (cache miss)
1235 silly packumentCache full:https://registry.npmjs.org/qs set size:undefined disposed:false
1236 silly fetch manifest fresh@^2.0.0
1237 silly packumentCache full:https://registry.npmjs.org/fresh cache-miss
1238 http fetch GET 200 https://registry.npmjs.org/send 810ms (cache miss)
1239 silly packumentCache full:https://registry.npmjs.org/send set size:undefined disposed:false
1240 silly fetch manifest cookie@^0.7.1
1241 silly packumentCache full:https://registry.npmjs.org/cookie cache-miss
1242 http fetch GET 200 https://registry.npmjs.org/vary 288ms (cache miss)
1243 silly packumentCache full:https://registry.npmjs.org/vary set size:undefined disposed:false
1244 silly fetch manifest router@^2.2.0
1245 silly packumentCache full:https://registry.npmjs.org/router cache-miss
1246 http cache https://registry.npmjs.org/cookie 93ms (cache hit)
1247 silly packumentCache full:https://registry.npmjs.org/cookie set size:78274 disposed:false
1248 silly fetch manifest accepts@^2.0.0
1249 silly packumentCache full:https://registry.npmjs.org/accepts cache-miss
1250 http fetch GET 200 https://registry.npmjs.org/fresh 166ms (cache miss)
1251 silly packumentCache full:https://registry.npmjs.org/fresh set size:undefined disposed:false
1252 silly fetch manifest type-is@^2.0.1
1253 silly packumentCache full:https://registry.npmjs.org/type-is cache-miss
1254 http fetch GET 200 https://registry.npmjs.org/router 133ms (cache miss)
1255 silly packumentCache full:https://registry.npmjs.org/router set size:undefined disposed:false
1256 silly fetch manifest parseurl@^1.3.3
1257 silly packumentCache full:https://registry.npmjs.org/parseurl cache-miss
1258 http fetch GET 200 https://registry.npmjs.org/accepts 114ms (cache miss)
1259 silly packumentCache full:https://registry.npmjs.org/accepts set size:undefined disposed:false
1260 silly fetch manifest statuses@^2.0.1
1261 silly packumentCache full:https://registry.npmjs.org/statuses cache-miss
1262 http fetch GET 200 https://registry.npmjs.org/type-is 133ms (cache miss)
1263 silly packumentCache full:https://registry.npmjs.org/type-is set size:undefined disposed:false
1264 silly fetch manifest encodeurl@^2.0.0
1265 silly packumentCache full:https://registry.npmjs.org/encodeurl cache-miss
1266 http fetch GET 200 https://registry.npmjs.org/parseurl 112ms (cache miss)
1267 silly packumentCache full:https://registry.npmjs.org/parseurl set size:undefined disposed:false
1268 silly fetch manifest mime-types@^3.0.0
1269 silly packumentCache full:https://registry.npmjs.org/mime-types cache-miss
1270 http fetch GET 200 https://registry.npmjs.org/statuses 98ms (cache miss)
1271 silly packumentCache full:https://registry.npmjs.org/statuses set size:undefined disposed:false
1272 silly fetch manifest proxy-addr@^2.0.7
1273 silly packumentCache full:https://registry.npmjs.org/proxy-addr cache-miss
1274 http fetch GET 200 https://registry.npmjs.org/encodeurl 108ms (cache miss)
1275 silly packumentCache full:https://registry.npmjs.org/encodeurl set size:undefined disposed:false
1276 silly fetch manifest body-parser@^2.2.1
1277 silly packumentCache full:https://registry.npmjs.org/body-parser cache-miss
1278 http fetch GET 200 https://registry.npmjs.org/mime-types 134ms (cache miss)
1279 silly packumentCache full:https://registry.npmjs.org/mime-types set size:undefined disposed:false
1280 silly fetch manifest escape-html@^1.0.3
1281 silly packumentCache full:https://registry.npmjs.org/escape-html cache-miss
1282 http fetch GET 200 https://registry.npmjs.org/proxy-addr 134ms (cache miss)
1283 silly packumentCache full:https://registry.npmjs.org/proxy-addr set size:undefined disposed:false
1284 silly fetch manifest http-errors@^2.0.0
1285 silly packumentCache full:https://registry.npmjs.org/http-errors cache-miss
1286 http fetch GET 200 https://registry.npmjs.org/escape-html 92ms (cache miss)
1287 silly packumentCache full:https://registry.npmjs.org/escape-html set size:undefined disposed:false
1288 silly fetch manifest on-finished@^2.4.1
1289 silly packumentCache full:https://registry.npmjs.org/on-finished cache-miss
1290 http fetch GET 200 https://registry.npmjs.org/body-parser 174ms (cache miss)
1291 silly packumentCache full:https://registry.npmjs.org/body-parser set size:undefined disposed:false
1292 silly fetch manifest finalhandler@^2.1.0
1293 silly packumentCache full:https://registry.npmjs.org/finalhandler cache-miss
1294 http fetch GET 200 https://registry.npmjs.org/http-errors 127ms (cache miss)
1295 silly packumentCache full:https://registry.npmjs.org/http-errors set size:undefined disposed:false
1296 silly fetch manifest range-parser@^1.2.1
1297 silly packumentCache full:https://registry.npmjs.org/range-parser cache-miss
1298 http fetch GET 200 https://registry.npmjs.org/on-finished 87ms (cache miss)
1299 silly packumentCache full:https://registry.npmjs.org/on-finished set size:undefined disposed:false
1300 silly fetch manifest serve-static@^2.2.0
1301 silly packumentCache full:https://registry.npmjs.org/serve-static cache-miss
1302 http fetch GET 200 https://registry.npmjs.org/finalhandler 93ms (cache miss)
1303 silly packumentCache full:https://registry.npmjs.org/finalhandler set size:undefined disposed:false
1304 silly fetch manifest cookie-signature@^1.2.1
1305 silly packumentCache full:https://registry.npmjs.org/cookie-signature cache-miss
1306 http fetch GET 200 https://registry.npmjs.org/range-parser 71ms (cache miss)
1307 silly packumentCache full:https://registry.npmjs.org/range-parser set size:undefined disposed:false
1308 silly fetch manifest merge-descriptors@^2.0.0
1309 silly packumentCache full:https://registry.npmjs.org/merge-descriptors cache-miss
1310 http fetch GET 200 https://registry.npmjs.org/serve-static 75ms (cache miss)
1311 silly packumentCache full:https://registry.npmjs.org/serve-static set size:undefined disposed:false
1312 silly fetch manifest content-disposition@^1.0.0
1313 silly packumentCache full:https://registry.npmjs.org/content-disposition cache-miss
1314 http fetch GET 200 https://registry.npmjs.org/cookie-signature 149ms (cache miss)
1315 silly packumentCache full:https://registry.npmjs.org/cookie-signature set size:undefined disposed:false
1316 silly fetch manifest on-headers@^1.0.0
1317 silly packumentCache full:https://registry.npmjs.org/on-headers cache-miss
1318 http cache https://registry.npmjs.org/content-disposition 158ms (cache hit)
1319 silly packumentCache full:https://registry.npmjs.org/content-disposition set size:45446 disposed:false
1320 silly fetch manifest pino@^9.14.0 || ^10.1.0
1321 silly packumentCache full:https://registry.npmjs.org/pino cache-miss
1322 http fetch GET 200 https://registry.npmjs.org/merge-descriptors 530ms (cache miss)
1323 silly packumentCache full:https://registry.npmjs.org/merge-descriptors set size:undefined disposed:false
1324 silly fetch manifest rfdc@^1.3.1
1325 silly packumentCache full:https://registry.npmjs.org/rfdc cache-miss
1326 http fetch GET 200 https://registry.npmjs.org/on-headers 512ms (cache miss)
1327 silly packumentCache full:https://registry.npmjs.org/on-headers set size:undefined disposed:false
1328 silly fetch manifest avvio@^9.0.0
1329 silly packumentCache full:https://registry.npmjs.org/avvio cache-miss
1330 http cache https://registry.npmjs.org/rfdc 185ms (cache hit)
1331 silly packumentCache full:https://registry.npmjs.org/rfdc set size:45382 disposed:false
1332 silly fetch manifest semver@^7.6.0
1333 silly packumentCache full:https://registry.npmjs.org/semver cache-hit
1334 silly fetch manifest toad-cache@^3.7.0
1335 silly packumentCache full:https://registry.npmjs.org/toad-cache cache-miss
1336 http fetch GET 200 https://registry.npmjs.org/toad-cache 427ms (cache miss)
1337 silly packumentCache full:https://registry.npmjs.org/toad-cache set size:undefined disposed:false
1338 silly fetch manifest find-my-way@^9.6.0
1339 silly packumentCache full:https://registry.npmjs.org/find-my-way cache-miss
1340 http fetch GET 200 https://registry.npmjs.org/avvio 674ms (cache miss)
1341 silly packumentCache full:https://registry.npmjs.org/avvio set size:undefined disposed:false
1342 silly fetch manifest process-warning@^5.1.0
1343 silly packumentCache full:https://registry.npmjs.org/process-warning cache-miss
1344 http fetch GET 200 https://registry.npmjs.org/process-warning 198ms (cache miss)
1345 silly packumentCache full:https://registry.npmjs.org/process-warning set size:undefined disposed:false
1346 silly fetch manifest abstract-logging@^2.0.1
1347 silly packumentCache full:https://registry.npmjs.org/abstract-logging cache-miss
1348 http fetch GET 200 https://registry.npmjs.org/pino 1458ms (cache miss)
1349 silly packumentCache full:https://registry.npmjs.org/pino set size:undefined disposed:false
1350 silly fetch manifest light-my-request@^6.0.0
1351 silly packumentCache full:https://registry.npmjs.org/light-my-request cache-miss
1352 http fetch GET 200 https://registry.npmjs.org/find-my-way 784ms (cache miss)
1353 silly packumentCache full:https://registry.npmjs.org/find-my-way set size:undefined disposed:false
1354 silly fetch manifest secure-json-parse@^4.0.0
1355 silly packumentCache full:https://registry.npmjs.org/secure-json-parse cache-miss
1356 http fetch GET 200 https://registry.npmjs.org/abstract-logging 539ms (cache miss)
1357 silly packumentCache full:https://registry.npmjs.org/abstract-logging set size:undefined disposed:false
1358 silly fetch manifest @fastify/proxy-addr@^5.0.0
1359 silly packumentCache full:https://registry.npmjs.org/@fastify%2fproxy-addr cache-miss
1360 http fetch GET 200 https://registry.npmjs.org/light-my-request 386ms (cache miss)
1361 silly packumentCache full:https://registry.npmjs.org/light-my-request set size:undefined disposed:false
1362 silly fetch manifest fast-json-stringify@^7.0.0
1363 silly packumentCache full:https://registry.npmjs.org/fast-json-stringify cache-miss
1364 http fetch GET 200 https://registry.npmjs.org/secure-json-parse 259ms (cache miss)
1365 silly packumentCache full:https://registry.npmjs.org/secure-json-parse set size:undefined disposed:false
1366 silly fetch manifest @fastify/ajv-compiler@^4.0.5
1367 silly packumentCache full:https://registry.npmjs.org/@fastify%2fajv-compiler cache-miss
1368 http fetch GET 200 https://registry.npmjs.org/@fastify%2fproxy-addr 231ms (cache miss)
1369 silly packumentCache full:https://registry.npmjs.org/@fastify%2fproxy-addr set size:undefined disposed:false
1370 silly fetch manifest @fastify/fast-json-stringify-compiler@^5.0.0
1371 silly packumentCache full:https://registry.npmjs.org/@fastify%2ffast-json-stringify-compiler cache-miss
1372 http fetch GET 200 https://registry.npmjs.org/@fastify%2fajv-compiler 108ms (cache miss)
1373 silly packumentCache full:https://registry.npmjs.org/@fastify%2fajv-compiler set size:undefined disposed:false
1374 silly fetch manifest unicorn-magic@^0.3.0
1375 silly packumentCache full:https://registry.npmjs.org/unicorn-magic cache-miss
1376 http fetch GET 200 https://registry.npmjs.org/fast-json-stringify 249ms (cache miss)
1377 silly packumentCache full:https://registry.npmjs.org/fast-json-stringify set size:undefined disposed:false
1378 silly fetch manifest from2@^2.1.0
1379 silly packumentCache full:https://registry.npmjs.org/from2 cache-miss
1380 http fetch GET 200 https://registry.npmjs.org/@fastify%2ffast-json-stringify-compiler 126ms (cache miss)
1381 silly packumentCache full:https://registry.npmjs.org/@fastify%2ffast-json-stringify-compiler set size:undefined disposed:false
1382 silly fetch manifest ini@^1.3.2
1383 silly packumentCache full:https://registry.npmjs.org/ini cache-miss
1384 http fetch GET 200 https://registry.npmjs.org/unicorn-magic 81ms (cache miss)
1385 silly packumentCache full:https://registry.npmjs.org/unicorn-magic set size:undefined disposed:false
1386 silly fetch manifest eventemitter3@^4.0.0
1387 silly packumentCache full:https://registry.npmjs.org/eventemitter3 cache-miss
1388 http fetch GET 200 https://registry.npmjs.org/from2 67ms (cache miss)
1389 silly packumentCache full:https://registry.npmjs.org/from2 set size:undefined disposed:false
1390 silly fetch manifest requires-port@^1.0.0
1391 silly packumentCache full:https://registry.npmjs.org/requires-port cache-miss
1392 http fetch GET 200 https://registry.npmjs.org/ini 69ms (cache miss)
1393 silly packumentCache full:https://registry.npmjs.org/ini set size:undefined disposed:false
1394 silly fetch manifest follow-redirects@^1.0.0
1395 silly packumentCache full:https://registry.npmjs.org/follow-redirects cache-miss
1396 http fetch GET 200 https://registry.npmjs.org/requires-port 80ms (cache miss)
1397 silly packumentCache full:https://registry.npmjs.org/requires-port set size:undefined disposed:false
1398 silly fetch manifest is-glob@^4.0.3
1399 silly packumentCache full:https://registry.npmjs.org/is-glob cache-miss
1400 http fetch GET 200 https://registry.npmjs.org/eventemitter3 140ms (cache miss)
1401 silly packumentCache full:https://registry.npmjs.org/eventemitter3 set size:undefined disposed:false
1402 silly fetch manifest micromatch@^4.0.8
1403 silly packumentCache full:https://registry.npmjs.org/micromatch cache-miss
1404 http fetch GET 200 https://registry.npmjs.org/follow-redirects 135ms (cache miss)
1405 silly packumentCache full:https://registry.npmjs.org/follow-redirects set size:undefined disposed:false
1406 silly fetch manifest is-plain-object@^5.0.0
1407 silly packumentCache full:https://registry.npmjs.org/is-plain-object cache-miss
1408 http fetch GET 200 https://registry.npmjs.org/is-glob 101ms (cache miss)
1409 silly packumentCache full:https://registry.npmjs.org/is-glob set size:undefined disposed:false
1410 silly fetch manifest @types/http-proxy@^1.17.15
1411 silly packumentCache full:https://registry.npmjs.org/@types%2fhttp-proxy cache-miss
1412 http fetch GET 200 https://registry.npmjs.org/is-plain-object 139ms (cache miss)
1413 silly packumentCache full:https://registry.npmjs.org/is-plain-object set size:undefined disposed:false
1414 silly fetch manifest agent-base@8.0.0
1415 silly packumentCache full:https://registry.npmjs.org/agent-base cache-miss
1416 http fetch GET 200 https://registry.npmjs.org/micromatch 198ms (cache miss)
1417 silly packumentCache full:https://registry.npmjs.org/micromatch set size:undefined disposed:false
1418 silly fetch manifest ora@^5.4.1
1419 silly packumentCache full:https://registry.npmjs.org/ora cache-miss
1420 http fetch GET 200 https://registry.npmjs.org/@types%2fhttp-proxy 151ms (cache miss)
1421 silly packumentCache full:https://registry.npmjs.org/@types%2fhttp-proxy set size:undefined disposed:false
1422 silly fetch manifest rxjs@^7.5.5
1423 silly packumentCache full:https://registry.npmjs.org/rxjs cache-miss
1424 http fetch GET 200 https://registry.npmjs.org/agent-base 75ms (cache miss)
1425 silly packumentCache full:https://registry.npmjs.org/agent-base set size:undefined disposed:false
1426 silly fetch manifest chalk@^4.1.1
1427 silly packumentCache full:https://registry.npmjs.org/chalk cache-hit
1428 silly fetch manifest lodash@^4.17.21
1429 silly packumentCache full:https://registry.npmjs.org/lodash cache-miss
1430 http fetch GET 200 https://registry.npmjs.org/ora 168ms (cache miss)
1431 silly packumentCache full:https://registry.npmjs.org/ora set size:undefined disposed:false
1432 silly fetch manifest figures@^3.0.0
1433 silly packumentCache full:https://registry.npmjs.org/figures cache-miss
1434 http fetch GET 200 https://registry.npmjs.org/lodash 196ms (cache miss)
1435 silly packumentCache full:https://registry.npmjs.org/lodash set size:undefined disposed:false
1436 silly fetch manifest through@^2.3.6
1437 silly packumentCache full:https://registry.npmjs.org/through cache-miss
1438 http cache https://registry.npmjs.org/figures 144ms (cache hit)
1439 silly packumentCache full:https://registry.npmjs.org/figures set size:64597 disposed:false
1440 silly fetch manifest cli-width@^3.0.0
1441 silly packumentCache full:https://registry.npmjs.org/cli-width cache-miss
1442 http fetch GET 200 https://registry.npmjs.org/through 655ms (cache miss)
1443 silly packumentCache full:https://registry.npmjs.org/through set size:undefined disposed:false
1444 silly fetch manifest run-async@^2.4.0
1445 silly packumentCache full:https://registry.npmjs.org/run-async cache-miss
1446 http fetch GET 200 https://registry.npmjs.org/cli-width 614ms (cache miss)
1447 silly packumentCache full:https://registry.npmjs.org/cli-width set size:undefined disposed:false
1448 silly fetch manifest wrap-ansi@^6.0.1
1449 silly packumentCache full:https://registry.npmjs.org/wrap-ansi cache-miss
1450 http fetch GET 200 https://registry.npmjs.org/rxjs 1106ms (cache miss)
1451 silly packumentCache full:https://registry.npmjs.org/rxjs set size:undefined disposed:false
1452 silly fetch manifest cli-cursor@^3.1.0
1453 silly packumentCache full:https://registry.npmjs.org/cli-cursor cache-miss
1454 http cache https://registry.npmjs.org/wrap-ansi 238ms (cache hit)
1455 silly packumentCache full:https://registry.npmjs.org/wrap-ansi set size:59620 disposed:false
1456 silly fetch manifest strip-ansi@^6.0.0
1457 silly packumentCache full:https://registry.npmjs.org/strip-ansi cache-miss
1458 http fetch GET 200 https://registry.npmjs.org/run-async 384ms (cache miss)
1459 silly packumentCache full:https://registry.npmjs.org/run-async set size:undefined disposed:false
1460 silly fetch manifest mute-stream@0.0.8
1461 silly packumentCache full:https://registry.npmjs.org/mute-stream cache-miss
1462 http fetch GET 200 https://registry.npmjs.org/cli-cursor 136ms (cache miss)
1463 silly packumentCache full:https://registry.npmjs.org/cli-cursor set size:undefined disposed:false
1464 silly fetch manifest ansi-escapes@^4.2.1
1465 silly packumentCache full:https://registry.npmjs.org/ansi-escapes cache-miss
1466 http fetch GET 200 https://registry.npmjs.org/strip-ansi 145ms (cache miss)
1467 silly packumentCache full:https://registry.npmjs.org/strip-ansi set size:undefined disposed:false
1468 silly fetch manifest string-width@^4.1.0
1469 silly packumentCache full:https://registry.npmjs.org/string-width cache-miss
1470 http fetch GET 200 https://registry.npmjs.org/mute-stream 101ms (cache miss)
1471 silly packumentCache full:https://registry.npmjs.org/mute-stream set size:undefined disposed:false
1472 silly fetch manifest @inquirer/external-editor@^1.0.0
1473 silly packumentCache full:https://registry.npmjs.org/@inquirer%2fexternal-editor cache-miss
1474 http cache https://registry.npmjs.org/ansi-escapes 67ms (cache hit)
1475 silly packumentCache full:https://registry.npmjs.org/ansi-escapes set size:70915 disposed:false
1476 silly fetch manifest ansi-escapes@^4.3.1
1477 silly packumentCache full:https://registry.npmjs.org/ansi-escapes cache-hit
1478 silly fetch manifest chalk@^4.0.0
1479 silly packumentCache full:https://registry.npmjs.org/chalk cache-hit
1480 silly fetch manifest figures@^3.2.0
1481 silly packumentCache full:https://registry.npmjs.org/figures cache-hit
1482 silly fetch manifest rxjs@^6.6.2
1483 silly packumentCache full:https://registry.npmjs.org/rxjs cache-miss
1484 http cache https://registry.npmjs.org/string-width 66ms (cache hit)
1485 silly packumentCache full:https://registry.npmjs.org/string-width set size:74702 disposed:false
1486 silly fetch manifest is-inside-container@^1.0.0
1487 silly packumentCache full:https://registry.npmjs.org/is-inside-container cache-miss
1488 http cache https://registry.npmjs.org/rxjs 51ms (cache hit)
1489 silly packumentCache full:https://registry.npmjs.org/rxjs set size:1028301 disposed:false
1490 silly fetch manifest ms@^2.1.1
1491 silly packumentCache full:https://registry.npmjs.org/ms cache-miss
1492 http fetch GET 200 https://registry.npmjs.org/@inquirer%2fexternal-editor 133ms (cache miss)
1493 silly packumentCache full:https://registry.npmjs.org/@inquirer%2fexternal-editor set size:undefined disposed:false
1494 silly fetch manifest jws@^4.0.1
1495 silly packumentCache full:https://registry.npmjs.org/jws cache-miss
1496 http fetch GET 200 https://registry.npmjs.org/is-inside-container 103ms (cache miss)
1497 silly packumentCache full:https://registry.npmjs.org/is-inside-container set size:undefined disposed:false
1498 silly fetch manifest semver@^7.5.4
1499 silly packumentCache full:https://registry.npmjs.org/semver cache-hit
1500 silly fetch manifest lodash.once@^4.0.0
1501 silly packumentCache full:https://registry.npmjs.org/lodash.once cache-miss
1502 http cache https://registry.npmjs.org/ms 49ms (cache hit)
1503 silly packumentCache full:https://registry.npmjs.org/ms set size:92208 disposed:false
1504 silly fetch manifest lodash.includes@^4.3.0
1505 silly packumentCache full:https://registry.npmjs.org/lodash.includes cache-miss
1506 http fetch GET 200 https://registry.npmjs.org/jws 55ms (cache miss)
1507 silly packumentCache full:https://registry.npmjs.org/jws set size:undefined disposed:false
1508 silly fetch manifest lodash.isnumber@^3.0.3
1509 silly packumentCache full:https://registry.npmjs.org/lodash.isnumber cache-miss
1510 http fetch GET 200 https://registry.npmjs.org/lodash.includes 66ms (cache miss)
1511 silly packumentCache full:https://registry.npmjs.org/lodash.includes set size:undefined disposed:false
1512 silly fetch manifest lodash.isstring@^4.0.1
1513 silly packumentCache full:https://registry.npmjs.org/lodash.isstring cache-miss
1514 http fetch GET 200 https://registry.npmjs.org/lodash.once 90ms (cache miss)
1515 silly packumentCache full:https://registry.npmjs.org/lodash.once set size:undefined disposed:false
1516 silly fetch manifest lodash.isboolean@^3.0.3
1517 silly packumentCache full:https://registry.npmjs.org/lodash.isboolean cache-miss
1518 http fetch GET 200 https://registry.npmjs.org/lodash.isnumber 57ms (cache miss)
1519 silly packumentCache full:https://registry.npmjs.org/lodash.isnumber set size:undefined disposed:false
1520 silly fetch manifest lodash.isinteger@^4.0.4
1521 silly packumentCache full:https://registry.npmjs.org/lodash.isinteger cache-miss
1522 http fetch GET 200 https://registry.npmjs.org/lodash.isboolean 63ms (cache miss)
1523 silly packumentCache full:https://registry.npmjs.org/lodash.isboolean set size:undefined disposed:false
1524 silly fetch manifest commander@^10.0.1
1525 silly packumentCache full:https://registry.npmjs.org/commander cache-miss
1526 http fetch GET 200 https://registry.npmjs.org/lodash.isstring 89ms (cache miss)
1527 silly packumentCache full:https://registry.npmjs.org/lodash.isstring set size:undefined disposed:false
1528 silly fetch manifest dotenv@^16.3.1
1529 silly packumentCache full:https://registry.npmjs.org/dotenv cache-miss
1530 http fetch GET 200 https://registry.npmjs.org/lodash.isinteger 72ms (cache miss)
1531 silly packumentCache full:https://registry.npmjs.org/lodash.isinteger set size:undefined disposed:false
1532 silly fetch manifest winston@^3.10.0
1533 silly packumentCache full:https://registry.npmjs.org/winston cache-miss
1534 http cache https://registry.npmjs.org/commander 39ms (cache hit)
1535 silly packumentCache full:https://registry.npmjs.org/commander set size:353104 disposed:false
1536 silly fetch manifest cli-cursor@^5.0.0
1537 silly packumentCache full:https://registry.npmjs.org/cli-cursor cache-miss
1538 http cache https://registry.npmjs.org/dotenv 91ms (cache hit)
1539 silly packumentCache full:https://registry.npmjs.org/dotenv set size:295313 disposed:false
1540 silly fetch manifest slice-ansi@^9.0.0
1541 silly packumentCache full:https://registry.npmjs.org/slice-ansi cache-miss
1542 http cache https://registry.npmjs.org/cli-cursor 150ms (cache hit)
1543 silly packumentCache full:https://registry.npmjs.org/cli-cursor set size:18913 disposed:false
1544 silly fetch manifest string-width@^8.2.0
1545 silly packumentCache full:https://registry.npmjs.org/string-width cache-hit
1546 silly fetch manifest strip-ansi@^7.2.0
1547 silly packumentCache full:https://registry.npmjs.org/strip-ansi cache-miss
1548 http fetch GET 200 https://registry.npmjs.org/slice-ansi 196ms (cache miss)
1549 silly packumentCache full:https://registry.npmjs.org/slice-ansi set size:undefined disposed:false
1550 silly fetch manifest wrap-ansi@^10.0.0
1551 silly packumentCache full:https://registry.npmjs.org/wrap-ansi cache-hit
1552 silly fetch manifest pump@^1.0.0
1553 silly packumentCache full:https://registry.npmjs.org/pump cache-miss
1554 http cache https://registry.npmjs.org/strip-ansi 133ms (cache hit)
1555 silly packumentCache full:https://registry.npmjs.org/strip-ansi set size:44998 disposed:false
1556 silly fetch manifest split2@^1.0.0
1557 silly packumentCache full:https://registry.npmjs.org/split2 cache-miss
1558 http fetch GET 200 https://registry.npmjs.org/winston 377ms (cache miss)
1559 silly packumentCache full:https://registry.npmjs.org/winston set size:undefined disposed:false
1560 silly fetch manifest through2@^2.0.0
1561 silly packumentCache full:https://registry.npmjs.org/through2 cache-miss
1562 http fetch GET 200 https://registry.npmjs.org/pump 99ms (cache miss)
1563 silly packumentCache full:https://registry.npmjs.org/pump set size:undefined disposed:false
1564 silly fetch manifest uid-safe@2.1.5
1565 silly packumentCache full:https://registry.npmjs.org/uid-safe cache-miss
1566 http fetch GET 200 https://registry.npmjs.org/split2 167ms (cache miss)
1567 silly packumentCache full:https://registry.npmjs.org/split2 set size:undefined disposed:false
1568 silly fetch manifest http-errors@2.0.0
1569 silly packumentCache full:https://registry.npmjs.org/http-errors cache-miss
1570 http fetch GET 200 https://registry.npmjs.org/uid-safe 172ms (cache miss)
1571 silly packumentCache full:https://registry.npmjs.org/uid-safe set size:undefined disposed:false
1572 silly fetch manifest safe-buffer@5.2.1
1573 silly packumentCache full:https://registry.npmjs.org/safe-buffer cache-miss
1574 http fetch GET 200 https://registry.npmjs.org/through2 269ms (cache miss)
1575 silly packumentCache full:https://registry.npmjs.org/through2 set size:undefined disposed:false
1576 silly fetch manifest picocolors@^1.1.1
1577 silly packumentCache full:https://registry.npmjs.org/picocolors cache-miss
1578 http cache https://registry.npmjs.org/http-errors 313ms (cache hit)
1579 silly packumentCache full:https://registry.npmjs.org/http-errors set size:71987 disposed:false
1580 silly fetch manifest data-uri-to-buffer@^4.0.0
1581 silly packumentCache full:https://registry.npmjs.org/data-uri-to-buffer cache-miss
1582 http fetch GET 200 https://registry.npmjs.org/picocolors 235ms (cache miss)
1583 silly packumentCache full:https://registry.npmjs.org/picocolors set size:undefined disposed:false
1584 silly fetch manifest fetch-blob@^3.1.4
1585 silly packumentCache full:https://registry.npmjs.org/fetch-blob cache-miss
1586 http fetch GET 200 https://registry.npmjs.org/safe-buffer 345ms (cache miss)
1587 silly packumentCache full:https://registry.npmjs.org/safe-buffer set size:undefined disposed:false
1588 silly fetch manifest formdata-polyfill@^4.0.10
1589 silly packumentCache full:https://registry.npmjs.org/formdata-polyfill cache-miss
1590 http fetch GET 200 https://registry.npmjs.org/data-uri-to-buffer 124ms (cache miss)
1591 silly packumentCache full:https://registry.npmjs.org/data-uri-to-buffer set size:undefined disposed:false
1592 silly fetch manifest semver@^7.3.5
1593 silly packumentCache full:https://registry.npmjs.org/semver cache-hit
1594 silly fetch manifest hosted-git-info@^8.0.0
1595 silly packumentCache full:https://registry.npmjs.org/hosted-git-info cache-miss
1596 http fetch GET 200 https://registry.npmjs.org/fetch-blob 71ms (cache miss)
1597 silly packumentCache full:https://registry.npmjs.org/fetch-blob set size:undefined disposed:false
1598 silly fetch manifest validate-npm-package-license@^3.0.4
1599 silly packumentCache full:https://registry.npmjs.org/validate-npm-package-license cache-miss
1600 http fetch GET 200 https://registry.npmjs.org/formdata-polyfill 78ms (cache miss)
1601 silly packumentCache full:https://registry.npmjs.org/formdata-polyfill set size:undefined disposed:false
1602 silly fetch manifest is-in-ssh@^1.0.0
1603 silly packumentCache full:https://registry.npmjs.org/is-in-ssh cache-miss
1604 http fetch GET 200 https://registry.npmjs.org/hosted-git-info 74ms (cache miss)
1605 silly packumentCache full:https://registry.npmjs.org/hosted-git-info set size:undefined disposed:false
1606 silly fetch manifest wsl-utils@^1.0.0
1607 silly packumentCache full:https://registry.npmjs.org/wsl-utils cache-miss
1608 http fetch GET 200 https://registry.npmjs.org/validate-npm-package-license 68ms (cache miss)
1609 silly packumentCache full:https://registry.npmjs.org/validate-npm-package-license set size:undefined disposed:false
1610 silly fetch manifest default-browser@^5.5.1
1611 silly packumentCache full:https://registry.npmjs.org/default-browser cache-miss
1612 http fetch GET 200 https://registry.npmjs.org/is-in-ssh 77ms (cache miss)
1613 silly packumentCache full:https://registry.npmjs.org/is-in-ssh set size:undefined disposed:false
1614 silly fetch manifest define-lazy-prop@^3.0.0
1615 silly packumentCache full:https://registry.npmjs.org/define-lazy-prop cache-miss
1616 http fetch GET 200 https://registry.npmjs.org/wsl-utils 84ms (cache miss)
1617 silly packumentCache full:https://registry.npmjs.org/wsl-utils set size:undefined disposed:false
1618 silly fetch manifest powershell-utils@^0.2.1
1619 silly packumentCache full:https://registry.npmjs.org/powershell-utils cache-miss
1620 http fetch GET 200 https://registry.npmjs.org/default-browser 87ms (cache miss)
1621 silly packumentCache full:https://registry.npmjs.org/default-browser set size:undefined disposed:false
1622 silly fetch manifest p-map@^7.0.1
1623 silly packumentCache full:https://registry.npmjs.org/p-map cache-hit
1624 silly fetch manifest cyclist@^1.0.1
1625 silly packumentCache full:https://registry.npmjs.org/cyclist cache-miss
1626 http fetch GET 200 https://registry.npmjs.org/define-lazy-prop 88ms (cache miss)
1627 silly packumentCache full:https://registry.npmjs.org/define-lazy-prop set size:undefined disposed:false
1628 silly fetch manifest inherits@^2.0.3
1629 silly packumentCache full:https://registry.npmjs.org/inherits cache-miss
1630 http fetch GET 200 https://registry.npmjs.org/cyclist 142ms (cache miss)
1631 silly packumentCache full:https://registry.npmjs.org/cyclist set size:undefined disposed:false
1632 silly fetch manifest readable-stream@^2.1.5
1633 silly packumentCache full:https://registry.npmjs.org/readable-stream cache-miss
1634 http fetch GET 200 https://registry.npmjs.org/powershell-utils 171ms (cache miss)
1635 silly packumentCache full:https://registry.npmjs.org/powershell-utils set size:undefined disposed:false
1636 silly fetch manifest pgpass@1.0.5
1637 silly packumentCache full:https://registry.npmjs.org/pgpass cache-miss
1638 http fetch GET 200 https://registry.npmjs.org/inherits 141ms (cache miss)
1639 silly packumentCache full:https://registry.npmjs.org/inherits set size:undefined disposed:false
1640 silly fetch manifest pg-pool@^3.14.0
1641 silly packumentCache full:https://registry.npmjs.org/pg-pool cache-miss
1642 http fetch GET 200 https://registry.npmjs.org/pgpass 59ms (cache miss)
1643 silly packumentCache full:https://registry.npmjs.org/pgpass set size:undefined disposed:false
1644 silly fetch manifest pg-types@2.2.0
1645 silly packumentCache full:https://registry.npmjs.org/pg-types cache-miss
1646 http fetch GET 200 https://registry.npmjs.org/readable-stream 79ms (cache miss)
1647 silly packumentCache full:https://registry.npmjs.org/readable-stream set size:undefined disposed:false
1648 silly fetch manifest pg-protocol@^1.16.1
1649 silly packumentCache full:https://registry.npmjs.org/pg-protocol cache-miss
1650 http fetch GET 200 https://registry.npmjs.org/pg-pool 93ms (cache miss)
1651 silly packumentCache full:https://registry.npmjs.org/pg-pool set size:undefined disposed:false
1652 silly fetch manifest pg-connection-string@^2.14.1
1653 silly packumentCache full:https://registry.npmjs.org/pg-connection-string cache-miss
1654 http fetch GET 200 https://registry.npmjs.org/pg-types 53ms (cache miss)
1655 silly packumentCache full:https://registry.npmjs.org/pg-types set size:undefined disposed:false
1656 silly fetch manifest pg-cloudflare@^1.4.1
1657 silly packumentCache full:https://registry.npmjs.org/pg-cloudflare cache-miss
1658 http fetch GET 200 https://registry.npmjs.org/pg-protocol 51ms (cache miss)
1659 silly packumentCache full:https://registry.npmjs.org/pg-protocol set size:undefined disposed:false
1660 silly fetch manifest colors@1.4.0
1661 silly packumentCache full:https://registry.npmjs.org/colors cache-miss
1662 http fetch GET 200 https://registry.npmjs.org/pg-cloudflare 41ms (cache miss)
1663 silly packumentCache full:https://registry.npmjs.org/pg-cloudflare set size:undefined disposed:false
1664 silly fetch manifest minimist@^1.2.0
1665 silly packumentCache full:https://registry.npmjs.org/minimist cache-miss
1666 http fetch GET 200 https://registry.npmjs.org/pg-connection-string 64ms (cache miss)
1667 silly packumentCache full:https://registry.npmjs.org/pg-connection-string set size:undefined disposed:false
1668 silly fetch manifest bytes@^3.1.2
1669 silly packumentCache full:https://registry.npmjs.org/bytes cache-miss
1670 http cache https://registry.npmjs.org/minimist 24ms (cache hit)
1671 silly packumentCache full:https://registry.npmjs.org/minimist set size:77063 disposed:false
1672 silly fetch manifest http-errors@^2.0.1
1673 silly packumentCache full:https://registry.npmjs.org/http-errors cache-hit
1674 silly fetch manifest find-up-simple@^1.0.1
1675 silly packumentCache full:https://registry.npmjs.org/find-up-simple cache-miss
1676 http fetch GET 200 https://registry.npmjs.org/colors 62ms (cache miss)
1677 silly packumentCache full:https://registry.npmjs.org/colors set size:undefined disposed:false
1678 silly fetch manifest read-pkg@^10.0.0
1679 silly packumentCache full:https://registry.npmjs.org/read-pkg cache-miss
1680 http cache https://registry.npmjs.org/read-pkg 37ms (cache hit)
1681 silly packumentCache full:https://registry.npmjs.org/read-pkg set size:43912 disposed:false
1682 silly fetch manifest type-fest@^5.2.0
1683 silly packumentCache full:https://registry.npmjs.org/type-fest cache-hit
1684 silly fetch manifest buffer-from@^1.0.0
1685 silly packumentCache full:https://registry.npmjs.org/buffer-from cache-miss
1686 http fetch GET 200 https://registry.npmjs.org/bytes 82ms (cache miss)
1687 silly packumentCache full:https://registry.npmjs.org/bytes set size:undefined disposed:false
1688 silly fetch manifest source-map@^0.6.0
1689 silly packumentCache full:https://registry.npmjs.org/source-map cache-miss
1690 http fetch GET 200 https://registry.npmjs.org/find-up-simple 83ms (cache miss)
1691 silly packumentCache full:https://registry.npmjs.org/find-up-simple set size:undefined disposed:false
1692 silly fetch manifest supports-hyperlinks@^4.1.0
1693 silly packumentCache full:https://registry.npmjs.org/supports-hyperlinks cache-miss
1694 http fetch GET 200 https://registry.npmjs.org/buffer-from 62ms (cache miss)
1695 silly packumentCache full:https://registry.npmjs.org/buffer-from set size:undefined disposed:false
1696 silly fetch manifest pupa@^3.1.0
1697 silly packumentCache full:https://registry.npmjs.org/pupa cache-miss
1698 http fetch GET 200 https://registry.npmjs.org/source-map 82ms (cache miss)
1699 silly packumentCache full:https://registry.npmjs.org/source-map set size:undefined disposed:false
1700 silly fetch manifest is-npm@^6.0.0
1701 silly packumentCache full:https://registry.npmjs.org/is-npm cache-miss
1702 http fetch GET 200 https://registry.npmjs.org/supports-hyperlinks 82ms (cache miss)
1703 silly packumentCache full:https://registry.npmjs.org/supports-hyperlinks set size:undefined disposed:false
1704 silly fetch manifest is-in-ci@^1.0.0
1705 silly packumentCache full:https://registry.npmjs.org/is-in-ci cache-miss
1706 http fetch GET 200 https://registry.npmjs.org/pupa 73ms (cache miss)
1707 silly packumentCache full:https://registry.npmjs.org/pupa set size:undefined disposed:false
1708 silly fetch manifest configstore@^7.0.0
1709 silly packumentCache full:https://registry.npmjs.org/configstore cache-miss
1710 http fetch GET 200 https://registry.npmjs.org/is-npm 60ms (cache miss)
1711 silly packumentCache full:https://registry.npmjs.org/is-npm set size:undefined disposed:false
1712 silly fetch manifest xdg-basedir@^5.1.0
1713 silly packumentCache full:https://registry.npmjs.org/xdg-basedir cache-miss
1714 http fetch GET 200 https://registry.npmjs.org/is-in-ci 59ms (cache miss)
1715 silly packumentCache full:https://registry.npmjs.org/is-in-ci set size:undefined disposed:false
1716 silly fetch manifest latest-version@^9.0.0
1717 silly packumentCache full:https://registry.npmjs.org/latest-version cache-miss
1718 http fetch GET 200 https://registry.npmjs.org/configstore 140ms (cache miss)
1719 silly packumentCache full:https://registry.npmjs.org/configstore set size:undefined disposed:false
1720 silly fetch manifest is-installed-globally@^1.0.0
1721 silly packumentCache full:https://registry.npmjs.org/is-installed-globally cache-miss
1722 http fetch GET 200 https://registry.npmjs.org/latest-version 115ms (cache miss)
1723 silly packumentCache full:https://registry.npmjs.org/latest-version set size:undefined disposed:false
1724 silly fetch manifest imurmurhash@^0.1.4
1725 silly packumentCache full:https://registry.npmjs.org/imurmurhash cache-miss
1726 http fetch GET 200 https://registry.npmjs.org/xdg-basedir 134ms (cache miss)
1727 silly packumentCache full:https://registry.npmjs.org/xdg-basedir set size:undefined disposed:false
1728 silly fetch manifest signal-exit@^4.0.1
1729 silly packumentCache full:https://registry.npmjs.org/signal-exit cache-miss
1730 http cache https://registry.npmjs.org/signal-exit 20ms (cache hit)
1731 silly packumentCache full:https://registry.npmjs.org/signal-exit set size:53489 disposed:false
1732 silly fetch manifest pend@~1.2.0
1733 silly packumentCache full:https://registry.npmjs.org/pend cache-miss
1734 http fetch GET 200 https://registry.npmjs.org/is-installed-globally 60ms (cache miss)
1735 silly packumentCache full:https://registry.npmjs.org/is-installed-globally set size:undefined disposed:false
1736 http fetch GET 200 https://registry.npmjs.org/imurmurhash 58ms (cache miss)
1737 silly packumentCache full:https://registry.npmjs.org/imurmurhash set size:undefined disposed:false
1738 http fetch GET 200 https://registry.npmjs.org/pend 72ms (cache miss)
1739 silly packumentCache full:https://registry.npmjs.org/pend set size:undefined disposed:false
1740 silly placeDep ROOT @fastify/accept-negotiator@2.1.0 OK for: @fastify/static@10.1.5 want: ^2.0.0
1741 silly placeDep ROOT @fastify/error@4.2.0 OK for: @fastify/static@10.1.5 want: ^4.0.0
1742 silly placeDep ROOT @fastify/send@4.1.1 OK for: @fastify/static@10.1.5 want: ^4.0.0
1743 silly placeDep ROOT content-disposition@3.0.0 OK for: @fastify/static@10.1.5 want: ^3.0.0
1744 silly placeDep ROOT fastify-plugin@6.0.0 OK for: @fastify/static@10.1.5 want: ^6.0.0
1745 silly placeDep ROOT fastq@1.20.3 OK for: @fastify/static@10.1.5 want: ^1.17.1
1746 silly placeDep ROOT glob@13.0.6 OK for: @fastify/static@10.1.5 want: ^13.0.0
1747 silly fetch manifest mime@^3
1748 silly packumentCache full:https://registry.npmjs.org/mime cache-miss
1749 silly fetch manifest @lukeed/ms@^2.0.2
1750 silly packumentCache full:https://registry.npmjs.org/@lukeed%2fms cache-miss
1751 silly fetch manifest escape-html@~1.0.3
1752 silly packumentCache full:https://registry.npmjs.org/escape-html cache-miss
1753 http cache https://registry.npmjs.org/escape-html 15ms (cache hit)
1754 silly packumentCache full:https://registry.npmjs.org/escape-html set size:7345 disposed:false
1755 silly fetch manifest fast-decode-uri-component@^1.0.1
1756 silly packumentCache full:https://registry.npmjs.org/fast-decode-uri-component cache-miss
1757 http fetch GET 200 https://registry.npmjs.org/@lukeed%2fms 54ms (cache miss)
1758 silly packumentCache full:https://registry.npmjs.org/@lukeed%2fms set size:undefined disposed:false
1759 silly fetch manifest reusify@^1.0.4
1760 silly packumentCache full:https://registry.npmjs.org/reusify cache-miss
1761 http fetch GET 200 https://registry.npmjs.org/mime 66ms (cache miss)
1762 silly packumentCache full:https://registry.npmjs.org/mime set size:undefined disposed:false
1763 silly fetch manifest minimatch@^10.2.2
1764 silly packumentCache full:https://registry.npmjs.org/minimatch cache-miss
1765 http fetch GET 200 https://registry.npmjs.org/fast-decode-uri-component 62ms (cache miss)
1766 silly packumentCache full:https://registry.npmjs.org/fast-decode-uri-component set size:undefined disposed:false
1767 silly fetch manifest minipass@^7.1.3
1768 silly packumentCache full:https://registry.npmjs.org/minipass cache-miss
1769 http cache https://registry.npmjs.org/minimatch 23ms (cache hit)
1770 silly packumentCache full:https://registry.npmjs.org/minimatch set size:377924 disposed:false
1771 silly fetch manifest path-scurry@^2.0.2
1772 silly packumentCache full:https://registry.npmjs.org/path-scurry cache-miss
1773 http fetch GET 200 https://registry.npmjs.org/reusify 63ms (cache miss)
1774 silly packumentCache full:https://registry.npmjs.org/reusify set size:undefined disposed:false
1775 http fetch GET 200 https://registry.npmjs.org/minipass 212ms (cache miss)
1776 silly packumentCache full:https://registry.npmjs.org/minipass set size:undefined disposed:false
1777 http fetch GET 200 https://registry.npmjs.org/path-scurry 221ms (cache miss)
1778 silly packumentCache full:https://registry.npmjs.org/path-scurry set size:undefined disposed:false
1779 silly placeDep ROOT @lukeed/ms@2.0.2 OK for: @fastify/send@4.1.1 want: ^2.0.2
1780 silly placeDep ROOT escape-html@1.0.3 OK for: @fastify/send@4.1.1 want: ~1.0.3
1781 silly placeDep ROOT fast-decode-uri-component@1.0.1 OK for: @fastify/send@4.1.1 want: ^1.0.1
1782 silly placeDep ROOT http-errors@2.0.1 OK for: @fastify/send@4.1.1 want: ^2.0.0
1783 silly placeDep ROOT mime@3.0.0 OK for: @fastify/send@4.1.1 want: ^3
1784 silly fetch manifest depd@~2.0.0
1785 silly packumentCache full:https://registry.npmjs.org/depd cache-miss
1786 silly fetch manifest inherits@~2.0.4
1787 silly packumentCache full:https://registry.npmjs.org/inherits cache-miss
1788 silly fetch manifest setprototypeof@~1.2.0
1789 silly packumentCache full:https://registry.npmjs.org/setprototypeof cache-miss
1790 http cache https://registry.npmjs.org/depd 22ms (cache hit)
1791 silly packumentCache full:https://registry.npmjs.org/depd set size:40182 disposed:false
1792 silly fetch manifest statuses@~2.0.2
1793 silly packumentCache full:https://registry.npmjs.org/statuses cache-miss
1794 http cache https://registry.npmjs.org/inherits 29ms (cache hit)
1795 silly packumentCache full:https://registry.npmjs.org/inherits set size:12925 disposed:false
1796 silly fetch manifest toidentifier@~1.0.1
1797 silly packumentCache full:https://registry.npmjs.org/toidentifier cache-miss
1798 http cache https://registry.npmjs.org/statuses 32ms (cache hit)
1799 silly packumentCache full:https://registry.npmjs.org/statuses set size:37117 disposed:false
1800 http fetch GET 200 https://registry.npmjs.org/setprototypeof 64ms (cache miss)
1801 silly packumentCache full:https://registry.npmjs.org/setprototypeof set size:undefined disposed:false
1802 http fetch GET 200 https://registry.npmjs.org/toidentifier 51ms (cache miss)
1803 silly packumentCache full:https://registry.npmjs.org/toidentifier set size:undefined disposed:false
1804 silly placeDep ROOT @netlify/open-api@2.60.0 OK for: @netlify/api@15.1.2 want: ^2.57.0
1805 silly placeDep ROOT picoquery@2.5.0 OK for: @netlify/api@15.1.2 want: ^2.5.0
1806 silly placeDep ROOT @netlify/otel@7.0.3 OK for: @netlify/blobs@11.1.2 want: ^7.0.3
1807 silly placeDep ROOT @netlify/runtime-utils@3.0.0 OK for: @netlify/blobs@11.1.2 want: 3.0.0
1808 silly fetch manifest @opentelemetry/core@2.10.0
1809 silly packumentCache full:https://registry.npmjs.org/@opentelemetry%2fcore cache-miss
1810 silly fetch manifest @opentelemetry/resources@2.10.0
1811 silly packumentCache full:https://registry.npmjs.org/@opentelemetry%2fresources cache-miss
1812 silly fetch manifest @opentelemetry/sdk-trace-node@2.10.0
1813 silly packumentCache full:https://registry.npmjs.org/@opentelemetry%2fsdk-trace-node cache-miss
1814 http fetch GET 200 https://registry.npmjs.org/@opentelemetry%2fsdk-trace-node 94ms (cache miss)
1815 silly packumentCache full:https://registry.npmjs.org/@opentelemetry%2fsdk-trace-node set size:undefined disposed:false
1816 silly fetch manifest @opentelemetry/instrumentation@^0.221.0
1817 silly packumentCache full:https://registry.npmjs.org/@opentelemetry%2finstrumentation cache-miss
1818 http fetch GET 200 https://registry.npmjs.org/@opentelemetry%2fresources 120ms (cache miss)
1819 silly packumentCache full:https://registry.npmjs.org/@opentelemetry%2fresources set size:undefined disposed:false
1820 http fetch GET 200 https://registry.npmjs.org/@opentelemetry%2fcore 187ms (cache miss)
1821 silly packumentCache full:https://registry.npmjs.org/@opentelemetry%2fcore set size:undefined disposed:false
1822 http fetch GET 200 https://registry.npmjs.org/@opentelemetry%2finstrumentation 110ms (cache miss)
1823 silly packumentCache full:https://registry.npmjs.org/@opentelemetry%2finstrumentation set size:undefined disposed:false
1824 silly fetch manifest picomatch@^3 || ^4
1825 silly packumentCache full:https://registry.npmjs.org/picomatch cache-miss
1826 http fetch GET 200 https://registry.npmjs.org/picomatch 52ms (cache miss)
1827 silly packumentCache full:https://registry.npmjs.org/picomatch set size:undefined disposed:false
1828 silly fetch manifest @swc/core@>=1.2.50
1829 silly packumentCache full:https://registry.npmjs.org/@swc%2fcore cache-miss
1830 http fetch GET 200 https://registry.npmjs.org/@swc%2fcore 348ms (cache miss)
1831 silly packumentCache full:https://registry.npmjs.org/@swc%2fcore set size:undefined disposed:false
1832 silly fetch manifest @swc/helpers@>=0.5.17
1833 silly packumentCache full:https://registry.npmjs.org/@swc%2fhelpers cache-miss
1834 http fetch GET 200 https://registry.npmjs.org/@swc%2fhelpers 127ms (cache miss)
1835 silly packumentCache full:https://registry.npmjs.org/@swc%2fhelpers set size:undefined disposed:false
1836 silly fetch manifest @swc/wasm@>=1.2.50
1837 silly packumentCache full:https://registry.npmjs.org/@swc%2fwasm cache-miss
1838 http fetch GET 200 https://registry.npmjs.org/@swc%2fwasm 124ms (cache miss)
1839 silly packumentCache full:https://registry.npmjs.org/@swc%2fwasm set size:undefined disposed:false
1840 silly fetch manifest @types/node@*
1841 silly packumentCache full:https://registry.npmjs.org/@types%2fnode cache-miss
1842 http fetch GET 200 https://registry.npmjs.org/@types%2fnode 448ms (cache miss)
1843 silly packumentCache full:https://registry.npmjs.org/@types%2fnode set size:undefined disposed:false
1844 silly placeDep ROOT @bugsnag/js@8.10.0 OK for: @netlify/build@37.3.3 want: ^8.0.0
1845 silly placeDep ROOT @netlify/cache-utils@7.1.2 OK for: @netlify/build@37.3.3 want: ^7.1.2
1846 silly placeDep ROOT @netlify/functions-utils@7.1.15 OK for: @netlify/build@37.3.3 want: ^7.1.15
1847 silly placeDep ROOT @netlify/git-utils@7.1.1 OK for: @netlify/build@37.3.3 want: ^7.1.1
1848 silly placeDep ROOT @netlify/opentelemetry-utils@4.0.0 OK for: @netlify/build@37.3.3 want: ^4.0.0
1849 silly placeDep ROOT @netlify/plugins-list@6.81.11 OK for: @netlify/build@37.3.3 want: ^6.81.6
1850 silly placeDep ROOT @netlify/run-utils@7.1.0 OK for: @netlify/build@37.3.3 want: ^7.1.0
1851 silly placeDep ROOT @sindresorhus/slugify@2.2.1 OK for: @netlify/build@37.3.3 want: ^2.0.0
1852 silly placeDep ROOT ansis@4.4.0 OK for: @netlify/build@37.3.3 want: ^4.1.0
1853 silly placeDep node_modules/@netlify/build execa@8.0.1 OK for: @netlify/build@37.3.3 want: ^8.0.0
1854 silly placeDep ROOT fast-string-width@3.0.2 OK for: @netlify/build@37.3.3 want: ^3.0.2
1855 silly placeDep ROOT fdir@6.5.0 OK for: @netlify/build@37.3.3 want: ^6.0.1
1856 silly placeDep ROOT figures@6.1.0 OK for: @netlify/build@37.3.3 want: ^6.0.0
1857 silly placeDep ROOT hot-shots@11.4.0 OK for: @netlify/build@37.3.3 want: 11.4.0
1858 silly placeDep ROOT ignore@7.0.11 OK for: @netlify/build@37.3.3 want: ^7.0.0
1859 silly placeDep ROOT indent-string@5.0.0 OK for: @netlify/build@37.3.3 want: ^5.0.0
1860 silly placeDep ROOT keep-func-props@6.0.0 OK for: @netlify/build@37.3.3 want: ^6.0.0
1861 silly placeDep ROOT log-process-errors@11.0.1 OK for: @netlify/build@37.3.3 want: ^11.0.0
1862 silly placeDep ROOT memoize-one@6.0.0 OK for: @netlify/build@37.3.3 want: ^6.0.0
1863 silly placeDep ROOT minimatch@10.2.6 OK for: @netlify/build@37.3.3 want: ^10.2.4
1864 silly placeDep ROOT os-name@6.1.0 OK for: @netlify/build@37.3.3 want: ^6.0.0
1865 silly placeDep ROOT p-reduce@3.0.0 OK for: @netlify/build@37.3.3 want: ^3.0.0
1866 silly placeDep ROOT package-directory@8.2.0 OK for: @netlify/build@37.3.3 want: ^8.0.0
1867 silly placeDep ROOT pretty-ms@9.3.1 OK for: @netlify/build@37.3.3 want: ^9.0.0
1868 silly placeDep ROOT ps-list@8.1.1 OK for: @netlify/build@37.3.3 want: ^8.0.0
1869 silly placeDep node_modules/@netlify/build read-package-up@11.0.0 OK for: @netlify/build@37.3.3 want: ^11.0.0
1870 silly placeDep node_modules/@netlify/build readdirp@4.1.2 OK for: @netlify/build@37.3.3 want: ^4.0.0
1871 silly placeDep ROOT resolve@2.0.0-next.7 OK for: @netlify/build@37.3.3 want: ^2.0.0-next.5
1872 silly placeDep ROOT rfdc@1.4.1 OK for: @netlify/build@37.3.3 want: ^1.3.0
1873 silly placeDep ROOT safe-json-stringify@1.2.0 OK for: @netlify/build@37.3.3 want: ^1.2.0
1874 silly placeDep ROOT supports-color@11.0.0 OK for: @netlify/build@37.3.3 want: ^11.0.0
1875 silly placeDep node_modules/@netlify/build terminal-link@4.0.0 OK for: @netlify/build@37.3.3 want: ^4.0.0
1876 silly placeDep ROOT ts-node@10.9.2 OK for: @netlify/build@37.3.3 want: ^10.9.1
1877 silly placeDep ROOT typescript@5.9.3 OK for: ts-node@10.9.2 want: >=2.7
1878 silly placeDep ROOT @types/node@26.6.3 OK for: ts-node@10.9.2 want: *
1879 silly placeDep ROOT yaml@2.9.1 OK for: @netlify/build@37.3.3 want: ^2.8.0
1880 silly placeDep ROOT yargs@17.7.3 OK for: @netlify/build@37.3.3 want: ^17.6.0
1881 silly placeDep ROOT zod@4.6.5 OK for: @netlify/build@37.3.3 want: ^4.0.5
1882 silly fetch manifest @bugsnag/node@^8.10.0
1883 silly packumentCache full:https://registry.npmjs.org/@bugsnag%2fnode cache-miss
1884 silly fetch manifest @bugsnag/browser@^8.10.0
1885 silly packumentCache full:https://registry.npmjs.org/@bugsnag%2fbrowser cache-miss
1886 silly fetch manifest get-stream@^9.0.0
1887 silly packumentCache full:https://registry.npmjs.org/get-stream cache-miss
1888 http cache https://registry.npmjs.org/get-stream 60ms (cache hit)
1889 silly packumentCache full:https://registry.npmjs.org/get-stream set size:57536 disposed:false
1890 silly fetch manifest micro-memoize@^5.1.1
1891 silly packumentCache full:https://registry.npmjs.org/micro-memoize cache-miss
1892 http fetch GET 200 https://registry.npmjs.org/micro-memoize 255ms (cache miss)
1893 silly packumentCache full:https://registry.npmjs.org/micro-memoize set size:undefined disposed:false
1894 silly fetch manifest micromatch@^4.0.2
1895 silly packumentCache full:https://registry.npmjs.org/micromatch cache-miss
1896 http cache https://registry.npmjs.org/micromatch 16ms (cache hit)
1897 silly packumentCache full:https://registry.npmjs.org/micromatch set size:240630 disposed:false
1898 silly fetch manifest tinyexec@^1.3.0
1899 silly packumentCache full:https://registry.npmjs.org/tinyexec cache-miss
1900 http fetch GET 200 https://registry.npmjs.org/tinyexec 44ms (cache miss)
1901 silly packumentCache full:https://registry.npmjs.org/tinyexec set size:undefined disposed:false
1902 silly fetch manifest @sindresorhus/transliterate@^1.0.0
1903 silly packumentCache full:https://registry.npmjs.org/@sindresorhus%2ftransliterate cache-miss
1904 http fetch GET 200 https://registry.npmjs.org/@bugsnag%2fbrowser 616ms (cache miss)
1905 silly packumentCache full:https://registry.npmjs.org/@bugsnag%2fbrowser set size:undefined disposed:false
1906 silly fetch manifest onetime@^6.0.0
1907 silly packumentCache full:https://registry.npmjs.org/onetime cache-miss
1908 http fetch GET 200 https://registry.npmjs.org/@bugsnag%2fnode 640ms (cache miss)
1909 silly packumentCache full:https://registry.npmjs.org/@bugsnag%2fnode set size:undefined disposed:false
1910 silly fetch manifest is-stream@^3.0.0
1911 silly packumentCache full:https://registry.npmjs.org/is-stream cache-hit
1912 silly fetch manifest get-stream@^8.0.1
1913 silly packumentCache full:https://registry.npmjs.org/get-stream cache-hit
1914 silly fetch manifest signal-exit@^4.1.0
1915 silly packumentCache full:https://registry.npmjs.org/signal-exit cache-hit
1916 silly fetch manifest npm-run-path@^5.1.0
1917 silly packumentCache full:https://registry.npmjs.org/npm-run-path cache-miss
1918 http cache https://registry.npmjs.org/onetime 39ms (cache hit)
1919 silly packumentCache full:https://registry.npmjs.org/onetime set size:32314 disposed:false
1920 silly fetch manifest human-signals@^5.0.0
1921 silly packumentCache full:https://registry.npmjs.org/human-signals cache-miss
1922 http cache https://registry.npmjs.org/npm-run-path 28ms (cache hit)
1923 silly packumentCache full:https://registry.npmjs.org/npm-run-path set size:33596 disposed:false
1924 silly fetch manifest strip-final-newline@^3.0.0
1925 silly packumentCache full:https://registry.npmjs.org/strip-final-newline cache-miss
1926 http cache https://registry.npmjs.org/human-signals 23ms (cache hit)
1927 silly packumentCache full:https://registry.npmjs.org/human-signals set size:47322 disposed:false
1928 silly fetch manifest fast-string-truncated-width@^3.0.2
1929 silly packumentCache full:https://registry.npmjs.org/fast-string-truncated-width cache-miss
1930 http cache https://registry.npmjs.org/strip-final-newline 26ms (cache hit)
1931 silly packumentCache full:https://registry.npmjs.org/strip-final-newline set size:9328 disposed:false
1932 silly fetch manifest is-unicode-supported@^2.0.0
1933 silly packumentCache full:https://registry.npmjs.org/is-unicode-supported cache-miss
1934 http fetch GET 200 https://registry.npmjs.org/fast-string-truncated-width 37ms (cache miss)
1935 silly packumentCache full:https://registry.npmjs.org/fast-string-truncated-width set size:undefined disposed:false
1936 silly fetch manifest unix-dgram@2.x
1937 silly packumentCache full:https://registry.npmjs.org/unix-dgram cache-miss
1938 http fetch GET 200 https://registry.npmjs.org/is-unicode-supported 46ms (cache miss)
1939 silly packumentCache full:https://registry.npmjs.org/is-unicode-supported set size:undefined disposed:false
1940 silly fetch manifest mimic-fn@^4.0.0
1941 silly packumentCache full:https://registry.npmjs.org/mimic-fn cache-miss
1942 http fetch GET 200 https://registry.npmjs.org/@sindresorhus%2ftransliterate 392ms (cache miss)
1943 silly packumentCache full:https://registry.npmjs.org/@sindresorhus%2ftransliterate set size:undefined disposed:false
1944 silly fetch manifest is-plain-obj@^4.1.0
1945 silly packumentCache full:https://registry.npmjs.org/is-plain-obj cache-miss
1946 http fetch GET 200 https://registry.npmjs.org/mimic-fn 47ms (cache miss)
1947 silly packumentCache full:https://registry.npmjs.org/mimic-fn set size:undefined disposed:false
1948 silly fetch manifest is-error-instance@^2.0.0
1949 silly packumentCache full:https://registry.npmjs.org/is-error-instance cache-miss
1950 http cache https://registry.npmjs.org/is-plain-obj 19ms (cache hit)
1951 silly packumentCache full:https://registry.npmjs.org/is-plain-obj set size:17899 disposed:false
1952 silly fetch manifest set-error-message@^2.0.1
1953 silly packumentCache full:https://registry.npmjs.org/set-error-message cache-miss
1954 http fetch GET 200 https://registry.npmjs.org/unix-dgram 237ms (cache miss)
1955 silly packumentCache full:https://registry.npmjs.org/unix-dgram set size:undefined disposed:false
1956 silly fetch manifest normalize-exception@^3.0.0
1957 silly packumentCache full:https://registry.npmjs.org/normalize-exception cache-miss
1958 http fetch GET 200 https://registry.npmjs.org/is-error-instance 250ms (cache miss)
1959 silly packumentCache full:https://registry.npmjs.org/is-error-instance set size:undefined disposed:false
1960 silly fetch manifest brace-expansion@^5.0.8
1961 silly packumentCache full:https://registry.npmjs.org/brace-expansion cache-miss
1962 http fetch GET 200 https://registry.npmjs.org/set-error-message 238ms (cache miss)
1963 silly packumentCache full:https://registry.npmjs.org/set-error-message set size:undefined disposed:false
1964 silly fetch manifest macos-release@^3.3.0
1965 silly packumentCache full:https://registry.npmjs.org/macos-release cache-miss
1966 http fetch GET 200 https://registry.npmjs.org/macos-release 49ms (cache miss)
1967 silly packumentCache full:https://registry.npmjs.org/macos-release set size:undefined disposed:false
1968 silly fetch manifest windows-release@^6.1.0
1969 silly packumentCache full:https://registry.npmjs.org/windows-release cache-miss
1970 http fetch GET 200 https://registry.npmjs.org/brace-expansion 73ms (cache miss)
1971 silly packumentCache full:https://registry.npmjs.org/brace-expansion set size:undefined disposed:false
1972 silly fetch manifest find-up-simple@^1.0.0
1973 silly packumentCache full:https://registry.npmjs.org/find-up-simple cache-miss
1974 http cache https://registry.npmjs.org/find-up-simple 20ms (cache hit)
1975 silly packumentCache full:https://registry.npmjs.org/find-up-simple set size:6677 disposed:false
1976 silly fetch manifest parse-ms@^4.0.0
1977 silly packumentCache full:https://registry.npmjs.org/parse-ms cache-miss
1978 http fetch GET 200 https://registry.npmjs.org/normalize-exception 226ms (cache miss)
1979 silly packumentCache full:https://registry.npmjs.org/normalize-exception set size:undefined disposed:false
1980 silly fetch manifest type-fest@^4.6.0
1981 silly packumentCache full:https://registry.npmjs.org/type-fest cache-hit
1982 silly fetch manifest es-errors@^1.3.0
1983 silly packumentCache full:https://registry.npmjs.org/es-errors cache-miss
1984 http fetch GET 200 https://registry.npmjs.org/parse-ms 67ms (cache miss)
1985 silly packumentCache full:https://registry.npmjs.org/parse-ms set size:undefined disposed:false
1986 silly fetch manifest is-core-module@^2.16.2
1987 silly packumentCache full:https://registry.npmjs.org/is-core-module cache-miss
1988 http fetch GET 200 https://registry.npmjs.org/es-errors 38ms (cache miss)
1989 silly packumentCache full:https://registry.npmjs.org/es-errors set size:undefined disposed:false
1990 silly fetch manifest node-exports-info@^1.6.0
1991 silly packumentCache full:https://registry.npmjs.org/node-exports-info cache-miss
1992 http fetch GET 200 https://registry.npmjs.org/is-core-module 56ms (cache miss)
1993 silly packumentCache full:https://registry.npmjs.org/is-core-module set size:undefined disposed:false
1994 silly fetch manifest object-keys@^1.1.1
1995 silly packumentCache full:https://registry.npmjs.org/object-keys cache-miss
1996 http fetch GET 200 https://registry.npmjs.org/node-exports-info 63ms (cache miss)
1997 silly packumentCache full:https://registry.npmjs.org/node-exports-info set size:undefined disposed:false
1998 silly fetch manifest path-parse@^1.0.7
1999 silly packumentCache full:https://registry.npmjs.org/path-parse cache-miss
2000 http fetch GET 200 https://registry.npmjs.org/windows-release 236ms (cache miss)
2001 silly packumentCache full:https://registry.npmjs.org/windows-release set size:undefined disposed:false
2002 silly fetch manifest supports-preserve-symlinks-flag@^1.0.0
2003 silly packumentCache full:https://registry.npmjs.org/supports-preserve-symlinks-flag cache-miss
2004 http fetch GET 200 https://registry.npmjs.org/object-keys 70ms (cache miss)
2005 silly packumentCache full:https://registry.npmjs.org/object-keys set size:undefined disposed:false
2006 silly fetch manifest supports-hyperlinks@^3.2.0
2007 silly packumentCache full:https://registry.npmjs.org/supports-hyperlinks cache-miss
2008 http fetch GET 200 https://registry.npmjs.org/path-parse 63ms (cache miss)
2009 silly packumentCache full:https://registry.npmjs.org/path-parse set size:undefined disposed:false
2010 silly fetch manifest yn@3.1.1
2011 silly packumentCache full:https://registry.npmjs.org/yn cache-miss
2012 http cache https://registry.npmjs.org/supports-hyperlinks 33ms (cache hit)
2013 silly packumentCache full:https://registry.npmjs.org/supports-hyperlinks set size:40524 disposed:false
2014 silly fetch manifest arg@^4.1.0
2015 silly packumentCache full:https://registry.npmjs.org/arg cache-miss
2016 http fetch GET 200 https://registry.npmjs.org/supports-preserve-symlinks-flag 62ms (cache miss)
2017 silly packumentCache full:https://registry.npmjs.org/supports-preserve-symlinks-flag set size:undefined disposed:false
2018 silly fetch manifest diff@^4.0.1
2019 silly packumentCache full:https://registry.npmjs.org/diff cache-miss
2020 http fetch GET 200 https://registry.npmjs.org/yn 56ms (cache miss)
2021 silly packumentCache full:https://registry.npmjs.org/yn set size:undefined disposed:false
2022 silly fetch manifest acorn@^8.4.1
2023 silly packumentCache full:https://registry.npmjs.org/acorn cache-miss
2024 http cache https://registry.npmjs.org/acorn 33ms (cache hit)
2025 silly packumentCache full:https://registry.npmjs.org/acorn set size:383439 disposed:false
2026 silly fetch manifest acorn-walk@^8.1.1
2027 silly packumentCache full:https://registry.npmjs.org/acorn-walk cache-miss
2028 http fetch GET 200 https://registry.npmjs.org/arg 95ms (cache miss)
2029 silly packumentCache full:https://registry.npmjs.org/arg set size:undefined disposed:false
2030 silly fetch manifest make-error@^1.1.1
2031 silly packumentCache full:https://registry.npmjs.org/make-error cache-miss
2032 http fetch GET 200 https://registry.npmjs.org/diff 96ms (cache miss)
2033 silly packumentCache full:https://registry.npmjs.org/diff set size:undefined disposed:false
2034 silly fetch manifest create-require@^1.1.0
2035 silly packumentCache full:https://registry.npmjs.org/create-require cache-miss
2036 http fetch GET 200 https://registry.npmjs.org/acorn-walk 105ms (cache miss)
2037 silly packumentCache full:https://registry.npmjs.org/acorn-walk set size:undefined disposed:false
2038 silly fetch manifest @tsconfig/node10@^1.0.7
2039 silly packumentCache full:https://registry.npmjs.org/@tsconfig%2fnode10 cache-miss
2040 http fetch GET 200 https://registry.npmjs.org/make-error 100ms (cache miss)
2041 silly packumentCache full:https://registry.npmjs.org/make-error set size:undefined disposed:false
2042 silly fetch manifest @tsconfig/node12@^1.0.7
2043 silly packumentCache full:https://registry.npmjs.org/@tsconfig%2fnode12 cache-miss
2044 http fetch GET 200 https://registry.npmjs.org/create-require 96ms (cache miss)
2045 silly packumentCache full:https://registry.npmjs.org/create-require set size:undefined disposed:false
2046 silly fetch manifest @tsconfig/node14@^1.0.0
2047 silly packumentCache full:https://registry.npmjs.org/@tsconfig%2fnode14 cache-miss
2048 http fetch GET 200 https://registry.npmjs.org/@tsconfig%2fnode12 58ms (cache miss)
2049 silly packumentCache full:https://registry.npmjs.org/@tsconfig%2fnode12 set size:undefined disposed:false
2050 silly fetch manifest @tsconfig/node16@^1.0.2
2051 silly packumentCache full:https://registry.npmjs.org/@tsconfig%2fnode16 cache-miss
2052 http fetch GET 200 https://registry.npmjs.org/@tsconfig%2fnode10 73ms (cache miss)
2053 silly packumentCache full:https://registry.npmjs.org/@tsconfig%2fnode10 set size:undefined disposed:false
2054 silly fetch manifest v8-compile-cache-lib@^3.0.1
2055 silly packumentCache full:https://registry.npmjs.org/v8-compile-cache-lib cache-miss
2056 http fetch GET 200 https://registry.npmjs.org/@tsconfig%2fnode14 65ms (cache miss)
2057 silly packumentCache full:https://registry.npmjs.org/@tsconfig%2fnode14 set size:undefined disposed:false
2058 silly fetch manifest @cspotcode/source-map-support@^0.8.0
2059 silly packumentCache full:https://registry.npmjs.org/@cspotcode%2fsource-map-support cache-miss
2060 http fetch GET 200 https://registry.npmjs.org/v8-compile-cache-lib 48ms (cache miss)
2061 silly packumentCache full:https://registry.npmjs.org/v8-compile-cache-lib set size:undefined disposed:false
2062 silly fetch manifest undici-types@~8.9.0
2063 silly packumentCache full:https://registry.npmjs.org/undici-types cache-miss
2064 http fetch GET 200 https://registry.npmjs.org/@tsconfig%2fnode16 66ms (cache miss)
2065 silly packumentCache full:https://registry.npmjs.org/@tsconfig%2fnode16 set size:undefined disposed:false
2066 silly fetch manifest y18n@^5.0.5
2067 silly packumentCache full:https://registry.npmjs.org/y18n cache-miss
2068 http fetch GET 200 https://registry.npmjs.org/@cspotcode%2fsource-map-support 65ms (cache miss)
2069 silly packumentCache full:https://registry.npmjs.org/@cspotcode%2fsource-map-support set size:undefined disposed:false
2070 silly fetch manifest cliui@^8.0.1
2071 silly packumentCache full:https://registry.npmjs.org/cliui cache-miss
2072 http fetch GET 200 https://registry.npmjs.org/undici-types 64ms (cache miss)
2073 silly packumentCache full:https://registry.npmjs.org/undici-types set size:undefined disposed:false
2074 silly fetch manifest escalade@^3.1.1
2075 silly packumentCache full:https://registry.npmjs.org/escalade cache-miss
2076 http fetch GET 200 https://registry.npmjs.org/y18n 77ms (cache miss)
2077 silly packumentCache full:https://registry.npmjs.org/y18n set size:undefined disposed:false
2078 silly fetch manifest string-width@^4.2.3
2079 silly packumentCache full:https://registry.npmjs.org/string-width cache-hit
2080 silly fetch manifest yargs-parser@^21.1.1
2081 silly packumentCache full:https://registry.npmjs.org/yargs-parser cache-miss
2082 http fetch GET 200 https://registry.npmjs.org/cliui 70ms (cache miss)
2083 silly packumentCache full:https://registry.npmjs.org/cliui set size:undefined disposed:false
2084 silly fetch manifest get-caller-file@^2.0.5
2085 silly packumentCache full:https://registry.npmjs.org/get-caller-file cache-miss
2086 http fetch GET 200 https://registry.npmjs.org/escalade 49ms (cache miss)
2087 silly packumentCache full:https://registry.npmjs.org/escalade set size:undefined disposed:false
2088 silly fetch manifest require-directory@^2.1.1
2089 silly packumentCache full:https://registry.npmjs.org/require-directory cache-miss
2090 http fetch GET 200 https://registry.npmjs.org/get-caller-file 47ms (cache miss)
2091 silly packumentCache full:https://registry.npmjs.org/get-caller-file set size:undefined disposed:false
2092 http fetch GET 200 https://registry.npmjs.org/yargs-parser 81ms (cache miss)
2093 silly packumentCache full:https://registry.npmjs.org/yargs-parser set size:undefined disposed:false
2094 http fetch GET 200 https://registry.npmjs.org/require-directory 64ms (cache miss)
2095 silly packumentCache full:https://registry.npmjs.org/require-directory set size:undefined disposed:false
2096 silly placeDep ROOT @bugsnag/browser@8.10.0 OK for: @bugsnag/js@8.10.0 want: ^8.10.0
2097 silly placeDep ROOT @bugsnag/node@8.10.0 OK for: @bugsnag/js@8.10.0 want: ^8.10.0
2098 silly fetch manifest @bugsnag/core@^8.9.0
2099 silly packumentCache full:https://registry.npmjs.org/@bugsnag%2fcore cache-miss
2100 silly fetch manifest pump@^3.0.0
2101 silly packumentCache full:https://registry.npmjs.org/pump cache-miss
2102 silly fetch manifest byline@^5.0.0
2103 silly packumentCache full:https://registry.npmjs.org/byline cache-miss
2104 http cache https://registry.npmjs.org/pump 21ms (cache hit)
2105 silly packumentCache full:https://registry.npmjs.org/pump set size:41178 disposed:false
2106 silly fetch manifest iserror@^0.0.2
2107 silly packumentCache full:https://registry.npmjs.org/iserror cache-miss
2108 http fetch GET 200 https://registry.npmjs.org/byline 59ms (cache miss)
2109 silly packumentCache full:https://registry.npmjs.org/byline set size:undefined disposed:false
2110 silly fetch manifest @bugsnag/core@^8.9.0
2111 silly packumentCache full:https://registry.npmjs.org/@bugsnag%2fcore cache-miss
2112 http fetch GET 200 https://registry.npmjs.org/iserror 231ms (cache miss)
2113 silly packumentCache full:https://registry.npmjs.org/iserror set size:undefined disposed:false
2114 silly fetch manifest stack-generator@^2.0.3
2115 silly packumentCache full:https://registry.npmjs.org/stack-generator cache-miss
2116 http fetch GET 200 https://registry.npmjs.org/stack-generator 47ms (cache miss)
2117 silly packumentCache full:https://registry.npmjs.org/stack-generator set size:undefined disposed:false
2118 silly fetch manifest error-stack-parser@^2.0.3
2119 silly packumentCache full:https://registry.npmjs.org/error-stack-parser cache-miss
2120 http fetch GET 200 https://registry.npmjs.org/error-stack-parser 47ms (cache miss)
2121 silly packumentCache full:https://registry.npmjs.org/error-stack-parser set size:undefined disposed:false
2122 http fetch GET 200 https://registry.npmjs.org/@bugsnag%2fcore 535ms (cache miss)
2123 silly packumentCache full:https://registry.npmjs.org/@bugsnag%2fcore set size:undefined disposed:false
2124 http fetch GET 200 https://registry.npmjs.org/@bugsnag%2fcore 615ms (cache miss)
2125 silly packumentCache full:https://registry.npmjs.org/@bugsnag%2fcore set size:undefined disposed:false
2126 silly placeDep ROOT @bugsnag/core@8.9.0 OK for: @bugsnag/browser@8.10.0 want: ^8.9.0
2127 silly fetch manifest @bugsnag/cuid@^3.2.1
2128 silly packumentCache full:https://registry.npmjs.org/@bugsnag%2fcuid cache-miss
2129 silly fetch manifest @bugsnag/safe-json-stringify@^6.0.0
2130 silly packumentCache full:https://registry.npmjs.org/@bugsnag%2fsafe-json-stringify cache-miss
2131 http fetch GET 200 https://registry.npmjs.org/@bugsnag%2fsafe-json-stringify 561ms (cache miss)
2132 silly packumentCache full:https://registry.npmjs.org/@bugsnag%2fsafe-json-stringify set size:undefined disposed:false
2133 http fetch GET 200 https://registry.npmjs.org/@bugsnag%2fcuid 659ms (cache miss)
2134 silly packumentCache full:https://registry.npmjs.org/@bugsnag%2fcuid set size:undefined disposed:false
2135 silly placeDep ROOT @bugsnag/cuid@3.2.2 OK for: @bugsnag/core@8.9.0 want: ^3.2.1
2136 silly placeDep ROOT @bugsnag/safe-json-stringify@6.1.0 OK for: @bugsnag/core@8.9.0 want: ^6.0.0
2137 silly placeDep ROOT error-stack-parser@2.1.4 OK for: @bugsnag/core@8.9.0 want: ^2.0.3
2138 silly placeDep ROOT iserror@0.0.2 OK for: @bugsnag/core@8.9.0 want: ^0.0.2
2139 silly placeDep ROOT stack-generator@2.0.10 OK for: @bugsnag/core@8.9.0 want: ^2.0.3
2140 silly fetch manifest stackframe@^1.3.4
2141 silly packumentCache full:https://registry.npmjs.org/stackframe cache-miss
2142 silly fetch manifest stackframe@^1.3.4
2143 silly packumentCache full:https://registry.npmjs.org/stackframe cache-miss
2144 http fetch GET 200 https://registry.npmjs.org/stackframe 58ms (cache miss)
2145 silly packumentCache full:https://registry.npmjs.org/stackframe set size:undefined disposed:false
2146 http fetch GET 200 https://registry.npmjs.org/stackframe 67ms (cache miss)
2147 silly packumentCache full:https://registry.npmjs.org/stackframe set size:undefined disposed:false
2148 silly placeDep ROOT byline@5.0.0 OK for: @bugsnag/node@8.10.0 want: ^5.0.0
2149 silly placeDep ROOT pump@3.0.4 OK for: @bugsnag/node@8.10.0 want: ^3.0.0
2150 silly fetch manifest end-of-stream@^1.1.0
2151 silly packumentCache full:https://registry.npmjs.org/end-of-stream cache-miss
2152 silly fetch manifest once@^1.3.1
2153 silly packumentCache full:https://registry.npmjs.org/once cache-miss
2154 http cache https://registry.npmjs.org/once 21ms (cache hit)
2155 silly packumentCache full:https://registry.npmjs.org/once set size:11752 disposed:false
2156 http fetch GET 200 https://registry.npmjs.org/end-of-stream 51ms (cache miss)
2157 silly packumentCache full:https://registry.npmjs.org/end-of-stream set size:undefined disposed:false
2158 silly placeDep node_modules/@netlify/build-info dot-prop@9.0.0 OK for: @netlify/build-info@11.3.0 want: ^9.0.0
2159 silly placeDep node_modules/@netlify/build-info find-up@7.0.0 OK for: @netlify/build-info@11.3.0 want: ^7.0.0
2160 silly placeDep ROOT lockparse@0.5.2 OK for: @netlify/build-info@11.3.0 want: ^0.5.2
2161 silly placeDep ROOT read-pkg@9.0.1 OK for: @netlify/build-info@11.3.0 want: ^9.0.0
2162 silly placeDep ROOT smol-toml@1.9.0 OK for: @netlify/build-info@11.3.0 want: ^1.5.2
2163 silly fetch manifest type-fest@^4.18.2
2164 silly packumentCache full:https://registry.npmjs.org/type-fest cache-hit
2165 silly fetch manifest locate-path@^7.2.0
2166 silly packumentCache full:https://registry.npmjs.org/locate-path cache-hit
2167 silly fetch manifest unicorn-magic@^0.1.0
2168 silly packumentCache full:https://registry.npmjs.org/unicorn-magic cache-miss
2169 silly fetch manifest parse-json@^8.0.0
2170 silly packumentCache full:https://registry.npmjs.org/parse-json cache-miss
2171 silly fetch manifest unicorn-magic@^0.1.0
2172 silly packumentCache full:https://registry.npmjs.org/unicorn-magic cache-miss
2173 http cache https://registry.npmjs.org/unicorn-magic 34ms (cache hit)
2174 silly packumentCache full:https://registry.npmjs.org/unicorn-magic set size:11340 disposed:false
2175 silly fetch manifest normalize-package-data@^6.0.0
2176 silly packumentCache full:https://registry.npmjs.org/normalize-package-data cache-miss
2177 http cache https://registry.npmjs.org/unicorn-magic 36ms (cache hit)
2178 silly packumentCache full:https://registry.npmjs.org/unicorn-magic set size:11340 disposed:false
2179 silly packumentCache full:https://registry.npmjs.org/unicorn-magic dispose
2180 silly fetch manifest @types/normalize-package-data@^2.4.3
2181 silly packumentCache full:https://registry.npmjs.org/@types%2fnormalize-package-data cache-miss
2182 http fetch GET 200 https://registry.npmjs.org/parse-json 83ms (cache miss)
2183 silly packumentCache full:https://registry.npmjs.org/parse-json set size:undefined disposed:false
2184 http cache https://registry.npmjs.org/normalize-package-data 54ms (cache hit)
2185 silly packumentCache full:https://registry.npmjs.org/normalize-package-data set size:131306 disposed:false
2186 http fetch GET 200 https://registry.npmjs.org/@types%2fnormalize-package-data 72ms (cache miss)
2187 silly packumentCache full:https://registry.npmjs.org/@types%2fnormalize-package-data set size:undefined disposed:false
2188 silly placeDep ROOT get-stream@9.0.1 OK for: @netlify/cache-utils@7.1.2 want: ^9.0.0
2189 silly placeDep ROOT junk@4.0.1 OK for: @netlify/cache-utils@7.1.2 want: ^4.0.0
2190 silly fetch manifest @sec-ant/readable-stream@^0.4.1
2191 silly packumentCache full:https://registry.npmjs.org/@sec-ant%2freadable-stream cache-miss
2192 http fetch GET 200 https://registry.npmjs.org/@sec-ant%2freadable-stream 86ms (cache miss)
2193 silly packumentCache full:https://registry.npmjs.org/@sec-ant%2freadable-stream set size:undefined disposed:false
2194 silly placeDep ROOT deepmerge@4.3.1 OK for: @netlify/config@25.2.6 want: ^4.2.2
2195 silly placeDep node_modules/@netlify/config dot-prop@9.0.0 OK for: @netlify/config@25.2.6 want: ^9.0.0
2196 silly placeDep node_modules/@netlify/config execa@8.0.1 OK for: @netlify/config@25.2.6 want: ^8.0.0
2197 silly placeDep ROOT fast-safe-stringify@2.1.1 OK for: @netlify/config@25.2.6 want: ^2.0.7
2198 silly placeDep ROOT filter-obj@6.1.0 OK for: @netlify/config@25.2.6 want: ^6.0.0
2199 silly placeDep node_modules/@netlify/config find-up@7.0.0 OK for: @netlify/config@25.2.6 want: ^7.0.0
2200 silly placeDep ROOT is-plain-obj@4.1.0 OK for: @netlify/config@25.2.6 want: ^4.0.0
2201 silly placeDep ROOT map-obj@5.0.2 OK for: @netlify/config@25.2.6 want: ^5.0.0
2202 silly placeDep ROOT p-locate@6.0.0 OK for: @netlify/config@25.2.6 want: ^6.0.0
2203 silly placeDep ROOT path-type@6.0.0 OK for: @netlify/config@25.2.6 want: ^6.0.0
2204 silly placeDep node_modules/@netlify/config read-package-up@11.0.0 OK for: @netlify/config@25.2.6 want: ^11.0.0
2205 silly placeDep ROOT validate-npm-package-name@5.0.1 OK for: @netlify/config@25.2.6 want: ^5.0.0
2206 silly fetch manifest p-limit@^4.0.0
2207 silly packumentCache full:https://registry.npmjs.org/p-limit cache-miss
2208 http fetch GET 200 https://registry.npmjs.org/p-limit 53ms (cache miss)
2209 silly packumentCache full:https://registry.npmjs.org/p-limit set size:undefined disposed:false
2210 silly placeDep ROOT @netlify/database-dev@1.0.1 OK for: @netlify/dev@5.1.4 want: 1.0.1
2211 silly placeDep ROOT @netlify/edge-functions-dev@2.0.2 OK for: @netlify/dev@5.1.4 want: 2.0.2
2212 silly placeDep ROOT @netlify/functions-dev@2.0.9 OK for: @netlify/dev@5.1.4 want: 2.0.9
2213 silly placeDep ROOT @netlify/headers@3.0.2 OK for: @netlify/dev@5.1.4 want: 3.0.2
2214 silly placeDep ROOT @netlify/redirects@4.0.3 OK for: @netlify/dev@5.1.4 want: 4.0.3
2215 silly placeDep ROOT @netlify/runtime@5.0.6 OK for: @netlify/dev@5.1.4 want: 5.0.6
2216 silly placeDep ROOT @netlify/static@4.0.0 OK for: @netlify/dev@5.1.4 want: 4.0.0
2217 silly fetch manifest @electric-sql/pglite@^0.3.15
2218 silly packumentCache full:https://registry.npmjs.org/@electric-sql%2fpglite cache-miss
2219 silly fetch manifest pg-gateway@0.3.0-beta.4
2220 silly packumentCache full:https://registry.npmjs.org/pg-gateway cache-miss
2221 silly fetch manifest @netlify/edge-functions-bootstrap@2.16.0
2222 silly packumentCache full:https://registry.npmjs.org/@netlify%2fedge-functions-bootstrap cache-miss
2223 http cache https://registry.npmjs.org/@netlify%2fedge-functions-bootstrap 22ms (cache hit)
2224 silly packumentCache full:https://registry.npmjs.org/@netlify%2fedge-functions-bootstrap set size:27045 disposed:false
2225 silly fetch manifest @netlify/functions@6.0.1
2226 silly packumentCache full:https://registry.npmjs.org/@netlify%2ffunctions cache-miss
2227 http fetch GET 200 https://registry.npmjs.org/pg-gateway 360ms (cache miss)
2228 silly packumentCache full:https://registry.npmjs.org/pg-gateway set size:undefined disposed:false
2229 silly fetch manifest @netlify/cache@4.0.1
2230 silly packumentCache full:https://registry.npmjs.org/@netlify%2fcache cache-miss
2231 http fetch GET 200 https://registry.npmjs.org/@electric-sql%2fpglite 430ms (cache miss)
2232 silly packumentCache full:https://registry.npmjs.org/@electric-sql%2fpglite set size:undefined disposed:false
2233 http fetch GET 200 https://registry.npmjs.org/@netlify%2ffunctions 671ms (cache miss)
2234 silly packumentCache full:https://registry.npmjs.org/@netlify%2ffunctions set size:undefined disposed:false
2235 http fetch GET 200 https://registry.npmjs.org/@netlify%2fcache 1066ms (cache miss)
2236 silly packumentCache full:https://registry.npmjs.org/@netlify%2fcache set size:undefined disposed:false
2237 silly placeDep ROOT @electric-sql/pglite@0.3.16 OK for: @netlify/database-dev@1.0.1 want: ^0.3.15
2238 silly placeDep ROOT pg-gateway@0.3.0-beta.4 OK for: @netlify/database-dev@1.0.1 want: 0.3.0-beta.4
2239 silly placeDep ROOT @whatwg-node/server@0.11.0 OK for: @netlify/dev-utils@6.0.2 want: ^0.11.0
2240 silly placeDep ROOT atomically@2.1.1 OK for: @netlify/dev-utils@6.0.2 want: ^2.0.3
2241 silly placeDep ROOT dettle@1.0.5 OK for: @netlify/dev-utils@6.0.2 want: ^1.0.5
2242 silly placeDep node_modules/@netlify/dev-utils dot-prop@9.0.0 OK for: @netlify/dev-utils@6.0.2 want: 9.0.0
2243 silly placeDep ROOT empathic@2.1.0 OK for: @netlify/dev-utils@6.0.2 want: ^2.0.0
2244 silly placeDep node_modules/@netlify/dev-utils env-paths@3.0.0 OK for: @netlify/dev-utils@6.0.2 want: ^3.0.0
2245 silly placeDep ROOT parse-gitignore@2.0.0 OK for: @netlify/dev-utils@6.0.2 want: ^2.0.0
2246 silly fetch manifest tslib@^2.6.3
2247 silly packumentCache full:https://registry.npmjs.org/tslib cache-miss
2248 silly fetch manifest @whatwg-node/fetch@^0.10.13
2249 silly packumentCache full:https://registry.npmjs.org/@whatwg-node%2ffetch cache-miss
2250 silly fetch manifest @envelop/instrumentation@^1.0.0
2251 silly packumentCache full:https://registry.npmjs.org/@envelop%2finstrumentation cache-miss
2252 http fetch GET 200 https://registry.npmjs.org/tslib 51ms (cache miss)
2253 silly packumentCache full:https://registry.npmjs.org/tslib set size:undefined disposed:false
2254 silly fetch manifest @whatwg-node/disposablestack@^0.0.6
2255 silly packumentCache full:https://registry.npmjs.org/@whatwg-node%2fdisposablestack cache-miss
2256 http fetch GET 200 https://registry.npmjs.org/@envelop%2finstrumentation 284ms (cache miss)
2257 silly packumentCache full:https://registry.npmjs.org/@envelop%2finstrumentation set size:undefined disposed:false
2258 silly fetch manifest @whatwg-node/promise-helpers@^1.3.2
2259 silly packumentCache full:https://registry.npmjs.org/@whatwg-node%2fpromise-helpers cache-miss
2260 http fetch GET 200 https://registry.npmjs.org/@whatwg-node%2ffetch 337ms (cache miss)
2261 silly packumentCache full:https://registry.npmjs.org/@whatwg-node%2ffetch set size:undefined disposed:false
2262 silly fetch manifest stubborn-fs@^2.0.0
2263 silly packumentCache full:https://registry.npmjs.org/stubborn-fs cache-miss
2264 http fetch GET 200 https://registry.npmjs.org/stubborn-fs 59ms (cache miss)
2265 silly packumentCache full:https://registry.npmjs.org/stubborn-fs set size:undefined disposed:false
2266 silly fetch manifest when-exit@^2.1.4
2267 silly packumentCache full:https://registry.npmjs.org/when-exit cache-miss
2268 http fetch GET 200 https://registry.npmjs.org/when-exit 53ms (cache miss)
2269 silly packumentCache full:https://registry.npmjs.org/when-exit set size:undefined disposed:false
2270 http fetch GET 200 https://registry.npmjs.org/@whatwg-node%2fdisposablestack 594ms (cache miss)
2271 silly packumentCache full:https://registry.npmjs.org/@whatwg-node%2fdisposablestack set size:undefined disposed:false
2272 http fetch GET 200 https://registry.npmjs.org/@whatwg-node%2fpromise-helpers 454ms (cache miss)
2273 silly packumentCache full:https://registry.npmjs.org/@whatwg-node%2fpromise-helpers set size:undefined disposed:false
2274 silly placeDep ROOT @import-maps/resolve@2.0.0 OK for: @netlify/edge-bundler@16.1.1 want: ^2.0.0
2275 silly placeDep ROOT acorn@8.18.0 OK for: @netlify/edge-bundler@16.1.1 want: ^8.15.0
2276 silly placeDep ROOT ajv@8.20.0 OK for: @netlify/edge-bundler@16.1.1 want: ^8.11.2
2277 silly placeDep ROOT ajv-errors@3.0.0 OK for: @netlify/edge-bundler@16.1.1 want: ^3.0.0
2278 silly placeDep ROOT better-ajv-errors@1.2.0 OK for: @netlify/edge-bundler@16.1.1 want: ^1.2.0
2279 silly placeDep ROOT common-path-prefix@3.0.0 OK for: @netlify/edge-bundler@16.1.1 want: ^3.0.0
2280 silly placeDep ROOT esbuild@0.28.1 OK for: @netlify/edge-bundler@16.1.1 want: 0.28.1
2281 silly placeDep node_modules/@netlify/edge-bundler execa@8.0.1 OK for: @netlify/edge-bundler@16.1.1 want: ^8.0.0
2282 silly placeDep node_modules/@netlify/edge-bundler find-up@7.0.0 OK for: @netlify/edge-bundler@16.1.1 want: ^7.0.0
2283 silly placeDep ROOT node-stream-zip@1.16.0 OK for: @netlify/edge-bundler@16.1.1 want: ^1.15.0
2284 silly placeDep ROOT p-retry@6.2.1 OK for: @netlify/edge-bundler@16.1.1 want: ^6.0.0
2285 silly placeDep ROOT parse-imports@2.2.1 OK for: @netlify/edge-bundler@16.1.1 want: ^2.2.1
2286 silly placeDep ROOT tar@7.5.22 OK for: @netlify/edge-bundler@16.1.1 want: ^7.5.12
2287 silly placeDep ROOT tmp-promise@3.0.3 OK for: @netlify/edge-bundler@16.1.1 want: ^3.0.3
2288 silly placeDep ROOT urlpattern-polyfill@8.0.2 OK for: @netlify/edge-bundler@16.1.1 want: 8.0.2
2289 silly fetch manifest fast-deep-equal@^3.1.3
2290 silly packumentCache full:https://registry.npmjs.org/fast-deep-equal cache-miss
2291 silly fetch manifest fast-uri@^3.0.1
2292 silly packumentCache full:https://registry.npmjs.org/fast-uri cache-miss
2293 silly fetch manifest json-schema-traverse@^1.0.0
2294 silly packumentCache full:https://registry.npmjs.org/json-schema-traverse cache-miss
2295 http fetch GET 200 https://registry.npmjs.org/json-schema-traverse 99ms (cache miss)
2296 silly packumentCache full:https://registry.npmjs.org/json-schema-traverse set size:undefined disposed:false
2297 silly fetch manifest require-from-string@^2.0.2
2298 silly packumentCache full:https://registry.npmjs.org/require-from-string cache-miss
2299 http fetch GET 200 https://registry.npmjs.org/fast-deep-equal 120ms (cache miss)
2300 silly packumentCache full:https://registry.npmjs.org/fast-deep-equal set size:undefined disposed:false
2301 silly fetch manifest chalk@^4.1.2
2302 silly packumentCache full:https://registry.npmjs.org/chalk cache-hit
2303 silly fetch manifest leven@^3.1.0 < 4
2304 silly packumentCache full:https://registry.npmjs.org/leven cache-miss
2305 http fetch GET 200 https://registry.npmjs.org/fast-uri 134ms (cache miss)
2306 silly packumentCache full:https://registry.npmjs.org/fast-uri set size:undefined disposed:false
2307 silly fetch manifest jsonpointer@^5.0.0
2308 silly packumentCache full:https://registry.npmjs.org/jsonpointer cache-miss
2309 http fetch GET 200 https://registry.npmjs.org/require-from-string 69ms (cache miss)
2310 silly packumentCache full:https://registry.npmjs.org/require-from-string set size:undefined disposed:false
2311 silly fetch manifest @babel/code-frame@^7.16.0
2312 silly packumentCache full:https://registry.npmjs.org/@babel%2fcode-frame cache-miss
2313 http fetch GET 200 https://registry.npmjs.org/leven 68ms (cache miss)
2314 silly packumentCache full:https://registry.npmjs.org/leven set size:undefined disposed:false
2315 silly fetch manifest @humanwhocodes/momoa@^2.0.2
2316 silly packumentCache full:https://registry.npmjs.org/@humanwhocodes%2fmomoa cache-miss
2317 http fetch GET 200 https://registry.npmjs.org/jsonpointer 87ms (cache miss)
2318 silly packumentCache full:https://registry.npmjs.org/jsonpointer set size:undefined disposed:false
2319 silly fetch manifest @esbuild/aix-ppc64@0.28.1
2320 silly packumentCache full:https://registry.npmjs.org/@esbuild%2faix-ppc64 cache-miss
2321 http fetch GET 200 https://registry.npmjs.org/@humanwhocodes%2fmomoa 70ms (cache miss)
2322 silly packumentCache full:https://registry.npmjs.org/@humanwhocodes%2fmomoa set size:undefined disposed:false
2323 silly fetch manifest @esbuild/linux-arm@0.28.1
2324 silly packumentCache full:https://registry.npmjs.org/@esbuild%2flinux-arm cache-miss
2325 http fetch GET 200 https://registry.npmjs.org/@esbuild%2faix-ppc64 87ms (cache miss)
2326 silly packumentCache full:https://registry.npmjs.org/@esbuild%2faix-ppc64 set size:undefined disposed:false
2327 silly fetch manifest @esbuild/linux-x64@0.28.1
2328 silly packumentCache full:https://registry.npmjs.org/@esbuild%2flinux-x64 cache-miss
2329 http fetch GET 200 https://registry.npmjs.org/@babel%2fcode-frame 169ms (cache miss)
2330 silly packumentCache full:https://registry.npmjs.org/@babel%2fcode-frame set size:undefined disposed:false
2331 silly fetch manifest @esbuild/sunos-x64@0.28.1
2332 silly packumentCache full:https://registry.npmjs.org/@esbuild%2fsunos-x64 cache-miss
2333 http fetch GET 200 https://registry.npmjs.org/@esbuild%2flinux-arm 99ms (cache miss)
2334 silly packumentCache full:https://registry.npmjs.org/@esbuild%2flinux-arm set size:undefined disposed:false
2335 silly fetch manifest @esbuild/win32-x64@0.28.1
2336 silly packumentCache full:https://registry.npmjs.org/@esbuild%2fwin32-x64 cache-miss
2337 http fetch GET 200 https://registry.npmjs.org/@esbuild%2flinux-x64 194ms (cache miss)
2338 silly packumentCache full:https://registry.npmjs.org/@esbuild%2flinux-x64 set size:undefined disposed:false
2339 silly fetch manifest @esbuild/darwin-x64@0.28.1
2340 silly packumentCache full:https://registry.npmjs.org/@esbuild%2fdarwin-x64 cache-miss
2341 http fetch GET 200 https://registry.npmjs.org/@esbuild%2fsunos-x64 216ms (cache miss)
2342 silly packumentCache full:https://registry.npmjs.org/@esbuild%2fsunos-x64 set size:undefined disposed:false
2343 silly fetch manifest @esbuild/linux-ia32@0.28.1
2344 silly packumentCache full:https://registry.npmjs.org/@esbuild%2flinux-ia32 cache-miss
2345 http fetch GET 200 https://registry.npmjs.org/@esbuild%2fwin32-x64 229ms (cache miss)
2346 silly packumentCache full:https://registry.npmjs.org/@esbuild%2fwin32-x64 set size:undefined disposed:false
2347 silly fetch manifest @esbuild/netbsd-x64@0.28.1
2348 silly packumentCache full:https://registry.npmjs.org/@esbuild%2fnetbsd-x64 cache-miss
2349 http fetch GET 200 https://registry.npmjs.org/@esbuild%2fdarwin-x64 124ms (cache miss)
2350 silly packumentCache full:https://registry.npmjs.org/@esbuild%2fdarwin-x64 set size:undefined disposed:false
2351 silly fetch manifest @esbuild/win32-ia32@0.28.1
2352 silly packumentCache full:https://registry.npmjs.org/@esbuild%2fwin32-ia32 cache-miss
2353 http fetch GET 200 https://registry.npmjs.org/@esbuild%2flinux-ia32 114ms (cache miss)
2354 silly packumentCache full:https://registry.npmjs.org/@esbuild%2flinux-ia32 set size:undefined disposed:false
2355 silly fetch manifest @esbuild/android-arm@0.28.1
2356 silly packumentCache full:https://registry.npmjs.org/@esbuild%2fandroid-arm cache-miss
2357 http fetch GET 200 https://registry.npmjs.org/@esbuild%2fnetbsd-x64 108ms (cache miss)
2358 silly packumentCache full:https://registry.npmjs.org/@esbuild%2fnetbsd-x64 set size:undefined disposed:false
2359 silly fetch manifest @esbuild/android-x64@0.28.1
2360 silly packumentCache full:https://registry.npmjs.org/@esbuild%2fandroid-x64 cache-miss
2361 http fetch GET 200 https://registry.npmjs.org/@esbuild%2fwin32-ia32 106ms (cache miss)
2362 silly packumentCache full:https://registry.npmjs.org/@esbuild%2fwin32-ia32 set size:undefined disposed:false
2363 silly fetch manifest @esbuild/freebsd-x64@0.28.1
2364 silly packumentCache full:https://registry.npmjs.org/@esbuild%2ffreebsd-x64 cache-miss
2365 http fetch GET 200 https://registry.npmjs.org/@esbuild%2fandroid-arm 103ms (cache miss)
2366 silly packumentCache full:https://registry.npmjs.org/@esbuild%2fandroid-arm set size:undefined disposed:false
2367 silly fetch manifest @esbuild/linux-arm64@0.28.1
2368 silly packumentCache full:https://registry.npmjs.org/@esbuild%2flinux-arm64 cache-miss
2369 http fetch GET 200 https://registry.npmjs.org/@esbuild%2fandroid-x64 96ms (cache miss)
2370 silly packumentCache full:https://registry.npmjs.org/@esbuild%2fandroid-x64 set size:undefined disposed:false
2371 silly fetch manifest @esbuild/linux-ppc64@0.28.1
2372 silly packumentCache full:https://registry.npmjs.org/@esbuild%2flinux-ppc64 cache-miss
2373 http fetch GET 200 https://registry.npmjs.org/@esbuild%2ffreebsd-x64 93ms (cache miss)
2374 silly packumentCache full:https://registry.npmjs.org/@esbuild%2ffreebsd-x64 set size:undefined disposed:false
2375 silly fetch manifest @esbuild/linux-s390x@0.28.1
2376 silly packumentCache full:https://registry.npmjs.org/@esbuild%2flinux-s390x cache-miss
2377 http fetch GET 200 https://registry.npmjs.org/@esbuild%2flinux-arm64 116ms (cache miss)
2378 silly packumentCache full:https://registry.npmjs.org/@esbuild%2flinux-arm64 set size:undefined disposed:false
2379 silly fetch manifest @esbuild/openbsd-x64@0.28.1
2380 silly packumentCache full:https://registry.npmjs.org/@esbuild%2fopenbsd-x64 cache-miss
2381 http fetch GET 200 https://registry.npmjs.org/@esbuild%2flinux-ppc64 145ms (cache miss)
2382 silly packumentCache full:https://registry.npmjs.org/@esbuild%2flinux-ppc64 set size:undefined disposed:false
2383 silly fetch manifest @esbuild/win32-arm64@0.28.1
2384 silly packumentCache full:https://registry.npmjs.org/@esbuild%2fwin32-arm64 cache-miss
2385 http fetch GET 200 https://registry.npmjs.org/@esbuild%2flinux-s390x 155ms (cache miss)
2386 silly packumentCache full:https://registry.npmjs.org/@esbuild%2flinux-s390x set size:undefined disposed:false
2387 silly fetch manifest @esbuild/darwin-arm64@0.28.1
2388 silly packumentCache full:https://registry.npmjs.org/@esbuild%2fdarwin-arm64 cache-miss
2389 http fetch GET 200 https://registry.npmjs.org/@esbuild%2fopenbsd-x64 153ms (cache miss)
2390 silly packumentCache full:https://registry.npmjs.org/@esbuild%2fopenbsd-x64 set size:undefined disposed:false
2391 silly fetch manifest @esbuild/netbsd-arm64@0.28.1
2392 silly packumentCache full:https://registry.npmjs.org/@esbuild%2fnetbsd-arm64 cache-miss
2393 http fetch GET 200 https://registry.npmjs.org/@esbuild%2fwin32-arm64 168ms (cache miss)
2394 silly packumentCache full:https://registry.npmjs.org/@esbuild%2fwin32-arm64 set size:undefined disposed:false
2395 silly fetch manifest @esbuild/android-arm64@0.28.1
2396 silly packumentCache full:https://registry.npmjs.org/@esbuild%2fandroid-arm64 cache-miss
2397 http fetch GET 200 https://registry.npmjs.org/@esbuild%2fdarwin-arm64 171ms (cache miss)
2398 silly packumentCache full:https://registry.npmjs.org/@esbuild%2fdarwin-arm64 set size:undefined disposed:false
2399 silly fetch manifest @esbuild/freebsd-arm64@0.28.1
2400 silly packumentCache full:https://registry.npmjs.org/@esbuild%2ffreebsd-arm64 cache-miss
2401 http fetch GET 200 https://registry.npmjs.org/@esbuild%2fnetbsd-arm64 128ms (cache miss)
2402 silly packumentCache full:https://registry.npmjs.org/@esbuild%2fnetbsd-arm64 set size:undefined disposed:false
2403 silly fetch manifest @esbuild/linux-loong64@0.28.1
2404 silly packumentCache full:https://registry.npmjs.org/@esbuild%2flinux-loong64 cache-miss
2405 http fetch GET 200 https://registry.npmjs.org/@esbuild%2fandroid-arm64 91ms (cache miss)
2406 silly packumentCache full:https://registry.npmjs.org/@esbuild%2fandroid-arm64 set size:undefined disposed:false
2407 silly fetch manifest @esbuild/linux-riscv64@0.28.1
2408 silly packumentCache full:https://registry.npmjs.org/@esbuild%2flinux-riscv64 cache-miss
2409 http fetch GET 200 https://registry.npmjs.org/@esbuild%2ffreebsd-arm64 125ms (cache miss)
2410 silly packumentCache full:https://registry.npmjs.org/@esbuild%2ffreebsd-arm64 set size:undefined disposed:false
2411 silly fetch manifest @esbuild/openbsd-arm64@0.28.1
2412 silly packumentCache full:https://registry.npmjs.org/@esbuild%2fopenbsd-arm64 cache-miss
2413 http fetch GET 200 https://registry.npmjs.org/@esbuild%2flinux-loong64 123ms (cache miss)
2414 silly packumentCache full:https://registry.npmjs.org/@esbuild%2flinux-loong64 set size:undefined disposed:false
2415 silly fetch manifest @esbuild/linux-mips64el@0.28.1
2416 silly packumentCache full:https://registry.npmjs.org/@esbuild%2flinux-mips64el cache-miss
2417 http fetch GET 200 https://registry.npmjs.org/@esbuild%2flinux-riscv64 125ms (cache miss)
2418 silly packumentCache full:https://registry.npmjs.org/@esbuild%2flinux-riscv64 set size:undefined disposed:false
2419 silly fetch manifest @esbuild/openharmony-arm64@0.28.1
2420 silly packumentCache full:https://registry.npmjs.org/@esbuild%2fopenharmony-arm64 cache-miss
2421 http fetch GET 200 https://registry.npmjs.org/@esbuild%2fopenbsd-arm64 91ms (cache miss)
2422 silly packumentCache full:https://registry.npmjs.org/@esbuild%2fopenbsd-arm64 set size:undefined disposed:false
2423 silly fetch manifest retry@^0.13.1
2424 silly packumentCache full:https://registry.npmjs.org/retry cache-miss
2425 http fetch GET 200 https://registry.npmjs.org/@esbuild%2fopenharmony-arm64 107ms (cache miss)
2426 silly packumentCache full:https://registry.npmjs.org/@esbuild%2fopenharmony-arm64 set size:undefined disposed:false
2427 silly fetch manifest @types/retry@0.12.2
2428 silly packumentCache full:https://registry.npmjs.org/@types%2fretry cache-miss
2429 http fetch GET 200 https://registry.npmjs.org/@esbuild%2flinux-mips64el 153ms (cache miss)
2430 silly packumentCache full:https://registry.npmjs.org/@esbuild%2flinux-mips64el set size:undefined disposed:false
2431 silly fetch manifest is-network-error@^1.0.0
2432 silly packumentCache full:https://registry.npmjs.org/is-network-error cache-miss
2433 http fetch GET 200 https://registry.npmjs.org/retry 67ms (cache miss)
2434 silly packumentCache full:https://registry.npmjs.org/retry set size:undefined disposed:false
2435 silly fetch manifest slashes@^3.0.12
2436 silly packumentCache full:https://registry.npmjs.org/slashes cache-miss
2437 http fetch GET 200 https://registry.npmjs.org/is-network-error 65ms (cache miss)
2438 silly packumentCache full:https://registry.npmjs.org/is-network-error set size:undefined disposed:false
2439 silly fetch manifest es-module-lexer@^1.5.3
2440 silly packumentCache full:https://registry.npmjs.org/es-module-lexer cache-miss
2441 http fetch GET 200 https://registry.npmjs.org/@types%2fretry 90ms (cache miss)
2442 silly packumentCache full:https://registry.npmjs.org/@types%2fretry set size:undefined disposed:false
2443 silly fetch manifest chownr@^3.0.0
2444 silly packumentCache full:https://registry.npmjs.org/chownr cache-miss
2445 http cache https://registry.npmjs.org/es-module-lexer 156ms (cache hit)
2446 silly packumentCache full:https://registry.npmjs.org/es-module-lexer set size:230033 disposed:false
2447 silly fetch manifest yallist@^5.0.0
2448 silly packumentCache full:https://registry.npmjs.org/yallist cache-miss
2449 http fetch GET 200 https://registry.npmjs.org/chownr 382ms (cache miss)
2450 silly packumentCache full:https://registry.npmjs.org/chownr set size:undefined disposed:false
2451 silly fetch manifest minipass@^7.1.2
2452 silly packumentCache full:https://registry.npmjs.org/minipass cache-miss
2453 http fetch GET 200 https://registry.npmjs.org/yallist 198ms (cache miss)
2454 silly packumentCache full:https://registry.npmjs.org/yallist set size:undefined disposed:false
2455 silly fetch manifest minizlib@^3.1.0
2456 silly packumentCache full:https://registry.npmjs.org/minizlib cache-miss
2457 http fetch GET 200 https://registry.npmjs.org/slashes 535ms (cache miss)
2458 silly packumentCache full:https://registry.npmjs.org/slashes set size:undefined disposed:false
2459 silly fetch manifest @isaacs/fs-minipass@^4.0.0
2460 silly packumentCache full:https://registry.npmjs.org/@isaacs%2ffs-minipass cache-miss
2461 http cache https://registry.npmjs.org/minipass 97ms (cache hit)
2462 silly packumentCache full:https://registry.npmjs.org/minipass set size:276925 disposed:false
2463 silly fetch manifest tmp@^0.2.0
2464 silly packumentCache full:https://registry.npmjs.org/tmp cache-miss
2465 http fetch GET 200 https://registry.npmjs.org/@isaacs%2ffs-minipass 81ms (cache miss)
2466 silly packumentCache full:https://registry.npmjs.org/@isaacs%2ffs-minipass set size:undefined disposed:false
2467 http fetch GET 200 https://registry.npmjs.org/minizlib 104ms (cache miss)
2468 silly packumentCache full:https://registry.npmjs.org/minizlib set size:undefined disposed:false
2469 http fetch GET 200 https://registry.npmjs.org/tmp 79ms (cache miss)
2470 silly packumentCache full:https://registry.npmjs.org/tmp set size:undefined disposed:false
2471 silly placeDep ROOT @netlify/types@3.1.0 OK for: @netlify/edge-functions@4.0.1 want: 3.1.0
2472 silly placeDep node_modules/@netlify/edge-functions-dev @netlify/edge-functions-bootstrap@2.16.0 OK for: @netlify/edge-functions-dev@2.0.2 want: 2.16.0
2473 silly placeDep node_modules/@netlify/edge-functions-dev get-port@7.2.0 OK for: @netlify/edge-functions-dev@2.0.2 want: ^7.1.0
2474 silly placeDep ROOT @netlify/functions@6.0.1 OK for: @netlify/functions-dev@2.0.9 want: 6.0.1
2475 silly placeDep ROOT micro-memoize@5.2.0 OK for: @netlify/git-utils@7.1.1 want: ^5.1.1
2476 silly placeDep ROOT micromatch@4.0.8 OK for: @netlify/git-utils@7.1.1 want: ^4.0.2
2477 silly placeDep ROOT tinyexec@1.3.1 OK for: @netlify/git-utils@7.1.1 want: ^1.3.0
2478 silly fetch manifest fast-equals@^5.4.0
2479 silly packumentCache full:https://registry.npmjs.org/fast-equals cache-miss
2480 silly fetch manifest fast-stringify@^4.0.0
2481 silly packumentCache full:https://registry.npmjs.org/fast-stringify cache-miss
2482 silly fetch manifest braces@^3.0.3
2483 silly packumentCache full:https://registry.npmjs.org/braces cache-miss
2484 http fetch GET 200 https://registry.npmjs.org/fast-equals 92ms (cache miss)
2485 silly packumentCache full:https://registry.npmjs.org/fast-equals set size:undefined disposed:false
2486 silly fetch manifest picomatch@^2.3.1
2487 silly packumentCache full:https://registry.npmjs.org/picomatch cache-miss
2488 http fetch GET 200 https://registry.npmjs.org/braces 121ms (cache miss)
2489 silly packumentCache full:https://registry.npmjs.org/braces set size:undefined disposed:false
2490 http cache https://registry.npmjs.org/picomatch 41ms (cache hit)
2491 silly packumentCache full:https://registry.npmjs.org/picomatch set size:134451 disposed:false
2492 http fetch GET 200 https://registry.npmjs.org/fast-stringify 242ms (cache miss)
2493 silly packumentCache full:https://registry.npmjs.org/fast-stringify set size:undefined disposed:false
2494 silly placeDep ROOT escape-string-regexp@5.0.0 OK for: @netlify/headers-parser@10.1.1 want: ^5.0.0
2495 silly placeDep ROOT ipx@3.1.1 OK for: @netlify/images@2.0.2 want: ^3.1.1
2496 silly fetch manifest h3@^1.15.3
2497 silly packumentCache full:https://registry.npmjs.org/h3 cache-miss
2498 silly fetch manifest ufo@^1.6.1
2499 silly packumentCache full:https://registry.npmjs.org/ufo cache-miss
2500 silly fetch manifest xss@^1.0.15
2501 silly packumentCache full:https://registry.npmjs.org/xss cache-miss
2502 http fetch GET 200 https://registry.npmjs.org/xss 112ms (cache miss)
2503 silly packumentCache full:https://registry.npmjs.org/xss set size:undefined disposed:false
2504 silly fetch manifest defu@^6.1.4
2505 silly packumentCache full:https://registry.npmjs.org/defu cache-miss
2506 http fetch GET 200 https://registry.npmjs.org/ufo 140ms (cache miss)
2507 silly packumentCache full:https://registry.npmjs.org/ufo set size:undefined disposed:false
2508 silly fetch manifest svgo@^4.0.0
2509 silly packumentCache full:https://registry.npmjs.org/svgo cache-miss
2510 http fetch GET 200 https://registry.npmjs.org/h3 262ms (cache miss)
2511 silly packumentCache full:https://registry.npmjs.org/h3 set size:undefined disposed:false
2512 silly fetch manifest citty@^0.1.6
2513 silly packumentCache full:https://registry.npmjs.org/citty cache-miss
2514 http fetch GET 200 https://registry.npmjs.org/defu 315ms (cache miss)
2515 silly packumentCache full:https://registry.npmjs.org/defu set size:undefined disposed:false
2516 silly fetch manifest destr@^2.0.5
2517 silly packumentCache full:https://registry.npmjs.org/destr cache-miss
2518 http fetch GET 200 https://registry.npmjs.org/citty 630ms (cache miss)
2519 silly packumentCache full:https://registry.npmjs.org/citty set size:undefined disposed:false
2520 silly fetch manifest pathe@^2.0.3
2521 silly packumentCache full:https://registry.npmjs.org/pathe cache-miss
2522 http fetch GET 200 https://registry.npmjs.org/svgo 1065ms (cache miss)
2523 silly packumentCache full:https://registry.npmjs.org/svgo set size:undefined disposed:false
2524 silly fetch manifest sharp@^0.34.3
2525 silly packumentCache full:https://registry.npmjs.org/sharp cache-miss
2526 http fetch GET 200 https://registry.npmjs.org/destr 1154ms (cache miss)
2527 silly packumentCache full:https://registry.npmjs.org/destr set size:undefined disposed:false
2528 silly fetch manifest ofetch@^1.4.1
2529 silly packumentCache full:https://registry.npmjs.org/ofetch cache-miss
2530 http fetch GET 200 https://registry.npmjs.org/pathe 1610ms (cache miss)
2531 silly packumentCache full:https://registry.npmjs.org/pathe set size:undefined disposed:false
2532 silly fetch manifest consola@^3.4.2
2533 silly packumentCache full:https://registry.npmjs.org/consola cache-miss
2534 http fetch GET 200 https://registry.npmjs.org/ofetch 873ms (cache miss)
2535 silly packumentCache full:https://registry.npmjs.org/ofetch set size:undefined disposed:false
2536 silly fetch manifest listhen@^1.9.0
2537 silly packumentCache full:https://registry.npmjs.org/listhen cache-miss
2538 http fetch GET 200 https://registry.npmjs.org/consola 281ms (cache miss)
2539 silly packumentCache full:https://registry.npmjs.org/consola set size:undefined disposed:false
2540 silly fetch manifest unstorage@^1.16.1
2541 silly packumentCache full:https://registry.npmjs.org/unstorage cache-miss
2542 http fetch GET 200 https://registry.npmjs.org/sharp 1649ms (cache miss)
2543 silly packumentCache full:https://registry.npmjs.org/sharp set size:undefined disposed:false
2544 silly fetch manifest image-meta@^0.2.1
2545 silly packumentCache full:https://registry.npmjs.org/image-meta cache-miss
2546 http fetch GET 200 https://registry.npmjs.org/listhen 398ms (cache miss)
2547 silly packumentCache full:https://registry.npmjs.org/listhen set size:undefined disposed:false
2548 http fetch GET 200 https://registry.npmjs.org/unstorage 190ms (cache miss)
2549 silly packumentCache full:https://registry.npmjs.org/unstorage set size:undefined disposed:false
2550 http fetch GET 200 https://registry.npmjs.org/image-meta 107ms (cache miss)
2551 silly packumentCache full:https://registry.npmjs.org/image-meta set size:undefined disposed:false
2552 silly placeDep ROOT @netlify/local-functions-proxy-darwin-arm64@1.1.1 OK for: @netlify/local-functions-proxy@2.0.3 want: 1.1.1
2553 silly placeDep ROOT @netlify/local-functions-proxy-darwin-x64@1.1.1 OK for: @netlify/local-functions-proxy@2.0.3 want: 1.1.1
2554 silly placeDep ROOT @netlify/local-functions-proxy-freebsd-arm64@1.1.1 OK for: @netlify/local-functions-proxy@2.0.3 want: 1.1.1
2555 silly placeDep ROOT @netlify/local-functions-proxy-freebsd-x64@1.1.1 OK for: @netlify/local-functions-proxy@2.0.3 want: 1.1.1
2556 silly placeDep ROOT @netlify/local-functions-proxy-linux-arm@1.1.1 OK for: @netlify/local-functions-proxy@2.0.3 want: 1.1.1
2557 silly placeDep ROOT @netlify/local-functions-proxy-linux-arm64@1.1.1 OK for: @netlify/local-functions-proxy@2.0.3 want: 1.1.1
2558 silly placeDep ROOT @netlify/local-functions-proxy-linux-ia32@1.1.1 OK for: @netlify/local-functions-proxy@2.0.3 want: 1.1.1
2559 silly placeDep ROOT @netlify/local-functions-proxy-linux-ppc64@1.1.1 OK for: @netlify/local-functions-proxy@2.0.3 want: 1.1.1
2560 silly placeDep ROOT @netlify/local-functions-proxy-linux-x64@1.1.1 OK for: @netlify/local-functions-proxy@2.0.3 want: 1.1.1
2561 silly placeDep ROOT @netlify/local-functions-proxy-openbsd-x64@1.1.1 OK for: @netlify/local-functions-proxy@2.0.3 want: 1.1.1
2562 silly placeDep ROOT @netlify/local-functions-proxy-win32-ia32@1.1.1 OK for: @netlify/local-functions-proxy@2.0.3 want: 1.1.1
2563 silly placeDep ROOT @netlify/local-functions-proxy-win32-x64@1.1.1 OK for: @netlify/local-functions-proxy@2.0.3 want: 1.1.1
2564 silly fetch manifest @opentelemetry/api@1.9.1
2565 silly packumentCache full:https://registry.npmjs.org/@opentelemetry%2fapi cache-miss
2566 http cache https://registry.npmjs.org/@opentelemetry%2fapi 31ms (cache hit)
2567 silly packumentCache full:https://registry.npmjs.org/@opentelemetry%2fapi set size:272967 disposed:false
2568 silly placeDep ROOT @opentelemetry/core@2.10.0 OK for: @netlify/otel@7.0.3 want: 2.10.0
2569 silly placeDep ROOT @opentelemetry/instrumentation@0.221.0 OK for: @netlify/otel@7.0.3 want: ^0.221.0
2570 silly placeDep ROOT @opentelemetry/resources@2.10.0 OK for: @netlify/otel@7.0.3 want: 2.10.0
2571 silly placeDep ROOT @opentelemetry/sdk-trace-node@2.10.0 OK for: @netlify/otel@7.0.3 want: 2.10.0
2572 silly fetch manifest @opentelemetry/semantic-conventions@^1.29.0
2573 silly packumentCache full:https://registry.npmjs.org/@opentelemetry%2fsemantic-conventions cache-miss
2574 silly fetch manifest import-in-the-middle@^3.0.0
2575 silly packumentCache full:https://registry.npmjs.org/import-in-the-middle cache-miss
2576 silly fetch manifest require-in-the-middle@^8.0.0
2577 silly packumentCache full:https://registry.npmjs.org/require-in-the-middle cache-miss
2578 http fetch GET 200 https://registry.npmjs.org/require-in-the-middle 119ms (cache miss)
2579 silly packumentCache full:https://registry.npmjs.org/require-in-the-middle set size:undefined disposed:false
2580 silly fetch manifest @opentelemetry/api-logs@0.221.0
2581 silly packumentCache full:https://registry.npmjs.org/@opentelemetry%2fapi-logs cache-miss
2582 http fetch GET 200 https://registry.npmjs.org/import-in-the-middle 141ms (cache miss)
2583 silly packumentCache full:https://registry.npmjs.org/import-in-the-middle set size:undefined disposed:false
2584 silly fetch manifest @opentelemetry/semantic-conventions@^1.29.0
2585 silly packumentCache full:https://registry.npmjs.org/@opentelemetry%2fsemantic-conventions cache-miss
2586 http fetch GET 200 https://registry.npmjs.org/@opentelemetry%2fsemantic-conventions 189ms (cache miss)
2587 silly packumentCache full:https://registry.npmjs.org/@opentelemetry%2fsemantic-conventions set size:undefined disposed:false
2588 silly fetch manifest @opentelemetry/sdk-trace-base@2.10.0
2589 silly packumentCache full:https://registry.npmjs.org/@opentelemetry%2fsdk-trace-base cache-miss
2590 http fetch GET 200 https://registry.npmjs.org/@opentelemetry%2fapi-logs 668ms (cache miss)
2591 silly packumentCache full:https://registry.npmjs.org/@opentelemetry%2fapi-logs set size:undefined disposed:false
2592 silly fetch manifest @opentelemetry/context-async-hooks@2.10.0
2593 silly packumentCache full:https://registry.npmjs.org/@opentelemetry%2fcontext-async-hooks cache-miss
2594 http fetch GET 200 https://registry.npmjs.org/@opentelemetry%2fsemantic-conventions 843ms (cache miss)
2595 silly packumentCache full:https://registry.npmjs.org/@opentelemetry%2fsemantic-conventions set size:undefined disposed:false
2596 http fetch GET 200 https://registry.npmjs.org/@opentelemetry%2fsdk-trace-base 778ms (cache miss)
2597 silly packumentCache full:https://registry.npmjs.org/@opentelemetry%2fsdk-trace-base set size:undefined disposed:false
2598 http fetch GET 200 https://registry.npmjs.org/@opentelemetry%2fcontext-async-hooks 317ms (cache miss)
2599 silly packumentCache full:https://registry.npmjs.org/@opentelemetry%2fcontext-async-hooks set size:undefined disposed:false
2600 silly placeDep node_modules/@netlify/run-utils execa@8.0.1 OK for: @netlify/run-utils@7.1.0 want: ^8.0.0
2601 silly placeDep ROOT @netlify/cache@4.0.1 OK for: @netlify/runtime@5.0.6 want: 4.0.1
2602 silly placeDep ROOT @netlify/serverless-functions-api@2.23.0 OK for: @netlify/server-dev@0.1.2 want: ^2.21.2
2603 silly placeDep node_modules/@netlify/server-dev get-port@7.2.0 OK for: @netlify/server-dev@0.1.2 want: ^7.1.0
2604 silly fetch manifest @netlify/types@^2.8.0
2605 silly packumentCache full:https://registry.npmjs.org/@netlify%2ftypes cache-miss
2606 http cache https://registry.npmjs.org/@netlify%2ftypes 291ms (cache hit)
2607 silly packumentCache full:https://registry.npmjs.org/@netlify%2ftypes set size:48551 disposed:false
2608 silly placeDep node_modules/@netlify/serverless-functions-api @netlify/types@2.8.0 OK for: @netlify/serverless-functions-api@2.23.0 want: ^2.8.0
2609 silly placeDep ROOT mime-types@3.0.2 OK for: @netlify/static@4.0.0 want: ^3.0.0
2610 silly fetch manifest mime-db@^1.54.0
2611 silly packumentCache full:https://registry.npmjs.org/mime-db cache-miss
2612 http fetch GET 200 https://registry.npmjs.org/mime-db 336ms (cache miss)
2613 silly packumentCache full:https://registry.npmjs.org/mime-db set size:undefined disposed:false
2614 silly placeDep ROOT @babel/parser@7.29.9 OK for: @netlify/zip-it-and-ship-it@16.2.3 want: ^7.22.5
2615 silly placeDep ROOT @babel/types@7.29.8 OK for: @netlify/zip-it-and-ship-it@16.2.3 want: ^7.28.5
2616 silly placeDep ROOT @netlify/binary-info@1.0.0 OK for: @netlify/zip-it-and-ship-it@16.2.3 want: ^1.0.0
2617 silly placeDep node_modules/@netlify/zip-it-and-ship-it @netlify/serverless-functions-api@2.18.0 OK for: @netlify/zip-it-and-ship-it@16.2.3 want: 2.18.0
2618 silly placeDep ROOT @vercel/nft@1.3.1 OK for: @netlify/zip-it-and-ship-it@16.2.3 want: 1.3.1
2619 silly placeDep ROOT archiver@8.0.0 OK for: @netlify/zip-it-and-ship-it@16.2.3 want: ^8.0.0
2620 silly placeDep ROOT copy-file@11.1.0 OK for: @netlify/zip-it-and-ship-it@16.2.3 want: ^11.0.0
2621 silly placeDep ROOT es-module-lexer@1.7.0 OK for: @netlify/zip-it-and-ship-it@16.2.3 want: ^1.0.0
2622 silly placeDep node_modules/@netlify/zip-it-and-ship-it execa@8.0.1 OK for: @netlify/zip-it-and-ship-it@16.2.3 want: ^8.0.0
2623 silly placeDep ROOT fast-glob@3.3.3 OK for: @netlify/zip-it-and-ship-it@16.2.3 want: ^3.3.3
2624 silly placeDep node_modules/@netlify/zip-it-and-ship-it find-up@7.0.0 OK for: @netlify/zip-it-and-ship-it@16.2.3 want: ^7.0.0
2625 silly placeDep ROOT is-path-inside@4.0.0 OK for: @netlify/zip-it-and-ship-it@16.2.3 want: ^4.0.0
2626 silly placeDep node_modules/@netlify/zip-it-and-ship-it locate-path@7.2.0 OK for: @netlify/zip-it-and-ship-it@16.2.3 want: ^7.0.0
2627 silly placeDep ROOT merge-options@3.0.4 OK for: @netlify/zip-it-and-ship-it@16.2.3 want: ^3.0.4
2628 silly placeDep ROOT normalize-path@3.0.0 OK for: @netlify/zip-it-and-ship-it@16.2.3 want: ^3.0.0
2629 silly placeDep ROOT path-exists@5.0.0 OK for: @netlify/zip-it-and-ship-it@16.2.3 want: ^5.0.0
2630 silly placeDep ROOT precinct@12.3.2 OK for: @netlify/zip-it-and-ship-it@16.2.3 want: ^12.0.0
2631 silly placeDep ROOT require-package-name@2.0.1 OK for: @netlify/zip-it-and-ship-it@16.2.3 want: ^2.0.1
2632 silly placeDep ROOT unixify@1.0.0 OK for: @netlify/zip-it-and-ship-it@16.2.3 want: ^1.0.0
2633 silly fetch manifest @babel/types@^7.29.8
2634 silly packumentCache full:https://registry.npmjs.org/@babel%2ftypes cache-miss
2635 silly fetch manifest @babel/helper-string-parser@^7.29.7
2636 silly packumentCache full:https://registry.npmjs.org/@babel%2fhelper-string-parser cache-miss
2637 silly fetch manifest @babel/helper-validator-identifier@^7.29.7
2638 silly packumentCache full:https://registry.npmjs.org/@babel%2fhelper-validator-identifier cache-miss
2639 http cache https://registry.npmjs.org/@babel%2ftypes 30ms (cache hit)
2640 silly packumentCache full:https://registry.npmjs.org/@babel%2ftypes set size:507562 disposed:false
2641 silly fetch manifest bindings@^1.4.0
2642 silly packumentCache full:https://registry.npmjs.org/bindings cache-miss
2643 http fetch GET 200 https://registry.npmjs.org/@babel%2fhelper-validator-identifier 83ms (cache miss)
2644 silly packumentCache full:https://registry.npmjs.org/@babel%2fhelper-validator-identifier set size:undefined disposed:false
2645 silly fetch manifest picomatch@^4.0.2
2646 silly packumentCache full:https://registry.npmjs.org/picomatch cache-hit
2647 silly fetch manifest async-sema@^3.1.1
2648 silly packumentCache full:https://registry.npmjs.org/async-sema cache-miss
2649 http fetch GET 200 https://registry.npmjs.org/@babel%2fhelper-string-parser 114ms (cache miss)
2650 silly packumentCache full:https://registry.npmjs.org/@babel%2fhelper-string-parser set size:undefined disposed:false
2651 silly fetch manifest graceful-fs@^4.2.9
2652 silly packumentCache full:https://registry.npmjs.org/graceful-fs cache-miss
2653 http fetch GET 200 https://registry.npmjs.org/bindings 92ms (cache miss)
2654 silly packumentCache full:https://registry.npmjs.org/bindings set size:undefined disposed:false
2655 silly fetch manifest resolve-from@^5.0.0
2656 silly packumentCache full:https://registry.npmjs.org/resolve-from cache-miss
2657 http fetch GET 200 https://registry.npmjs.org/async-sema 82ms (cache miss)
2658 silly packumentCache full:https://registry.npmjs.org/async-sema set size:undefined disposed:false
2659 silly fetch manifest estree-walker@2.0.2
2660 silly packumentCache full:https://registry.npmjs.org/estree-walker cache-miss
2661 http fetch GET 200 https://registry.npmjs.org/graceful-fs 82ms (cache miss)
2662 silly packumentCache full:https://registry.npmjs.org/graceful-fs set size:undefined disposed:false
2663 silly fetch manifest node-gyp-build@^4.2.2
2664 silly packumentCache full:https://registry.npmjs.org/node-gyp-build cache-miss
2665 http fetch GET 200 https://registry.npmjs.org/resolve-from 71ms (cache miss)
2666 silly packumentCache full:https://registry.npmjs.org/resolve-from set size:undefined disposed:false
2667 silly fetch manifest @rollup/pluginutils@^5.1.3
2668 silly packumentCache full:https://registry.npmjs.org/@rollup%2fpluginutils cache-miss
2669 http fetch GET 200 https://registry.npmjs.org/estree-walker 78ms (cache miss)
2670 silly packumentCache full:https://registry.npmjs.org/estree-walker set size:undefined disposed:false
2671 silly fetch manifest @mapbox/node-pre-gyp@^2.0.0
2672 silly packumentCache full:https://registry.npmjs.org/@mapbox%2fnode-pre-gyp cache-miss
2673 http fetch GET 200 https://registry.npmjs.org/node-gyp-build 74ms (cache miss)
2674 silly packumentCache full:https://registry.npmjs.org/node-gyp-build set size:undefined disposed:false
2675 silly fetch manifest acorn-import-attributes@^1.9.5
2676 silly packumentCache full:https://registry.npmjs.org/acorn-import-attributes cache-miss
2677 http fetch GET 200 https://registry.npmjs.org/@rollup%2fpluginutils 155ms (cache miss)
2678 silly packumentCache full:https://registry.npmjs.org/@rollup%2fpluginutils set size:undefined disposed:false
2679 silly fetch manifest async@^3.2.4
2680 silly packumentCache full:https://registry.npmjs.org/async cache-miss
2681 http fetch GET 200 https://registry.npmjs.org/acorn-import-attributes 97ms (cache miss)
2682 silly packumentCache full:https://registry.npmjs.org/acorn-import-attributes set size:undefined disposed:false
2683 silly fetch manifest buffer-crc32@^1.0.0
2684 silly packumentCache full:https://registry.npmjs.org/buffer-crc32 cache-miss
2685 http fetch GET 200 https://registry.npmjs.org/@mapbox%2fnode-pre-gyp 143ms (cache miss)
2686 silly packumentCache full:https://registry.npmjs.org/@mapbox%2fnode-pre-gyp set size:undefined disposed:false
2687 silly fetch manifest lazystream@^1.0.0
2688 silly packumentCache full:https://registry.npmjs.org/lazystream cache-miss
2689 http fetch GET 200 https://registry.npmjs.org/buffer-crc32 84ms (cache miss)
2690 silly packumentCache full:https://registry.npmjs.org/buffer-crc32 set size:undefined disposed:false
2691 silly fetch manifest readable-stream@^4.0.0
2692 silly packumentCache full:https://registry.npmjs.org/readable-stream cache-miss
2693 http fetch GET 200 https://registry.npmjs.org/async 166ms (cache miss)
2694 silly packumentCache full:https://registry.npmjs.org/async set size:undefined disposed:false
2695 silly fetch manifest readdir-glob@^3.0.0
2696 silly packumentCache full:https://registry.npmjs.org/readdir-glob cache-miss
2697 http fetch GET 200 https://registry.npmjs.org/lazystream 210ms (cache miss)
2698 silly packumentCache full:https://registry.npmjs.org/lazystream set size:undefined disposed:false
2699 silly fetch manifest tar-stream@^3.0.0
2700 silly packumentCache full:https://registry.npmjs.org/tar-stream cache-miss
2701 http cache https://registry.npmjs.org/readable-stream 168ms (cache hit)
2702 silly packumentCache full:https://registry.npmjs.org/readable-stream set size:261096 disposed:false
2703 silly fetch manifest zip-stream@^7.0.2
2704 silly packumentCache full:https://registry.npmjs.org/zip-stream cache-miss
2705 http fetch GET 200 https://registry.npmjs.org/readdir-glob 180ms (cache miss)
2706 silly packumentCache full:https://registry.npmjs.org/readdir-glob set size:undefined disposed:false
2707 silly fetch manifest graceful-fs@^4.2.11
2708 silly packumentCache full:https://registry.npmjs.org/graceful-fs cache-miss
2709 http fetch GET 200 https://registry.npmjs.org/tar-stream 169ms (cache miss)
2710 silly packumentCache full:https://registry.npmjs.org/tar-stream set size:undefined disposed:false
2711 silly fetch manifest p-event@^6.0.0
2712 silly packumentCache full:https://registry.npmjs.org/p-event cache-miss
2713 http cache https://registry.npmjs.org/graceful-fs 51ms (cache hit)
2714 silly packumentCache full:https://registry.npmjs.org/graceful-fs set size:124285 disposed:false
2715 silly fetch manifest @nodelib/fs.stat@^2.0.2
2716 silly packumentCache full:https://registry.npmjs.org/@nodelib%2ffs.stat cache-miss
2717 http fetch GET 200 https://registry.npmjs.org/p-event 216ms (cache miss)
2718 silly packumentCache full:https://registry.npmjs.org/p-event set size:undefined disposed:false
2719 silly fetch manifest @nodelib/fs.walk@^1.2.3
2720 silly packumentCache full:https://registry.npmjs.org/@nodelib%2ffs.walk cache-miss
2721 http fetch GET 200 https://registry.npmjs.org/@nodelib%2ffs.stat 216ms (cache miss)
2722 silly packumentCache full:https://registry.npmjs.org/@nodelib%2ffs.stat set size:undefined disposed:false
2723 silly fetch manifest glob-parent@^5.1.2
2724 silly packumentCache full:https://registry.npmjs.org/glob-parent cache-miss
2725 http fetch GET 200 https://registry.npmjs.org/zip-stream 436ms (cache miss)
2726 silly packumentCache full:https://registry.npmjs.org/zip-stream set size:undefined disposed:false
2727 silly fetch manifest merge2@^1.3.0
2728 silly packumentCache full:https://registry.npmjs.org/merge2 cache-miss
2729 http fetch GET 200 https://registry.npmjs.org/@nodelib%2ffs.walk 153ms (cache miss)
2730 silly packumentCache full:https://registry.npmjs.org/@nodelib%2ffs.walk set size:undefined disposed:false
2731 silly fetch manifest is-plain-obj@^2.1.0
2732 silly packumentCache full:https://registry.npmjs.org/is-plain-obj cache-hit
2733 silly fetch manifest postcss@^8.5.14
2734 silly packumentCache full:https://registry.npmjs.org/postcss cache-miss
2735 http fetch GET 200 https://registry.npmjs.org/glob-parent 166ms (cache miss)
2736 silly packumentCache full:https://registry.npmjs.org/glob-parent set size:undefined disposed:false
2737 silly fetch manifest detective-amd@^6.1.0
2738 silly packumentCache full:https://registry.npmjs.org/detective-amd cache-miss
2739 http fetch GET 200 https://registry.npmjs.org/merge2 134ms (cache miss)
2740 silly packumentCache full:https://registry.npmjs.org/merge2 set size:undefined disposed:false
2741 silly fetch manifest detective-cjs@^6.1.1
2742 silly packumentCache full:https://registry.npmjs.org/detective-cjs cache-miss
2743 http fetch GET 200 https://registry.npmjs.org/postcss 159ms (cache miss)
2744 silly packumentCache full:https://registry.npmjs.org/postcss set size:undefined disposed:false
2745 silly fetch manifest detective-es6@^5.0.2
2746 silly packumentCache full:https://registry.npmjs.org/detective-es6 cache-miss
2747 http fetch GET 200 https://registry.npmjs.org/detective-cjs 133ms (cache miss)
2748 silly packumentCache full:https://registry.npmjs.org/detective-cjs set size:undefined disposed:false
2749 silly fetch manifest detective-sass@^6.0.2
2750 silly packumentCache full:https://registry.npmjs.org/detective-sass cache-miss
2751 http fetch GET 200 https://registry.npmjs.org/detective-amd 276ms (cache miss)
2752 silly packumentCache full:https://registry.npmjs.org/detective-amd set size:undefined disposed:false
2753 silly fetch manifest detective-scss@^5.0.2
2754 silly packumentCache full:https://registry.npmjs.org/detective-scss cache-miss
2755 http fetch GET 200 https://registry.npmjs.org/detective-es6 423ms (cache miss)
2756 silly packumentCache full:https://registry.npmjs.org/detective-es6 set size:undefined disposed:false
2757 silly fetch manifest detective-vue2@^2.3.0
2758 silly packumentCache full:https://registry.npmjs.org/detective-vue2 cache-miss
2759 http fetch GET 200 https://registry.npmjs.org/detective-scss 451ms (cache miss)
2760 silly packumentCache full:https://registry.npmjs.org/detective-scss set size:undefined disposed:false
2761 silly fetch manifest detective-stylus@^5.0.1
2762 silly packumentCache full:https://registry.npmjs.org/detective-stylus cache-miss
2763 http fetch GET 200 https://registry.npmjs.org/detective-sass 618ms (cache miss)
2764 silly packumentCache full:https://registry.npmjs.org/detective-sass set size:undefined disposed:false
2765 silly fetch manifest node-source-walk@^7.0.2
2766 silly packumentCache full:https://registry.npmjs.org/node-source-walk cache-miss
2767 http fetch GET 200 https://registry.npmjs.org/detective-vue2 448ms (cache miss)
2768 silly packumentCache full:https://registry.npmjs.org/detective-vue2 set size:undefined disposed:false
2769 silly fetch manifest detective-postcss@^8.0.3
2770 silly packumentCache full:https://registry.npmjs.org/detective-postcss cache-miss
2771 http fetch GET 200 https://registry.npmjs.org/node-source-walk 274ms (cache miss)
2772 silly packumentCache full:https://registry.npmjs.org/node-source-walk set size:undefined disposed:false
2773 silly fetch manifest module-definition@^6.0.2
2774 silly packumentCache full:https://registry.npmjs.org/module-definition cache-miss
2775 http fetch GET 200 https://registry.npmjs.org/detective-stylus 383ms (cache miss)
2776 silly packumentCache full:https://registry.npmjs.org/detective-stylus set size:undefined disposed:false
2777 silly fetch manifest detective-typescript@^14.1.2
2778 silly packumentCache full:https://registry.npmjs.org/detective-typescript cache-miss
2779 http fetch GET 200 https://registry.npmjs.org/detective-postcss 235ms (cache miss)
2780 silly packumentCache full:https://registry.npmjs.org/detective-postcss set size:undefined disposed:false
2781 silly fetch manifest @dependents/detective-less@^5.0.3
2782 silly packumentCache full:https://registry.npmjs.org/@dependents%2fdetective-less cache-miss
2783 http fetch GET 200 https://registry.npmjs.org/module-definition 237ms (cache miss)
2784 silly packumentCache full:https://registry.npmjs.org/module-definition set size:undefined disposed:false
2785 silly fetch manifest normalize-path@^2.1.1
2786 silly packumentCache full:https://registry.npmjs.org/normalize-path cache-miss
2787 http cache https://registry.npmjs.org/normalize-path 21ms (cache hit)
2788 silly packumentCache full:https://registry.npmjs.org/normalize-path set size:28713 disposed:false
2789 http fetch GET 200 https://registry.npmjs.org/detective-typescript 249ms (cache miss)
2790 silly packumentCache full:https://registry.npmjs.org/detective-typescript set size:undefined disposed:false
2791 http fetch GET 200 https://registry.npmjs.org/@dependents%2fdetective-less 455ms (cache miss)
2792 silly packumentCache full:https://registry.npmjs.org/@dependents%2fdetective-less set size:undefined disposed:false
2793 silly placeDep ROOT @babel/helper-string-parser@7.29.7 OK for: @babel/types@7.29.8 want: ^7.29.7
2794 silly placeDep ROOT @babel/helper-validator-identifier@7.29.7 OK for: @babel/types@7.29.8 want: ^7.29.7
2795 silly placeDep ROOT @octokit/core@7.0.8 OK for: @octokit/rest@22.0.1 want: ^7.0.6
2796 silly placeDep ROOT @octokit/plugin-paginate-rest@14.0.0 OK for: @octokit/rest@22.0.1 want: ^14.0.0
2797 silly placeDep ROOT @octokit/plugin-request-log@6.0.0 OK for: @octokit/rest@22.0.1 want: ^6.0.0
2798 silly placeDep ROOT @octokit/plugin-rest-endpoint-methods@17.0.0 OK for: @octokit/rest@22.0.1 want: ^17.0.0
2799 silly fetch manifest @octokit/types@^18.0.0
2800 silly packumentCache full:https://registry.npmjs.org/@octokit%2ftypes cache-miss
2801 silly fetch manifest @octokit/graphql@^9.0.5
2802 silly packumentCache full:https://registry.npmjs.org/@octokit%2fgraphql cache-miss
2803 silly fetch manifest @octokit/request@^10.0.16
2804 silly packumentCache full:https://registry.npmjs.org/@octokit%2frequest cache-miss
2805 http fetch GET 200 https://registry.npmjs.org/@octokit%2frequest 109ms (cache miss)
2806 silly packumentCache full:https://registry.npmjs.org/@octokit%2frequest set size:undefined disposed:false
2807 silly fetch manifest before-after-hook@^4.0.0
2808 silly packumentCache full:https://registry.npmjs.org/before-after-hook cache-miss
2809 http fetch GET 200 https://registry.npmjs.org/@octokit%2ftypes 146ms (cache miss)
2810 silly packumentCache full:https://registry.npmjs.org/@octokit%2ftypes set size:undefined disposed:false
2811 silly fetch manifest @octokit/auth-token@^6.0.0
2812 silly packumentCache full:https://registry.npmjs.org/@octokit%2fauth-token cache-miss
2813 http fetch GET 200 https://registry.npmjs.org/before-after-hook 63ms (cache miss)
2814 silly packumentCache full:https://registry.npmjs.org/before-after-hook set size:undefined disposed:false
2815 silly fetch manifest universal-user-agent@^7.0.0
2816 silly packumentCache full:https://registry.npmjs.org/universal-user-agent cache-miss
2817 http fetch GET 200 https://registry.npmjs.org/@octokit%2fauth-token 90ms (cache miss)
2818 silly packumentCache full:https://registry.npmjs.org/@octokit%2fauth-token set size:undefined disposed:false
2819 silly fetch manifest @octokit/request-error@^7.1.2
2820 silly packumentCache full:https://registry.npmjs.org/@octokit%2frequest-error cache-miss
2821 http fetch GET 200 https://registry.npmjs.org/universal-user-agent 196ms (cache miss)
2822 silly packumentCache full:https://registry.npmjs.org/universal-user-agent set size:undefined disposed:false
2823 silly fetch manifest @octokit/types@^16.0.0
2824 silly packumentCache full:https://registry.npmjs.org/@octokit%2ftypes cache-miss
2825 http fetch GET 200 https://registry.npmjs.org/@octokit%2fgraphql 411ms (cache miss)
2826 silly packumentCache full:https://registry.npmjs.org/@octokit%2fgraphql set size:undefined disposed:false
2827 silly fetch manifest @octokit/types@^16.0.0
2828 silly packumentCache full:https://registry.npmjs.org/@octokit%2ftypes cache-miss
2829 http cache https://registry.npmjs.org/@octokit%2ftypes 88ms (cache hit)
2830 silly packumentCache full:https://registry.npmjs.org/@octokit%2ftypes set size:680455 disposed:false
2831 http cache https://registry.npmjs.org/@octokit%2ftypes 121ms (cache hit)
2832 silly packumentCache full:https://registry.npmjs.org/@octokit%2ftypes set size:680455 disposed:false
2833 silly packumentCache full:https://registry.npmjs.org/@octokit%2ftypes dispose
2834 http fetch GET 200 https://registry.npmjs.org/@octokit%2frequest-error 336ms (cache miss)
2835 silly packumentCache full:https://registry.npmjs.org/@octokit%2frequest-error set size:undefined disposed:false
2836 silly placeDep ROOT @octokit/auth-token@6.0.0 OK for: @octokit/core@7.0.8 want: ^6.0.0
2837 silly placeDep ROOT @octokit/graphql@9.0.5 OK for: @octokit/core@7.0.8 want: ^9.0.5
2838 silly placeDep ROOT @octokit/request@10.0.16 OK for: @octokit/core@7.0.8 want: ^10.0.16
2839 silly placeDep ROOT @octokit/request-error@7.1.2 OK for: @octokit/core@7.0.8 want: ^7.1.2
2840 silly placeDep ROOT @octokit/types@18.0.0 OK for: @octokit/core@7.0.8 want: ^18.0.0
2841 silly placeDep ROOT before-after-hook@4.0.0 OK for: @octokit/core@7.0.8 want: ^4.0.0
2842 silly placeDep ROOT universal-user-agent@7.0.3 OK for: @octokit/core@7.0.8 want: ^7.0.0
2843 silly fetch manifest content-type@^3.0.0
2844 silly packumentCache full:https://registry.npmjs.org/content-type cache-miss
2845 silly fetch manifest json-with-bigint@^3.5.12
2846 silly packumentCache full:https://registry.npmjs.org/json-with-bigint cache-miss
2847 silly fetch manifest @octokit/endpoint@^11.0.5
2848 silly packumentCache full:https://registry.npmjs.org/@octokit%2fendpoint cache-miss
2849 http cache https://registry.npmjs.org/content-type 100ms (cache hit)
2850 silly packumentCache full:https://registry.npmjs.org/content-type set size:29578 disposed:false
2851 silly fetch manifest universal-user-agent@^7.0.2
2852 silly packumentCache full:https://registry.npmjs.org/universal-user-agent cache-miss
2853 http fetch GET 200 https://registry.npmjs.org/json-with-bigint 166ms (cache miss)
2854 silly packumentCache full:https://registry.npmjs.org/json-with-bigint set size:undefined disposed:false
2855 silly fetch manifest @octokit/openapi-types@^29.0.1
2856 silly packumentCache full:https://registry.npmjs.org/@octokit%2fopenapi-types cache-miss
2857 http cache https://registry.npmjs.org/universal-user-agent 81ms (cache hit)
2858 silly packumentCache full:https://registry.npmjs.org/universal-user-agent set size:44336 disposed:false
2859 http fetch GET 200 https://registry.npmjs.org/@octokit%2fendpoint 198ms (cache miss)
2860 silly packumentCache full:https://registry.npmjs.org/@octokit%2fendpoint set size:undefined disposed:false
2861 http fetch GET 200 https://registry.npmjs.org/@octokit%2fopenapi-types 94ms (cache miss)
2862 silly packumentCache full:https://registry.npmjs.org/@octokit%2fopenapi-types set size:undefined disposed:false
2863 silly placeDep node_modules/@octokit/plugin-paginate-rest @octokit/types@16.0.0 OK for: @octokit/plugin-paginate-rest@14.0.0 want: ^16.0.0
2864 silly fetch manifest @octokit/openapi-types@^27.0.0
2865 silly packumentCache full:https://registry.npmjs.org/@octokit%2fopenapi-types cache-miss
2866 http cache https://registry.npmjs.org/@octokit%2fopenapi-types 16ms (cache hit)
2867 silly packumentCache full:https://registry.npmjs.org/@octokit%2fopenapi-types set size:402155 disposed:false
2868 silly placeDep node_modules/@octokit/plugin-rest-endpoint-methods @octokit/types@16.0.0 OK for: @octokit/plugin-rest-endpoint-methods@17.0.0 want: ^16.0.0
2869 silly placeDep ROOT @octokit/endpoint@11.0.5 OK for: @octokit/request@10.0.16 want: ^11.0.5
2870 silly placeDep node_modules/@octokit/request content-type@3.1.1 OK for: @octokit/request@10.0.16 want: ^3.0.0
2871 silly placeDep ROOT json-with-bigint@3.5.12 OK for: @octokit/request@10.0.16 want: ^3.5.12
2872 silly placeDep ROOT @octokit/openapi-types@29.0.1 OK for: @octokit/types@18.0.0 want: ^29.0.1
2873 silly placeDep ROOT @opentelemetry/semantic-conventions@1.43.0 OK for: @opentelemetry/core@2.10.0 want: ^1.29.0
2874 silly placeDep ROOT @opentelemetry/api-logs@0.221.0 OK for: @opentelemetry/instrumentation@0.221.0 want: 0.221.0
2875 silly placeDep ROOT import-in-the-middle@3.5.2 OK for: @opentelemetry/instrumentation@0.221.0 want: ^3.0.0
2876 silly placeDep ROOT require-in-the-middle@8.0.1 OK for: @opentelemetry/instrumentation@0.221.0 want: ^8.0.0
2877 silly fetch manifest es-module-lexer@^3.0.2
2878 silly packumentCache full:https://registry.npmjs.org/es-module-lexer cache-hit
2879 silly fetch manifest cjs-module-lexer@^2.2.0
2880 silly packumentCache full:https://registry.npmjs.org/cjs-module-lexer cache-miss
2881 silly fetch manifest module-details-from-path@^1.0.4
2882 silly packumentCache full:https://registry.npmjs.org/module-details-from-path cache-miss
2883 silly fetch manifest module-details-from-path@^1.0.3
2884 silly packumentCache full:https://registry.npmjs.org/module-details-from-path cache-miss
2885 http fetch GET 200 https://registry.npmjs.org/module-details-from-path 72ms (cache miss)
2886 silly packumentCache full:https://registry.npmjs.org/module-details-from-path set size:undefined disposed:false
2887 http fetch GET 200 https://registry.npmjs.org/module-details-from-path 95ms (cache miss)
2888 silly packumentCache full:https://registry.npmjs.org/module-details-from-path set size:undefined disposed:false
2889 http fetch GET 200 https://registry.npmjs.org/cjs-module-lexer 179ms (cache miss)
2890 silly packumentCache full:https://registry.npmjs.org/cjs-module-lexer set size:undefined disposed:false
2891 silly fetch manifest @opentelemetry/api@>=1.0.0 <1.10.0
2892 silly packumentCache full:https://registry.npmjs.org/@opentelemetry%2fapi cache-hit
2893 silly placeDep ROOT @opentelemetry/context-async-hooks@2.10.0 OK for: @opentelemetry/sdk-trace-node@2.10.0 want: 2.10.0
2894 silly placeDep ROOT @opentelemetry/sdk-trace-base@2.10.0 OK for: @opentelemetry/sdk-trace-node@2.10.0 want: 2.10.0
2895 silly fetch manifest @opentelemetry/sdk-trace@2.10.0
2896 silly packumentCache full:https://registry.npmjs.org/@opentelemetry%2fsdk-trace cache-miss
2897 http fetch GET 200 https://registry.npmjs.org/@opentelemetry%2fsdk-trace 105ms (cache miss)
2898 silly packumentCache full:https://registry.npmjs.org/@opentelemetry%2fsdk-trace set size:undefined disposed:false
2899 silly fetch manifest @opentelemetry/api@>=1.3.0 <1.10.0
2900 silly packumentCache full:https://registry.npmjs.org/@opentelemetry%2fapi cache-hit
2901 silly placeDep ROOT @opentelemetry/sdk-trace@2.10.0 OK for: @opentelemetry/sdk-trace-base@2.10.0 want: 2.10.0
2902 silly placeDep ROOT enquirer@2.4.1 OK for: @pnpm/tabtab@0.5.4 want: ^2.3.6
2903 silly placeDep ROOT minimist@1.2.8 OK for: @pnpm/tabtab@0.5.4 want: ^1.2.5
2904 silly placeDep ROOT untildify@4.0.0 OK for: @pnpm/tabtab@0.5.4 want: ^4.0.0
2905 silly fetch manifest ansi-colors@^4.1.1
2906 silly packumentCache full:https://registry.npmjs.org/ansi-colors cache-miss
2907 silly fetch manifest strip-ansi@^6.0.1
2908 silly packumentCache full:https://registry.npmjs.org/strip-ansi cache-hit
2909 http fetch GET 200 https://registry.npmjs.org/ansi-colors 215ms (cache miss)
2910 silly packumentCache full:https://registry.npmjs.org/ansi-colors set size:undefined disposed:false
2911 silly placeDep ROOT @sindresorhus/transliterate@1.6.0 OK for: @sindresorhus/slugify@2.2.1 want: ^1.0.0
2912 silly placeDep ROOT undici-types@8.9.0 OK for: @types/node@26.6.3 want: ~8.9.0
2913 silly fetch manifest rollup@^1.20.0||^2.0.0||^3.0.0||^4.0.0
2914 silly packumentCache full:https://registry.npmjs.org/rollup cache-miss
2915 http fetch GET 200 https://registry.npmjs.org/rollup 318ms (cache miss)
2916 silly packumentCache full:https://registry.npmjs.org/rollup set size:undefined disposed:false
2917 silly fetch manifest acorn@^8.6.0
2918 silly packumentCache full:https://registry.npmjs.org/acorn cache-hit
2919 silly placeDep ROOT @mapbox/node-pre-gyp@2.0.3 OK for: @vercel/nft@1.3.1 want: ^2.0.0
2920 silly placeDep ROOT @rollup/pluginutils@5.4.0 OK for: @vercel/nft@1.3.1 want: ^5.1.3
2921 silly placeDep ROOT acorn-import-attributes@1.9.5 OK for: @vercel/nft@1.3.1 want: ^1.9.5
2922 silly placeDep ROOT async-sema@3.1.1 OK for: @vercel/nft@1.3.1 want: ^3.1.1
2923 silly placeDep ROOT bindings@1.5.0 OK for: @vercel/nft@1.3.1 want: ^1.4.0
2924 silly placeDep ROOT estree-walker@2.0.2 OK for: @vercel/nft@1.3.1 want: 2.0.2
2925 silly placeDep ROOT graceful-fs@4.2.11 OK for: @vercel/nft@1.3.1 want: ^4.2.9
2926 silly placeDep ROOT node-gyp-build@4.8.4 OK for: @vercel/nft@1.3.1 want: ^4.2.2
2927 silly placeDep ROOT picomatch@4.0.7 OK for: @vercel/nft@1.3.1 want: ^4.0.2
2928 silly placeDep ROOT resolve-from@5.0.0 OK for: @vercel/nft@1.3.1 want: ^5.0.0
2929 silly fetch manifest nopt@^8.0.0
2930 silly packumentCache full:https://registry.npmjs.org/nopt cache-miss
2931 silly fetch manifest consola@^3.2.3
2932 silly packumentCache full:https://registry.npmjs.org/consola cache-miss
2933 silly fetch manifest node-fetch@^2.6.7
2934 silly packumentCache full:https://registry.npmjs.org/node-fetch cache-hit
2935 silly fetch manifest detect-libc@^2.0.0
2936 silly packumentCache full:https://registry.npmjs.org/detect-libc cache-miss
2937 http cache https://registry.npmjs.org/consola 49ms (cache hit)
2938 silly packumentCache full:https://registry.npmjs.org/consola set size:324648 disposed:false
2939 silly fetch manifest https-proxy-agent@^7.0.5
2940 silly packumentCache full:https://registry.npmjs.org/https-proxy-agent cache-miss
2941 http fetch GET 200 https://registry.npmjs.org/detect-libc 134ms (cache miss)
2942 silly packumentCache full:https://registry.npmjs.org/detect-libc set size:undefined disposed:false
2943 silly fetch manifest @types/estree@^1.0.0
2944 silly packumentCache full:https://registry.npmjs.org/@types%2festree cache-miss
2945 http cache https://registry.npmjs.org/https-proxy-agent 114ms (cache hit)
2946 silly packumentCache full:https://registry.npmjs.org/https-proxy-agent set size:83792 disposed:false
2947 silly fetch manifest estree-walker@^2.0.2
2948 silly packumentCache full:https://registry.npmjs.org/estree-walker cache-miss
2949 http fetch GET 200 https://registry.npmjs.org/nopt 243ms (cache miss)
2950 silly packumentCache full:https://registry.npmjs.org/nopt set size:undefined disposed:false
2951 silly fetch manifest file-uri-to-path@1.0.0
2952 silly packumentCache full:https://registry.npmjs.org/file-uri-to-path cache-miss
2953 http cache https://registry.npmjs.org/estree-walker 113ms (cache hit)
2954 silly packumentCache full:https://registry.npmjs.org/estree-walker set size:60887 disposed:false
2955 http fetch GET 200 https://registry.npmjs.org/@types%2festree 205ms (cache miss)
2956 silly packumentCache full:https://registry.npmjs.org/@types%2festree set size:undefined disposed:false
2957 http fetch GET 200 https://registry.npmjs.org/file-uri-to-path 133ms (cache miss)
2958 silly packumentCache full:https://registry.npmjs.org/file-uri-to-path set size:undefined disposed:false
2959 silly fetch manifest encoding@^0.1.0
2960 silly packumentCache full:https://registry.npmjs.org/encoding cache-miss
2961 http fetch GET 200 https://registry.npmjs.org/encoding 56ms (cache miss)
2962 silly packumentCache full:https://registry.npmjs.org/encoding set size:undefined disposed:false
2963 silly placeDep ROOT consola@3.4.2 OK for: @mapbox/node-pre-gyp@2.0.3 want: ^3.2.3
2964 silly placeDep ROOT detect-libc@2.1.2 OK for: @mapbox/node-pre-gyp@2.0.3 want: ^2.0.0
2965 silly placeDep node_modules/@mapbox/node-pre-gyp https-proxy-agent@7.0.6 OK for: @mapbox/node-pre-gyp@2.0.3 want: ^7.0.5
2966 silly placeDep node_modules/@mapbox/node-pre-gyp node-fetch@2.7.0 OK for: @mapbox/node-pre-gyp@2.0.3 want: ^2.6.7
2967 silly placeDep ROOT nopt@8.1.0 OK for: @mapbox/node-pre-gyp@2.0.3 want: ^8.0.0
2968 silly fetch manifest agent-base@^7.1.2
2969 silly packumentCache full:https://registry.npmjs.org/agent-base cache-miss
2970 silly fetch manifest whatwg-url@^5.0.0
2971 silly packumentCache full:https://registry.npmjs.org/whatwg-url cache-miss
2972 silly fetch manifest abbrev@^3.0.0
2973 silly packumentCache full:https://registry.npmjs.org/abbrev cache-miss
2974 http cache https://registry.npmjs.org/agent-base 32ms (cache hit)
2975 silly packumentCache full:https://registry.npmjs.org/agent-base set size:72085 disposed:false
2976 http fetch GET 200 https://registry.npmjs.org/abbrev 68ms (cache miss)
2977 silly packumentCache full:https://registry.npmjs.org/abbrev set size:undefined disposed:false
2978 http fetch GET 200 https://registry.npmjs.org/whatwg-url 96ms (cache miss)
2979 silly packumentCache full:https://registry.npmjs.org/whatwg-url set size:undefined disposed:false
2980 silly placeDep ROOT @types/estree@1.0.9 OK for: @rollup/pluginutils@5.4.0 want: ^1.0.0
2981 silly placeDep ROOT @envelop/instrumentation@1.0.1 OK for: @whatwg-node/server@0.11.0 want: ^1.0.0
2982 silly placeDep ROOT @whatwg-node/disposablestack@0.0.6 OK for: @whatwg-node/server@0.11.0 want: ^0.0.6
2983 silly placeDep ROOT @whatwg-node/fetch@0.10.13 OK for: @whatwg-node/server@0.11.0 want: ^0.10.13
2984 silly placeDep ROOT @whatwg-node/promise-helpers@1.3.2 OK for: @whatwg-node/server@0.11.0 want: ^1.3.2
2985 silly placeDep ROOT tslib@2.8.1 OK for: @whatwg-node/server@0.11.0 want: ^2.6.3
2986 silly fetch manifest tslib@^2.5.0
2987 silly packumentCache full:https://registry.npmjs.org/tslib cache-miss
2988 silly fetch manifest @whatwg-node/promise-helpers@^1.2.1
2989 silly packumentCache full:https://registry.npmjs.org/@whatwg-node%2fpromise-helpers cache-miss
2990 silly fetch manifest @whatwg-node/promise-helpers@^1.0.0
2991 silly packumentCache full:https://registry.npmjs.org/@whatwg-node%2fpromise-helpers cache-miss
2992 http cache https://registry.npmjs.org/tslib 50ms (cache hit)
2993 silly packumentCache full:https://registry.npmjs.org/tslib set size:108843 disposed:false
2994 silly fetch manifest urlpattern-polyfill@^10.0.0
2995 silly packumentCache full:https://registry.npmjs.org/urlpattern-polyfill cache-miss
2996 http cache https://registry.npmjs.org/@whatwg-node%2fpromise-helpers 70ms (cache hit)
2997 silly packumentCache full:https://registry.npmjs.org/@whatwg-node%2fpromise-helpers set size:822141 disposed:false
2998 silly fetch manifest @whatwg-node/node-fetch@^0.8.3
2999 silly packumentCache full:https://registry.npmjs.org/@whatwg-node%2fnode-fetch cache-miss
3000 http cache https://registry.npmjs.org/@whatwg-node%2fpromise-helpers 143ms (cache hit)
3001 silly packumentCache full:https://registry.npmjs.org/@whatwg-node%2fpromise-helpers set size:822141 disposed:false
3002 silly packumentCache full:https://registry.npmjs.org/@whatwg-node%2fpromise-helpers dispose
3003 http cache https://registry.npmjs.org/urlpattern-polyfill 491ms (cache hit)
3004 silly packumentCache full:https://registry.npmjs.org/urlpattern-polyfill set size:135434 disposed:false
3005 http fetch GET 200 https://registry.npmjs.org/@whatwg-node%2fnode-fetch 927ms (cache miss)
3006 silly packumentCache full:https://registry.npmjs.org/@whatwg-node%2fnode-fetch set size:undefined disposed:false
3007 silly placeDep ROOT @whatwg-node/node-fetch@0.8.6 OK for: @whatwg-node/fetch@0.10.13 want: ^0.8.3
3008 silly placeDep node_modules/@whatwg-node/fetch urlpattern-polyfill@10.1.0 OK for: @whatwg-node/fetch@0.10.13 want: ^10.0.0
3009 silly fetch manifest @fastify/busboy@^3.1.1
3010 silly packumentCache full:https://registry.npmjs.org/@fastify%2fbusboy cache-miss
3011 http fetch GET 200 https://registry.npmjs.org/@fastify%2fbusboy 349ms (cache miss)
3012 silly packumentCache full:https://registry.npmjs.org/@fastify%2fbusboy set size:undefined disposed:false
3013 silly placeDep ROOT @fastify/busboy@3.2.2 OK for: @whatwg-node/node-fetch@0.8.6 want: ^3.1.1
3014 silly placeDep ROOT fast-deep-equal@3.1.3 OK for: ajv@8.20.0 want: ^3.1.3
3015 silly placeDep ROOT fast-uri@3.1.8 OK for: ajv@8.20.0 want: ^3.0.1
3016 silly placeDep ROOT json-schema-traverse@1.0.0 OK for: ajv@8.20.0 want: ^1.0.0
3017 silly placeDep ROOT require-from-string@2.0.2 OK for: ajv@8.20.0 want: ^2.0.2
3018 silly placeDep ROOT environment@1.1.0 OK for: ansi-escapes@7.3.0 want: ^1.0.0
3019 silly placeDep ROOT entities@2.2.0 OK for: ansi-to-html@0.7.2 want: ^2.2.0
3020 silly placeDep ROOT async@3.2.6 OK for: archiver@8.0.0 want: ^3.2.4
3021 silly placeDep ROOT buffer-crc32@1.0.0 OK for: archiver@8.0.0 want: ^1.0.0
3022 silly placeDep ROOT lazystream@1.0.1 OK for: archiver@8.0.0 want: ^1.0.0
3023 silly placeDep ROOT readable-stream@4.7.0 OK for: archiver@8.0.0 want: ^4.0.0
3024 silly placeDep ROOT readdir-glob@3.0.0 OK for: archiver@8.0.0 want: ^3.0.0
3025 silly placeDep ROOT tar-stream@3.2.1 OK for: archiver@8.0.0 want: ^3.0.0
3026 silly placeDep ROOT zip-stream@7.0.5 OK for: archiver@8.0.0 want: ^7.0.2
3027 silly fetch manifest readable-stream@^2.0.5
3028 silly packumentCache full:https://registry.npmjs.org/readable-stream cache-hit
3029 silly fetch manifest abort-controller@^3.0.0
3030 silly packumentCache full:https://registry.npmjs.org/abort-controller cache-miss
3031 silly fetch manifest buffer@^6.0.3
3032 silly packumentCache full:https://registry.npmjs.org/buffer cache-miss
3033 silly fetch manifest events@^3.3.0
3034 silly packumentCache full:https://registry.npmjs.org/events cache-miss
3035 http fetch GET 200 https://registry.npmjs.org/abort-controller 85ms (cache miss)
3036 silly packumentCache full:https://registry.npmjs.org/abort-controller set size:undefined disposed:false
3037 silly fetch manifest process@^0.11.10
3038 silly packumentCache full:https://registry.npmjs.org/process cache-miss
3039 http fetch GET 200 https://registry.npmjs.org/events 122ms (cache miss)
3040 silly packumentCache full:https://registry.npmjs.org/events set size:undefined disposed:false
3041 silly fetch manifest string_decoder@^1.3.0
3042 silly packumentCache full:https://registry.npmjs.org/string_decoder cache-miss
3043 http fetch GET 200 https://registry.npmjs.org/buffer 209ms (cache miss)
3044 silly packumentCache full:https://registry.npmjs.org/buffer set size:undefined disposed:false
3045 silly fetch manifest b4a@^1.6.4
3046 silly packumentCache full:https://registry.npmjs.org/b4a cache-miss
3047 http fetch GET 200 https://registry.npmjs.org/process 220ms (cache miss)
3048 silly packumentCache full:https://registry.npmjs.org/process set size:undefined disposed:false
3049 silly fetch manifest bare-fs@^4.5.5
3050 silly packumentCache full:https://registry.npmjs.org/bare-fs cache-miss
3051 http fetch GET 200 https://registry.npmjs.org/string_decoder 215ms (cache miss)
3052 silly packumentCache full:https://registry.npmjs.org/string_decoder set size:undefined disposed:false
3053 silly fetch manifest streamx@^2.15.0
3054 silly packumentCache full:https://registry.npmjs.org/streamx cache-miss
3055 http fetch GET 200 https://registry.npmjs.org/b4a 185ms (cache miss)
3056 silly packumentCache full:https://registry.npmjs.org/b4a set size:undefined disposed:false
3057 silly fetch manifest fast-fifo@^1.2.0
3058 silly packumentCache full:https://registry.npmjs.org/fast-fifo cache-miss
3059 http fetch GET 200 https://registry.npmjs.org/bare-fs 168ms (cache miss)
3060 silly packumentCache full:https://registry.npmjs.org/bare-fs set size:undefined disposed:false
3061 silly fetch manifest compress-commons@^7.0.0
3062 silly packumentCache full:https://registry.npmjs.org/compress-commons cache-miss
3063 http fetch GET 200 https://registry.npmjs.org/streamx 180ms (cache miss)
3064 silly packumentCache full:https://registry.npmjs.org/streamx set size:undefined disposed:false
3065 http fetch GET 200 https://registry.npmjs.org/fast-fifo 120ms (cache miss)
3066 silly packumentCache full:https://registry.npmjs.org/fast-fifo set size:undefined disposed:false
3067 http fetch GET 200 https://registry.npmjs.org/compress-commons 71ms (cache miss)
3068 silly packumentCache full:https://registry.npmjs.org/compress-commons set size:undefined disposed:false
3069 silly placeDep ROOT stubborn-fs@2.0.0 OK for: atomically@2.1.1 want: ^2.0.0
3070 silly placeDep ROOT when-exit@2.1.5 OK for: atomically@2.1.1 want: ^2.1.4
3071 silly fetch manifest stubborn-utils@^1.0.1
3072 silly packumentCache full:https://registry.npmjs.org/stubborn-utils cache-miss
3073 http fetch GET 200 https://registry.npmjs.org/stubborn-utils 45ms (cache miss)
3074 silly packumentCache full:https://registry.npmjs.org/stubborn-utils set size:undefined disposed:false
3075 silly placeDep ROOT precond@0.2.3 OK for: backoff@2.5.0 want: 0.2
3076 silly placeDep ROOT @babel/code-frame@7.29.7 OK for: better-ajv-errors@1.2.0 want: ^7.16.0
3077 silly placeDep ROOT @humanwhocodes/momoa@2.0.4 OK for: better-ajv-errors@1.2.0 want: ^2.0.2
3078 silly placeDep node_modules/better-ajv-errors chalk@4.1.2 OK for: better-ajv-errors@1.2.0 want: ^4.1.2
3079 silly placeDep ROOT jsonpointer@5.0.1 OK for: better-ajv-errors@1.2.0 want: ^5.0.0
3080 silly placeDep ROOT leven@3.1.0 OK for: better-ajv-errors@1.2.0 want: ^3.1.0 < 4
3081 silly fetch manifest js-tokens@^4.0.0
3082 silly packumentCache full:https://registry.npmjs.org/js-tokens cache-miss
3083 silly fetch manifest ansi-styles@^4.1.0
3084 silly packumentCache full:https://registry.npmjs.org/ansi-styles cache-miss
3085 silly fetch manifest supports-color@^7.1.0
3086 silly packumentCache full:https://registry.npmjs.org/supports-color cache-miss
3087 http cache https://registry.npmjs.org/supports-color 27ms (cache hit)
3088 silly packumentCache full:https://registry.npmjs.org/supports-color set size:124169 disposed:false
3089 http fetch GET 200 https://registry.npmjs.org/ansi-styles 63ms (cache miss)
3090 silly packumentCache full:https://registry.npmjs.org/ansi-styles set size:undefined disposed:false
3091 http fetch GET 200 https://registry.npmjs.org/js-tokens 74ms (cache miss)
3092 silly packumentCache full:https://registry.npmjs.org/js-tokens set size:undefined disposed:false
3093 silly placeDep ROOT js-tokens@4.0.0 OK for: @babel/code-frame@7.29.7 want: ^4.0.0
3094 silly placeDep ROOT picocolors@1.1.1 OK for: @babel/code-frame@7.29.7 want: ^1.1.1
3095 silly placeDep ROOT file-uri-to-path@1.0.0 OK for: bindings@1.5.0 want: 1.0.0
3096 silly placeDep ROOT ansi-align@3.0.1 OK for: boxen@8.0.1 want: ^3.0.1
3097 silly placeDep ROOT camelcase@8.0.0 OK for: boxen@8.0.1 want: ^8.0.0
3098 silly placeDep node_modules/boxen chalk@5.6.2 OK for: boxen@8.0.1 want: ^5.3.0
3099 silly placeDep ROOT cli-boxes@3.0.0 OK for: boxen@8.0.1 want: ^3.0.0
3100 silly placeDep ROOT string-width@7.2.0 OK for: boxen@8.0.1 want: ^7.2.0
3101 silly placeDep ROOT type-fest@4.41.0 OK for: boxen@8.0.1 want: ^4.21.0
3102 silly placeDep ROOT widest-line@5.0.0 OK for: boxen@8.0.1 want: ^5.0.0
3103 silly placeDep ROOT wrap-ansi@9.0.2 OK for: boxen@8.0.1 want: ^9.0.0
3104 silly fetch manifest strip-ansi@^7.1.0
3105 silly packumentCache full:https://registry.npmjs.org/strip-ansi cache-hit
3106 silly fetch manifest emoji-regex@^10.3.0
3107 silly packumentCache full:https://registry.npmjs.org/emoji-regex cache-miss
3108 silly fetch manifest get-east-asian-width@^1.0.0
3109 silly packumentCache full:https://registry.npmjs.org/get-east-asian-width cache-miss
3110 silly fetch manifest ansi-styles@^6.2.1
3111 silly packumentCache full:https://registry.npmjs.org/ansi-styles cache-miss
3112 http cache https://registry.npmjs.org/ansi-styles 23ms (cache hit)
3113 silly packumentCache full:https://registry.npmjs.org/ansi-styles set size:71772 disposed:false
3114 http fetch GET 200 https://registry.npmjs.org/get-east-asian-width 172ms (cache miss)
3115 silly packumentCache full:https://registry.npmjs.org/get-east-asian-width set size:undefined disposed:false
3116 http fetch GET 200 https://registry.npmjs.org/emoji-regex 206ms (cache miss)
3117 silly packumentCache full:https://registry.npmjs.org/emoji-regex set size:undefined disposed:false
3118 silly placeDep node_modules/ansi-align string-width@4.2.3 OK for: ansi-align@3.0.1 want: ^4.1.0
3119 silly fetch manifest emoji-regex@^8.0.0
3120 silly packumentCache full:https://registry.npmjs.org/emoji-regex cache-miss
3121 silly fetch manifest is-fullwidth-code-point@^3.0.0
3122 silly packumentCache full:https://registry.npmjs.org/is-fullwidth-code-point cache-miss
3123 http cache https://registry.npmjs.org/emoji-regex 126ms (cache hit)
3124 silly packumentCache full:https://registry.npmjs.org/emoji-regex set size:91540 disposed:false
3125 http fetch GET 200 https://registry.npmjs.org/is-fullwidth-code-point 214ms (cache miss)
3126 silly packumentCache full:https://registry.npmjs.org/is-fullwidth-code-point set size:undefined disposed:false
3127 silly placeDep ROOT lodash.isempty@4.4.0 OK for: clean-deep@3.4.0 want: ^4.4.0
3128 silly placeDep ROOT lodash.isplainobject@4.0.6 OK for: clean-deep@3.4.0 want: ^4.0.6
3129 silly placeDep ROOT lodash.transform@4.6.0 OK for: clean-deep@3.4.0 want: ^4.6.0
3130 silly placeDep ROOT array-timsort@1.0.3 OK for: comment-json@5.0.0 want: ^1.0.3
3131 silly placeDep ROOT esprima@4.0.1 OK for: comment-json@5.0.0 want: ^4.0.1
3132 silly placeDep ROOT p-event@6.0.1 OK for: copy-file@11.1.0 want: ^6.0.0
3133 silly fetch manifest p-timeout@^6.1.2
3134 silly packumentCache full:https://registry.npmjs.org/p-timeout cache-miss
3135 http fetch GET 200 https://registry.npmjs.org/p-timeout 208ms (cache miss)
3136 silly packumentCache full:https://registry.npmjs.org/p-timeout set size:undefined disposed:false
3137 silly placeDep ROOT luxon@3.7.2 OK for: cron-parser@5.10.1 want: ^3.7.2
3138 silly placeDep ROOT ms@2.1.3 OK for: debug@4.4.3 want: ^2.1.3
3139 silly placeDep ROOT callsite@1.0.0 OK for: decache@4.6.2 want: ^1.0.0
3140 silly placeDep node_modules/dot-prop type-fest@5.10.0 OK for: dot-prop@10.2.0 want: ^5.0.0
3141 silly fetch manifest tagged-tag@^1.0.0
3142 silly packumentCache full:https://registry.npmjs.org/tagged-tag cache-miss
3143 http fetch GET 200 https://registry.npmjs.org/tagged-tag 60ms (cache miss)
3144 silly packumentCache full:https://registry.npmjs.org/tagged-tag set size:undefined disposed:false
3145 silly placeDep ROOT ansi-colors@4.1.3 OK for: enquirer@2.4.1 want: ^4.1.1
3146 silly placeDep ROOT strip-ansi@6.0.1 OK for: enquirer@2.4.1 want: ^6.0.1
3147 silly fetch manifest ansi-regex@^5.0.1
3148 silly packumentCache full:https://registry.npmjs.org/ansi-regex cache-miss
3149 http fetch GET 200 https://registry.npmjs.org/ansi-regex 87ms (cache miss)
3150 silly packumentCache full:https://registry.npmjs.org/ansi-regex set size:undefined disposed:false
3151 silly placeDep ROOT is-safe-filename@0.1.1 OK for: env-paths@4.0.0 want: ^0.1.0
3152 silly placeDep ROOT stackframe@1.3.4 OK for: error-stack-parser@2.1.4 want: ^1.3.4
3153 silly placeDep ROOT @esbuild/aix-ppc64@0.28.1 OK for: esbuild@0.28.1 want: 0.28.1
3154 silly placeDep ROOT @esbuild/android-arm@0.28.1 OK for: esbuild@0.28.1 want: 0.28.1
3155 silly placeDep ROOT @esbuild/android-arm64@0.28.1 OK for: esbuild@0.28.1 want: 0.28.1
3156 silly placeDep ROOT @esbuild/android-x64@0.28.1 OK for: esbuild@0.28.1 want: 0.28.1
3157 silly placeDep ROOT @esbuild/darwin-arm64@0.28.1 OK for: esbuild@0.28.1 want: 0.28.1
3158 silly placeDep ROOT @esbuild/darwin-x64@0.28.1 OK for: esbuild@0.28.1 want: 0.28.1
3159 silly placeDep ROOT @esbuild/freebsd-arm64@0.28.1 OK for: esbuild@0.28.1 want: 0.28.1
3160 silly placeDep ROOT @esbuild/freebsd-x64@0.28.1 OK for: esbuild@0.28.1 want: 0.28.1
3161 silly placeDep ROOT @esbuild/linux-arm@0.28.1 OK for: esbuild@0.28.1 want: 0.28.1
3162 silly placeDep ROOT @esbuild/linux-arm64@0.28.1 OK for: esbuild@0.28.1 want: 0.28.1
3163 silly placeDep ROOT @esbuild/linux-ia32@0.28.1 OK for: esbuild@0.28.1 want: 0.28.1
3164 silly placeDep ROOT @esbuild/linux-loong64@0.28.1 OK for: esbuild@0.28.1 want: 0.28.1
3165 silly placeDep ROOT @esbuild/linux-mips64el@0.28.1 OK for: esbuild@0.28.1 want: 0.28.1
3166 silly placeDep ROOT @esbuild/linux-ppc64@0.28.1 OK for: esbuild@0.28.1 want: 0.28.1
3167 silly placeDep ROOT @esbuild/linux-riscv64@0.28.1 OK for: esbuild@0.28.1 want: 0.28.1
3168 silly placeDep ROOT @esbuild/linux-s390x@0.28.1 OK for: esbuild@0.28.1 want: 0.28.1
3169 silly placeDep ROOT @esbuild/linux-x64@0.28.1 OK for: esbuild@0.28.1 want: 0.28.1
3170 silly placeDep ROOT @esbuild/netbsd-arm64@0.28.1 OK for: esbuild@0.28.1 want: 0.28.1
3171 silly placeDep ROOT @esbuild/netbsd-x64@0.28.1 OK for: esbuild@0.28.1 want: 0.28.1
3172 silly placeDep ROOT @esbuild/openbsd-arm64@0.28.1 OK for: esbuild@0.28.1 want: 0.28.1
3173 silly placeDep ROOT @esbuild/openbsd-x64@0.28.1 OK for: esbuild@0.28.1 want: 0.28.1
3174 silly placeDep ROOT @esbuild/openharmony-arm64@0.28.1 OK for: esbuild@0.28.1 want: 0.28.1
3175 silly placeDep ROOT @esbuild/sunos-x64@0.28.1 OK for: esbuild@0.28.1 want: 0.28.1
3176 silly placeDep ROOT @esbuild/win32-arm64@0.28.1 OK for: esbuild@0.28.1 want: 0.28.1
3177 silly placeDep ROOT @esbuild/win32-ia32@0.28.1 OK for: esbuild@0.28.1 want: 0.28.1
3178 silly placeDep ROOT @esbuild/win32-x64@0.28.1 OK for: esbuild@0.28.1 want: 0.28.1
3179 silly placeDep ROOT cross-spawn@7.0.6 OK for: execa@5.1.1 want: ^7.0.3
3180 silly placeDep node_modules/execa get-stream@6.0.1 OK for: execa@5.1.1 want: ^6.0.0
3181 silly placeDep ROOT human-signals@2.1.0 OK for: execa@5.1.1 want: ^2.1.0
3182 silly placeDep node_modules/execa is-stream@2.0.1 OK for: execa@5.1.1 want: ^2.0.0
3183 silly placeDep ROOT merge-stream@2.0.0 OK for: execa@5.1.1 want: ^2.0.0
3184 silly placeDep ROOT npm-run-path@4.0.1 OK for: execa@5.1.1 want: ^4.0.1
3185 silly placeDep ROOT onetime@5.1.2 OK for: execa@5.1.1 want: ^5.1.2
3186 silly placeDep ROOT signal-exit@3.0.7 OK for: execa@5.1.1 want: ^3.0.3
3187 silly placeDep ROOT strip-final-newline@2.0.0 OK for: execa@5.1.1 want: ^2.0.0
3188 silly fetch manifest which@^2.0.1
3189 silly packumentCache full:https://registry.npmjs.org/which cache-miss
3190 silly fetch manifest path-key@^3.1.0
3191 silly packumentCache full:https://registry.npmjs.org/path-key cache-miss
3192 silly fetch manifest shebang-command@^2.0.0
3193 silly packumentCache full:https://registry.npmjs.org/shebang-command cache-miss
3194 http fetch GET 200 https://registry.npmjs.org/which 71ms (cache miss)
3195 silly packumentCache full:https://registry.npmjs.org/which set size:undefined disposed:false
3196 silly fetch manifest path-key@^3.0.0
3197 silly packumentCache full:https://registry.npmjs.org/path-key cache-miss
3198 http fetch GET 200 https://registry.npmjs.org/shebang-command 81ms (cache miss)
3199 silly packumentCache full:https://registry.npmjs.org/shebang-command set size:undefined disposed:false
3200 silly fetch manifest mimic-fn@^2.1.0
3201 silly packumentCache full:https://registry.npmjs.org/mimic-fn cache-miss
3202 http fetch GET 200 https://registry.npmjs.org/path-key 91ms (cache miss)
3203 silly packumentCache full:https://registry.npmjs.org/path-key set size:undefined disposed:false
3204 http cache https://registry.npmjs.org/mimic-fn 18ms (cache hit)
3205 silly packumentCache full:https://registry.npmjs.org/mimic-fn set size:22257 disposed:false
3206 http fetch GET 200 https://registry.npmjs.org/path-key 44ms (cache miss)
3207 silly packumentCache full:https://registry.npmjs.org/path-key set size:undefined disposed:false
3208 silly placeDep ROOT path-key@3.1.1 OK for: cross-spawn@7.0.6 want: ^3.1.0
3209 silly placeDep ROOT shebang-command@2.0.0 OK for: cross-spawn@7.0.6 want: ^2.0.0
3210 silly placeDep ROOT which@2.0.2 OK for: cross-spawn@7.0.6 want: ^2.0.1
3211 silly fetch manifest shebang-regex@^3.0.0
3212 silly packumentCache full:https://registry.npmjs.org/shebang-regex cache-miss
3213 silly fetch manifest isexe@^2.0.0
3214 silly packumentCache full:https://registry.npmjs.org/isexe cache-miss
3215 http cache https://registry.npmjs.org/isexe 20ms (cache hit)
3216 silly packumentCache full:https://registry.npmjs.org/isexe set size:31756 disposed:false
3217 http fetch GET 200 https://registry.npmjs.org/shebang-regex 76ms (cache miss)
3218 silly packumentCache full:https://registry.npmjs.org/shebang-regex set size:undefined disposed:false
3219 silly placeDep ROOT accepts@2.0.0 OK for: express@5.2.1 want: ^2.0.0
3220 silly placeDep ROOT body-parser@2.3.0 OK for: express@5.2.1 want: ^2.2.1
3221 silly placeDep node_modules/express content-disposition@1.1.0 OK for: express@5.2.1 want: ^1.0.0
3222 silly placeDep node_modules/express cookie@0.7.2 OK for: express@5.2.1 want: ^0.7.1
3223 silly placeDep ROOT cookie-signature@1.2.2 OK for: express@5.2.1 want: ^1.2.1
3224 silly placeDep ROOT depd@2.0.0 OK for: express@5.2.1 want: ^2.0.0
3225 silly placeDep ROOT encodeurl@2.0.0 OK for: express@5.2.1 want: ^2.0.0
3226 silly placeDep ROOT finalhandler@2.1.1 OK for: express@5.2.1 want: ^2.1.0
3227 silly placeDep ROOT fresh@2.0.0 OK for: express@5.2.1 want: ^2.0.0
3228 silly placeDep ROOT merge-descriptors@2.0.0 OK for: express@5.2.1 want: ^2.0.0
3229 silly placeDep ROOT on-finished@2.4.1 OK for: express@5.2.1 want: ^2.4.1
3230 silly placeDep ROOT once@1.4.0 OK for: express@5.2.1 want: ^1.4.0
3231 silly placeDep ROOT parseurl@1.3.3 OK for: express@5.2.1 want: ^1.3.3
3232 silly placeDep ROOT proxy-addr@2.0.8 OK for: express@5.2.1 want: ^2.0.7
3233 silly placeDep ROOT qs@6.16.0 OK for: express@5.2.1 want: ^6.14.0
3234 silly placeDep ROOT range-parser@1.3.0 OK for: express@5.2.1 want: ^1.2.1
3235 silly placeDep ROOT router@2.2.0 OK for: express@5.2.1 want: ^2.2.0
3236 silly placeDep ROOT send@1.2.1 OK for: express@5.2.1 want: ^1.1.0
3237 silly placeDep ROOT serve-static@2.2.1 OK for: express@5.2.1 want: ^2.2.0
3238 silly placeDep ROOT statuses@2.0.2 OK for: express@5.2.1 want: ^2.0.1
3239 silly placeDep ROOT type-is@2.1.0 OK for: express@5.2.1 want: ^2.0.1
3240 silly placeDep ROOT vary@1.1.2 OK for: express@5.2.1 want: ^1.1.2
3241 silly fetch manifest negotiator@^1.0.0
3242 silly packumentCache full:https://registry.npmjs.org/negotiator cache-miss
3243 silly fetch manifest qs@^6.15.2
3244 silly packumentCache full:https://registry.npmjs.org/qs cache-miss
3245 silly fetch manifest type-is@^2.1.0
3246 silly packumentCache full:https://registry.npmjs.org/type-is cache-miss
3247 http cache https://registry.npmjs.org/type-is 22ms (cache hit)
3248 silly packumentCache full:https://registry.npmjs.org/type-is set size:90391 disposed:false
3249 silly fetch manifest raw-body@^3.0.2
3250 silly packumentCache full:https://registry.npmjs.org/raw-body cache-miss
3251 http cache https://registry.npmjs.org/qs 39ms (cache hit)
3252 silly packumentCache full:https://registry.npmjs.org/qs set size:365613 disposed:false
3253 silly fetch manifest iconv-lite@^0.7.2
3254 silly packumentCache full:https://registry.npmjs.org/iconv-lite cache-miss
3255 http fetch GET 200 https://registry.npmjs.org/negotiator 82ms (cache miss)
3256 silly packumentCache full:https://registry.npmjs.org/negotiator set size:undefined disposed:false
3257 silly fetch manifest content-type@^2.0.0
3258 silly packumentCache full:https://registry.npmjs.org/content-type cache-hit
3259 silly fetch manifest ee-first@1.1.1
3260 silly packumentCache full:https://registry.npmjs.org/ee-first cache-miss
3261 http cache https://registry.npmjs.org/raw-body 60ms (cache hit)
3262 silly packumentCache full:https://registry.npmjs.org/raw-body set size:120042 disposed:false
3263 silly fetch manifest wrappy@1
3264 silly packumentCache full:https://registry.npmjs.org/wrappy cache-miss
3265 http fetch GET 200 https://registry.npmjs.org/iconv-lite 69ms (cache miss)
3266 silly packumentCache full:https://registry.npmjs.org/iconv-lite set size:undefined disposed:false
3267 silly fetch manifest forwarded@0.2.0
3268 silly packumentCache full:https://registry.npmjs.org/forwarded cache-miss
3269 http fetch GET 200 https://registry.npmjs.org/wrappy 82ms (cache miss)
3270 silly packumentCache full:https://registry.npmjs.org/wrappy set size:undefined disposed:false
3271 silly fetch manifest ipaddr.js@1.9.1
3272 silly packumentCache full:https://registry.npmjs.org/ipaddr.js cache-miss
3273 http fetch GET 200 https://registry.npmjs.org/ee-first 102ms (cache miss)
3274 silly packumentCache full:https://registry.npmjs.org/ee-first set size:undefined disposed:false
3275 silly fetch manifest side-channel@^1.1.1
3276 silly packumentCache full:https://registry.npmjs.org/side-channel cache-miss
3277 http fetch GET 200 https://registry.npmjs.org/forwarded 72ms (cache miss)
3278 silly packumentCache full:https://registry.npmjs.org/forwarded set size:undefined disposed:false
3279 silly fetch manifest es-define-property@^1.0.1
3280 silly packumentCache full:https://registry.npmjs.org/es-define-property cache-miss
3281 http fetch GET 200 https://registry.npmjs.org/side-channel 66ms (cache miss)
3282 silly packumentCache full:https://registry.npmjs.org/side-channel set size:undefined disposed:false
3283 silly fetch manifest is-promise@^4.0.0
3284 silly packumentCache full:https://registry.npmjs.org/is-promise cache-miss
3285 http fetch GET 200 https://registry.npmjs.org/es-define-property 71ms (cache miss)
3286 silly packumentCache full:https://registry.npmjs.org/es-define-property set size:undefined disposed:false
3287 silly fetch manifest path-to-regexp@^8.0.0
3288 silly packumentCache full:https://registry.npmjs.org/path-to-regexp cache-miss
3289 http fetch GET 200 https://registry.npmjs.org/ipaddr.js 106ms (cache miss)
3290 silly packumentCache full:https://registry.npmjs.org/ipaddr.js set size:undefined disposed:false
3291 silly fetch manifest statuses@^2.0.2
3292 silly packumentCache full:https://registry.npmjs.org/statuses cache-hit
3293 silly fetch manifest media-typer@^1.1.0
3294 silly packumentCache full:https://registry.npmjs.org/media-typer cache-miss
3295 http fetch GET 200 https://registry.npmjs.org/is-promise 102ms (cache miss)
3296 silly packumentCache full:https://registry.npmjs.org/is-promise set size:undefined disposed:false
3297 http fetch GET 200 https://registry.npmjs.org/media-typer 75ms (cache miss)
3298 silly packumentCache full:https://registry.npmjs.org/media-typer set size:undefined disposed:false
3299 http fetch GET 200 https://registry.npmjs.org/path-to-regexp 110ms (cache miss)
3300 silly packumentCache full:https://registry.npmjs.org/path-to-regexp set size:undefined disposed:false
3301 silly placeDep ROOT negotiator@1.1.0 OK for: accepts@2.0.0 want: ^1.0.0
3302 silly fetch manifest content-type@^2.1.0
3303 silly packumentCache full:https://registry.npmjs.org/content-type cache-hit
3304 silly placeDep ROOT bytes@3.1.2 OK for: body-parser@2.3.0 want: ^3.1.2
3305 silly placeDep node_modules/body-parser content-type@2.1.0 OK for: body-parser@2.3.0 want: ^2.0.0
3306 silly placeDep ROOT iconv-lite@0.7.3 OK for: body-parser@2.3.0 want: ^0.7.2
3307 silly placeDep node_modules/body-parser raw-body@3.0.2 OK for: body-parser@2.3.0 want: ^3.0.2
3308 silly fetch manifest safer-buffer@>= 2.1.2 < 3.0.0
3309 silly packumentCache full:https://registry.npmjs.org/safer-buffer cache-miss
3310 silly fetch manifest unpipe@~1.0.0
3311 silly packumentCache full:https://registry.npmjs.org/unpipe cache-miss
3312 http fetch GET 200 https://registry.npmjs.org/unpipe 52ms (cache miss)
3313 silly packumentCache full:https://registry.npmjs.org/unpipe set size:undefined disposed:false
3314 http fetch GET 200 https://registry.npmjs.org/safer-buffer 75ms (cache miss)
3315 silly packumentCache full:https://registry.npmjs.org/safer-buffer set size:undefined disposed:false
3316 silly placeDep ROOT on-headers@1.1.0 OK for: express-logging@1.1.1 want: ^1.0.0
3317 silly placeDep ROOT @nodelib/fs.stat@2.0.5 OK for: fast-glob@3.3.3 want: ^2.0.2
3318 silly placeDep ROOT @nodelib/fs.walk@1.2.8 OK for: fast-glob@3.3.3 want: ^1.2.3
3319 silly placeDep ROOT glob-parent@5.1.2 OK for: fast-glob@3.3.3 want: ^5.1.2
3320 silly placeDep ROOT merge2@1.4.1 OK for: fast-glob@3.3.3 want: ^1.3.0
3321 silly fetch manifest @nodelib/fs.scandir@2.1.5
3322 silly packumentCache full:https://registry.npmjs.org/@nodelib%2ffs.scandir cache-miss
3323 silly fetch manifest is-glob@^4.0.1
3324 silly packumentCache full:https://registry.npmjs.org/is-glob cache-miss
3325 http cache https://registry.npmjs.org/is-glob 21ms (cache hit)
3326 silly packumentCache full:https://registry.npmjs.org/is-glob set size:40530 disposed:false
3327 http fetch GET 200 https://registry.npmjs.org/@nodelib%2ffs.scandir 97ms (cache miss)
3328 silly packumentCache full:https://registry.npmjs.org/@nodelib%2ffs.scandir set size:undefined disposed:false
3329 silly placeDep ROOT @nodelib/fs.scandir@2.1.5 OK for: @nodelib/fs.walk@1.2.8 want: 2.1.5
3330 silly fetch manifest run-parallel@^1.1.9
3331 silly packumentCache full:https://registry.npmjs.org/run-parallel cache-miss
3332 http fetch GET 200 https://registry.npmjs.org/run-parallel 50ms (cache miss)
3333 silly packumentCache full:https://registry.npmjs.org/run-parallel set size:undefined disposed:false
3334 silly placeDep ROOT run-parallel@1.2.0 OK for: @nodelib/fs.scandir@2.1.5 want: ^1.1.9
3335 silly fetch manifest queue-microtask@^1.2.2
3336 silly packumentCache full:https://registry.npmjs.org/queue-microtask cache-miss
3337 http fetch GET 200 https://registry.npmjs.org/queue-microtask 57ms (cache miss)
3338 silly packumentCache full:https://registry.npmjs.org/queue-microtask set size:undefined disposed:false
3339 silly placeDep ROOT fast-string-truncated-width@3.0.3 OK for: fast-string-width@3.0.2 want: ^3.0.2
3340 silly placeDep ROOT @fastify/ajv-compiler@4.0.6 OK for: fastify@5.12.5 want: ^4.0.5
3341 silly placeDep ROOT @fastify/fast-json-stringify-compiler@5.1.0 OK for: fastify@5.12.5 want: ^5.0.0
3342 silly placeDep ROOT @fastify/proxy-addr@5.1.1 OK for: fastify@5.12.5 want: ^5.0.0
3343 silly placeDep ROOT abstract-logging@2.0.1 OK for: fastify@5.12.5 want: ^2.0.1
3344 silly placeDep ROOT avvio@9.3.0 OK for: fastify@5.12.5 want: ^9.0.0
3345 silly placeDep ROOT fast-json-stringify@7.0.1 OK for: fastify@5.12.5 want: ^7.0.0
3346 silly placeDep ROOT find-my-way@9.9.0 OK for: fastify@5.12.5 want: ^9.6.0
3347 silly placeDep ROOT light-my-request@6.6.0 OK for: fastify@5.12.5 want: ^6.0.0
3348 silly placeDep ROOT pino@10.3.1 OK for: fastify@5.12.5 want: ^9.14.0 || ^10.1.0
3349 silly placeDep ROOT process-warning@5.1.0 OK for: fastify@5.12.5 want: ^5.1.0
3350 silly placeDep ROOT secure-json-parse@4.1.0 OK for: fastify@5.12.5 want: ^4.0.0
3351 silly placeDep ROOT toad-cache@3.7.4 OK for: fastify@5.12.5 want: ^3.7.0
3352 silly fetch manifest fast-uri@^4.0.0
3353 silly packumentCache full:https://registry.npmjs.org/fast-uri cache-miss
3354 silly fetch manifest ajv-formats@^3.0.1
3355 silly packumentCache full:https://registry.npmjs.org/ajv-formats cache-miss
3356 silly fetch manifest ipaddr.js@^2.1.0
3357 silly packumentCache full:https://registry.npmjs.org/ipaddr.js cache-miss
3358 http cache https://registry.npmjs.org/ipaddr.js 22ms (cache hit)
3359 silly packumentCache full:https://registry.npmjs.org/ipaddr.js set size:84329 disposed:false
3360 silly fetch manifest @fastify/forwarded@^3.0.0
3361 silly packumentCache full:https://registry.npmjs.org/@fastify%2fforwarded cache-miss
3362 http cache https://registry.npmjs.org/fast-uri 38ms (cache hit)
3363 silly packumentCache full:https://registry.npmjs.org/fast-uri set size:137534 disposed:false
3364 silly fetch manifest ajv-formats@^3.0.1
3365 silly packumentCache full:https://registry.npmjs.org/ajv-formats cache-miss
3366 http fetch GET 200 https://registry.npmjs.org/ajv-formats 101ms (cache miss)
3367 silly packumentCache full:https://registry.npmjs.org/ajv-formats set size:undefined disposed:false
3368 silly fetch manifest json-schema-ref-resolver@^3.0.0
3369 silly packumentCache full:https://registry.npmjs.org/json-schema-ref-resolver cache-miss
3370 http fetch GET 200 https://registry.npmjs.org/@fastify%2fforwarded 86ms (cache miss)
3371 silly packumentCache full:https://registry.npmjs.org/@fastify%2fforwarded set size:undefined disposed:false
3372 silly fetch manifest @fastify/merge-json-schemas@^0.2.0
3373 silly packumentCache full:https://registry.npmjs.org/@fastify%2fmerge-json-schemas cache-miss
3374 http fetch GET 200 https://registry.npmjs.org/ajv-formats 93ms (cache miss)
3375 silly packumentCache full:https://registry.npmjs.org/ajv-formats set size:undefined disposed:false
3376 silly fetch manifest safe-regex2@^5.0.0
3377 silly packumentCache full:https://registry.npmjs.org/safe-regex2 cache-miss
3378 http fetch GET 200 https://registry.npmjs.org/json-schema-ref-resolver 53ms (cache miss)
3379 silly packumentCache full:https://registry.npmjs.org/json-schema-ref-resolver set size:undefined disposed:false
3380 silly fetch manifest fast-querystring@^1.0.0
3381 silly packumentCache full:https://registry.npmjs.org/fast-querystring cache-miss
3382 http fetch GET 200 https://registry.npmjs.org/safe-regex2 129ms (cache miss)
3383 silly packumentCache full:https://registry.npmjs.org/safe-regex2 set size:undefined disposed:false
3384 silly fetch manifest cookie@^1.0.1
3385 silly packumentCache full:https://registry.npmjs.org/cookie cache-hit
3386 silly fetch manifest process-warning@^4.0.0
3387 silly packumentCache full:https://registry.npmjs.org/process-warning cache-miss
3388 http fetch GET 200 https://registry.npmjs.org/fast-querystring 157ms (cache miss)
3389 silly packumentCache full:https://registry.npmjs.org/fast-querystring set size:undefined disposed:false
3390 silly fetch manifest set-cookie-parser@^2.6.0
3391 silly packumentCache full:https://registry.npmjs.org/set-cookie-parser cache-miss
3392 http cache https://registry.npmjs.org/process-warning 118ms (cache hit)
3393 silly packumentCache full:https://registry.npmjs.org/process-warning set size:36826 disposed:false
3394 silly fetch manifest sonic-boom@^4.0.1
3395 silly packumentCache full:https://registry.npmjs.org/sonic-boom cache-miss
3396 http fetch GET 200 https://registry.npmjs.org/@fastify%2fmerge-json-schemas 339ms (cache miss)
3397 silly packumentCache full:https://registry.npmjs.org/@fastify%2fmerge-json-schemas set size:undefined disposed:false
3398 silly fetch manifest atomic-sleep@^1.0.0
3399 silly packumentCache full:https://registry.npmjs.org/atomic-sleep cache-miss
3400 http fetch GET 200 https://registry.npmjs.org/set-cookie-parser 166ms (cache miss)
3401 silly packumentCache full:https://registry.npmjs.org/set-cookie-parser set size:undefined disposed:false
3402 silly fetch manifest real-require@^0.2.0
3403 silly packumentCache full:https://registry.npmjs.org/real-require cache-miss
3404 http fetch GET 200 https://registry.npmjs.org/atomic-sleep 83ms (cache miss)
3405 silly packumentCache full:https://registry.npmjs.org/atomic-sleep set size:undefined disposed:false
3406 silly fetch manifest thread-stream@^4.0.0
3407 silly packumentCache full:https://registry.npmjs.org/thread-stream cache-miss
3408 http fetch GET 200 https://registry.npmjs.org/sonic-boom 143ms (cache miss)
3409 silly packumentCache full:https://registry.npmjs.org/sonic-boom set size:undefined disposed:false
3410 silly fetch manifest @pinojs/redact@^0.4.0
3411 silly packumentCache full:https://registry.npmjs.org/@pinojs%2fredact cache-miss
3412 http fetch GET 200 https://registry.npmjs.org/real-require 71ms (cache miss)
3413 silly packumentCache full:https://registry.npmjs.org/real-require set size:undefined disposed:false
3414 silly fetch manifest process-warning@^5.0.0
3415 silly packumentCache full:https://registry.npmjs.org/process-warning cache-hit
3416 silly fetch manifest on-exit-leak-free@^2.1.0
3417 silly packumentCache full:https://registry.npmjs.org/on-exit-leak-free cache-miss
3418 http fetch GET 200 https://registry.npmjs.org/thread-stream 66ms (cache miss)
3419 silly packumentCache full:https://registry.npmjs.org/thread-stream set size:undefined disposed:false
3420 silly fetch manifest pino-std-serializers@^7.0.0
3421 silly packumentCache full:https://registry.npmjs.org/pino-std-serializers cache-miss
3422 http fetch GET 200 https://registry.npmjs.org/on-exit-leak-free 56ms (cache miss)
3423 silly packumentCache full:https://registry.npmjs.org/on-exit-leak-free set size:undefined disposed:false
3424 silly fetch manifest safe-stable-stringify@^2.3.1
3425 silly packumentCache full:https://registry.npmjs.org/safe-stable-stringify cache-miss
3426 http fetch GET 200 https://registry.npmjs.org/pino-std-serializers 54ms (cache miss)
3427 silly packumentCache full:https://registry.npmjs.org/pino-std-serializers set size:undefined disposed:false
3428 silly fetch manifest quick-format-unescaped@^4.0.3
3429 silly packumentCache full:https://registry.npmjs.org/quick-format-unescaped cache-miss
3430 http fetch GET 200 https://registry.npmjs.org/safe-stable-stringify 71ms (cache miss)
3431 silly packumentCache full:https://registry.npmjs.org/safe-stable-stringify set size:undefined disposed:false
3432 silly fetch manifest pino-abstract-transport@^3.0.0
3433 silly packumentCache full:https://registry.npmjs.org/pino-abstract-transport cache-miss
3434 http fetch GET 200 https://registry.npmjs.org/quick-format-unescaped 77ms (cache miss)
3435 silly packumentCache full:https://registry.npmjs.org/quick-format-unescaped set size:undefined disposed:false
3436 http fetch GET 200 https://registry.npmjs.org/pino-abstract-transport 78ms (cache miss)
3437 silly packumentCache full:https://registry.npmjs.org/pino-abstract-transport set size:undefined disposed:false
3438 http fetch GET 200 https://registry.npmjs.org/@pinojs%2fredact 267ms (cache miss)
3439 silly packumentCache full:https://registry.npmjs.org/@pinojs%2fredact set size:undefined disposed:false
3440 silly placeDep ROOT ajv-formats@3.0.1 OK for: @fastify/ajv-compiler@4.0.6 want: ^3.0.1
3441 silly placeDep node_modules/@fastify/ajv-compiler fast-uri@4.2.1 OK for: @fastify/ajv-compiler@4.0.6 want: ^4.0.0
3442 silly placeDep ROOT @fastify/forwarded@3.0.2 OK for: @fastify/proxy-addr@5.1.1 want: ^3.0.0
3443 silly placeDep ROOT ipaddr.js@2.5.0 OK for: @fastify/proxy-addr@5.1.1 want: ^2.1.0
3444 silly placeDep ROOT @fastify/merge-json-schemas@0.2.1 OK for: fast-json-stringify@7.0.1 want: ^0.2.0
3445 silly placeDep node_modules/fast-json-stringify fast-uri@4.2.1 OK for: fast-json-stringify@7.0.1 want: ^4.0.0
3446 silly placeDep ROOT json-schema-ref-resolver@3.0.0 OK for: fast-json-stringify@7.0.1 want: ^3.0.0
3447 silly fetch manifest dequal@^2.0.3
3448 silly packumentCache full:https://registry.npmjs.org/dequal cache-miss
3449 silly fetch manifest dequal@^2.0.3
3450 silly packumentCache full:https://registry.npmjs.org/dequal cache-miss
3451 http fetch GET 200 https://registry.npmjs.org/dequal 283ms (cache miss)
3452 silly packumentCache full:https://registry.npmjs.org/dequal set size:undefined disposed:false
3453 http fetch GET 200 https://registry.npmjs.org/dequal 290ms (cache miss)
3454 silly packumentCache full:https://registry.npmjs.org/dequal set size:undefined disposed:false
3455 silly placeDep ROOT dequal@2.0.3 OK for: @fastify/merge-json-schemas@0.2.1 want: ^2.0.3
3456 silly placeDep ROOT reusify@1.1.0 OK for: fastq@1.20.3 want: ^1.0.4
3457 silly placeDep ROOT is-unicode-supported@2.1.0 OK for: figures@6.1.0 want: ^2.0.0
3458 silly placeDep ROOT fast-querystring@1.1.2 OK for: find-my-way@9.9.0 want: ^1.0.0
3459 silly placeDep ROOT safe-regex2@5.1.1 OK for: find-my-way@9.9.0 want: ^5.0.0
3460 silly fetch manifest ret@~0.5.0
3461 silly packumentCache full:https://registry.npmjs.org/ret cache-miss
3462 http fetch GET 200 https://registry.npmjs.org/ret 79ms (cache miss)
3463 silly packumentCache full:https://registry.npmjs.org/ret set size:undefined disposed:false
3464 silly placeDep ROOT unicorn-magic@0.3.0 OK for: find-up@8.0.0 want: ^0.3.0
3465 silly placeDep ROOT from2@2.3.0 OK for: folder-walker@3.2.0 want: ^2.1.0
3466 silly fetch manifest inherits@^2.0.1
3467 silly packumentCache full:https://registry.npmjs.org/inherits cache-hit
3468 silly fetch manifest readable-stream@^2.0.0
3469 silly packumentCache full:https://registry.npmjs.org/readable-stream cache-hit
3470 silly placeDep ROOT inherits@2.0.4 OK for: from2@2.3.0 want: ^2.0.1
3471 silly placeDep node_modules/from2 readable-stream@2.3.8 OK for: from2@2.3.0 want: ^2.0.0
3472 silly fetch manifest isarray@~1.0.0
3473 silly packumentCache full:https://registry.npmjs.org/isarray cache-miss
3474 silly fetch manifest safe-buffer@~5.1.1
3475 silly packumentCache full:https://registry.npmjs.org/safe-buffer cache-miss
3476 silly fetch manifest core-util-is@~1.0.0
3477 silly packumentCache full:https://registry.npmjs.org/core-util-is cache-miss
3478 http cache https://registry.npmjs.org/safe-buffer 44ms (cache hit)
3479 silly packumentCache full:https://registry.npmjs.org/safe-buffer set size:41183 disposed:false
3480 silly fetch manifest string_decoder@~1.1.1
3481 silly packumentCache full:https://registry.npmjs.org/string_decoder cache-miss
3482 http fetch GET 200 https://registry.npmjs.org/isarray 87ms (cache miss)
3483 silly packumentCache full:https://registry.npmjs.org/isarray set size:undefined disposed:false
3484 silly fetch manifest util-deprecate@~1.0.1
3485 silly packumentCache full:https://registry.npmjs.org/util-deprecate cache-miss
3486 http fetch GET 200 https://registry.npmjs.org/core-util-is 108ms (cache miss)
3487 silly packumentCache full:https://registry.npmjs.org/core-util-is set size:undefined disposed:false
3488 silly fetch manifest process-nextick-args@~2.0.0
3489 silly packumentCache full:https://registry.npmjs.org/process-nextick-args cache-miss
3490 http cache https://registry.npmjs.org/string_decoder 79ms (cache hit)
3491 silly packumentCache full:https://registry.npmjs.org/string_decoder set size:28441 disposed:false
3492 http fetch GET 200 https://registry.npmjs.org/util-deprecate 61ms (cache miss)
3493 silly packumentCache full:https://registry.npmjs.org/util-deprecate set size:undefined disposed:false
3494 http fetch GET 200 https://registry.npmjs.org/process-nextick-args 65ms (cache miss)
3495 silly packumentCache full:https://registry.npmjs.org/process-nextick-args set size:undefined disposed:false
3496 silly placeDep ROOT @sec-ant/readable-stream@0.4.1 OK for: get-stream@9.0.1 want: ^0.4.1
3497 silly placeDep ROOT ini@1.3.8 OK for: gitconfiglocal@2.1.0 want: ^1.3.2
3498 silly placeDep ROOT minipass@7.1.3 OK for: glob@13.0.6 want: ^7.1.3
3499 silly placeDep ROOT path-scurry@2.0.2 OK for: glob@13.0.6 want: ^2.0.2
3500 silly fetch manifest lru-cache@^11.0.0
3501 silly packumentCache full:https://registry.npmjs.org/lru-cache cache-miss
3502 http fetch GET 200 https://registry.npmjs.org/lru-cache 91ms (cache miss)
3503 silly packumentCache full:https://registry.npmjs.org/lru-cache set size:undefined disposed:false
3504 silly placeDep ROOT is-glob@4.0.3 OK for: glob-parent@5.1.2 want: ^4.0.1
3505 silly fetch manifest is-extglob@^2.1.1
3506 silly packumentCache full:https://registry.npmjs.org/is-extglob cache-miss
3507 http fetch GET 200 https://registry.npmjs.org/is-extglob 60ms (cache miss)
3508 silly packumentCache full:https://registry.npmjs.org/is-extglob set size:undefined disposed:false
3509 silly placeDep ROOT unix-dgram@2.0.7 OK for: hot-shots@11.4.0 want: 2.x
3510 silly fetch manifest nan@^2.20.0
3511 silly packumentCache full:https://registry.npmjs.org/nan cache-miss
3512 http fetch GET 200 https://registry.npmjs.org/nan 87ms (cache miss)
3513 silly packumentCache full:https://registry.npmjs.org/nan set size:undefined disposed:false
3514 silly placeDep ROOT setprototypeof@1.2.0 OK for: http-errors@2.0.1 want: ~1.2.0
3515 silly placeDep ROOT toidentifier@1.0.1 OK for: http-errors@2.0.1 want: ~1.0.1
3516 silly placeDep ROOT eventemitter3@4.0.7 OK for: http-proxy@1.18.1 want: ^4.0.0
3517 silly placeDep ROOT follow-redirects@1.16.0 OK for: http-proxy@1.18.1 want: ^1.0.0
3518 silly placeDep ROOT requires-port@1.0.0 OK for: http-proxy@1.18.1 want: ^1.0.0
3519 silly placeDep ROOT @types/http-proxy@1.17.17 OK for: http-proxy-middleware@3.0.7 want: ^1.17.15
3520 silly placeDep ROOT is-plain-object@5.1.0 OK for: http-proxy-middleware@3.0.7 want: ^5.0.0
3521 silly placeDep ROOT agent-base@8.0.0 OK for: https-proxy-agent@8.0.0 want: 8.0.0
3522 silly placeDep ROOT safer-buffer@2.1.2 OK for: iconv-lite@0.7.3 want: >= 2.1.2 < 3.0.0
3523 silly placeDep ROOT cjs-module-lexer@2.2.1 OK for: import-in-the-middle@3.5.2 want: ^2.2.0
3524 silly placeDep node_modules/import-in-the-middle es-module-lexer@3.0.2 OK for: import-in-the-middle@3.5.2 want: ^3.0.2
3525 silly placeDep ROOT module-details-from-path@1.0.4 OK for: import-in-the-middle@3.5.2 want: ^1.0.4
3526 silly fetch manifest @types/node@>=18
3527 silly packumentCache full:https://registry.npmjs.org/@types%2fnode cache-miss
3528 http cache https://registry.npmjs.org/@types%2fnode 149ms (cache hit)
3529 silly packumentCache full:https://registry.npmjs.org/@types%2fnode set size:11157642 disposed:false
3530 silly placeDep ROOT @inquirer/external-editor@1.0.3 OK for: inquirer@8.2.7 want: ^1.0.0
3531 silly placeDep node_modules/inquirer ansi-escapes@4.3.2 OK for: inquirer@8.2.7 want: ^4.2.1
3532 silly placeDep node_modules/inquirer chalk@4.1.2 OK for: inquirer@8.2.7 want: ^4.1.1
3533 silly placeDep ROOT cli-cursor@3.1.0 OK for: inquirer@8.2.7 want: ^3.1.0
3534 silly placeDep ROOT cli-width@3.0.0 OK for: inquirer@8.2.7 want: ^3.0.0
3535 silly placeDep node_modules/inquirer figures@3.2.0 OK for: inquirer@8.2.7 want: ^3.0.0
3536 silly placeDep ROOT lodash@4.18.1 OK for: inquirer@8.2.7 want: ^4.17.21
3537 silly placeDep ROOT mute-stream@0.0.8 OK for: inquirer@8.2.7 want: 0.0.8
3538 silly placeDep ROOT ora@5.4.1 OK for: inquirer@8.2.7 want: ^5.4.1
3539 silly placeDep ROOT run-async@2.4.1 OK for: inquirer@8.2.7 want: ^2.4.0
3540 silly placeDep ROOT rxjs@7.8.2 OK for: inquirer@8.2.7 want: ^7.5.5
3541 silly placeDep node_modules/inquirer string-width@4.2.3 OK for: inquirer@8.2.7 want: ^4.1.0
3542 silly placeDep ROOT through@2.3.8 OK for: inquirer@8.2.7 want: ^2.3.6
3543 silly placeDep node_modules/inquirer wrap-ansi@6.2.0 OK for: inquirer@8.2.7 want: ^6.0.1
3544 silly fetch manifest chardet@^2.1.1
3545 silly packumentCache full:https://registry.npmjs.org/chardet cache-miss
3546 silly fetch manifest type-fest@^0.21.3
3547 silly packumentCache full:https://registry.npmjs.org/type-fest cache-hit
3548 silly fetch manifest restore-cursor@^3.1.0
3549 silly packumentCache full:https://registry.npmjs.org/restore-cursor cache-miss
3550 silly fetch manifest escape-string-regexp@^1.0.5
3551 silly packumentCache full:https://registry.npmjs.org/escape-string-regexp cache-miss
3552 http cache https://registry.npmjs.org/escape-string-regexp 21ms (cache hit)
3553 silly packumentCache full:https://registry.npmjs.org/escape-string-regexp set size:22244 disposed:false
3554 silly fetch manifest bl@^4.1.0
3555 silly packumentCache full:https://registry.npmjs.org/bl cache-miss
3556 http fetch GET 200 https://registry.npmjs.org/restore-cursor 56ms (cache miss)
3557 silly packumentCache full:https://registry.npmjs.org/restore-cursor set size:undefined disposed:false
3558 silly fetch manifest chalk@^4.1.0
3559 silly packumentCache full:https://registry.npmjs.org/chalk cache-hit
3560 silly fetch manifest wcwidth@^1.0.1
3561 silly packumentCache full:https://registry.npmjs.org/wcwidth cache-miss
3562 http fetch GET 200 https://registry.npmjs.org/chardet 91ms (cache miss)
3563 silly packumentCache full:https://registry.npmjs.org/chardet set size:undefined disposed:false
3564 silly fetch manifest log-symbols@^4.1.0
3565 silly packumentCache full:https://registry.npmjs.org/log-symbols cache-miss
3566 http fetch GET 200 https://registry.npmjs.org/bl 88ms (cache miss)
3567 silly packumentCache full:https://registry.npmjs.org/bl set size:undefined disposed:false
3568 silly fetch manifest cli-spinners@^2.5.0
3569 silly packumentCache full:https://registry.npmjs.org/cli-spinners cache-miss
3570 http fetch GET 200 https://registry.npmjs.org/wcwidth 82ms (cache miss)
3571 silly packumentCache full:https://registry.npmjs.org/wcwidth set size:undefined disposed:false
3572 silly fetch manifest is-interactive@^1.0.0
3573 silly packumentCache full:https://registry.npmjs.org/is-interactive cache-miss
3574 http fetch GET 200 https://registry.npmjs.org/log-symbols 70ms (cache miss)
3575 silly packumentCache full:https://registry.npmjs.org/log-symbols set size:undefined disposed:false
3576 silly fetch manifest is-unicode-supported@^0.1.0
3577 silly packumentCache full:https://registry.npmjs.org/is-unicode-supported cache-miss
3578 http fetch GET 200 https://registry.npmjs.org/cli-spinners 70ms (cache miss)
3579 silly packumentCache full:https://registry.npmjs.org/cli-spinners set size:undefined disposed:false
3580 silly fetch manifest ansi-styles@^4.0.0
3581 silly packumentCache full:https://registry.npmjs.org/ansi-styles cache-hit
3582 http cache https://registry.npmjs.org/is-unicode-supported 39ms (cache hit)
3583 silly packumentCache full:https://registry.npmjs.org/is-unicode-supported set size:19461 disposed:false
3584 http fetch GET 200 https://registry.npmjs.org/is-interactive 65ms (cache miss)
3585 silly packumentCache full:https://registry.npmjs.org/is-interactive set size:undefined disposed:false
3586 silly placeDep ROOT chardet@2.2.0 OK for: @inquirer/external-editor@1.0.3 want: ^2.1.1
3587 silly placeDep ROOT restore-cursor@3.1.0 OK for: cli-cursor@3.1.0 want: ^3.1.0
3588 silly placeDep node_modules/inquirer-autocomplete-prompt ansi-escapes@4.3.2 OK for: inquirer-autocomplete-prompt@1.4.0 want: ^4.3.1
3589 silly placeDep node_modules/inquirer-autocomplete-prompt chalk@4.1.2 OK for: inquirer-autocomplete-prompt@1.4.0 want: ^4.0.0
3590 silly placeDep node_modules/inquirer-autocomplete-prompt figures@3.2.0 OK for: inquirer-autocomplete-prompt@1.4.0 want: ^3.2.0
3591 silly placeDep node_modules/inquirer-autocomplete-prompt rxjs@6.6.7 OK for: inquirer-autocomplete-prompt@1.4.0 want: ^6.6.2
3592 silly fetch manifest tslib@^1.9.0
3593 silly packumentCache full:https://registry.npmjs.org/tslib cache-hit
3594 silly fetch manifest @parcel/watcher@^2.5.6
3595 silly packumentCache full:https://registry.npmjs.org/@parcel%2fwatcher cache-miss
3596 http fetch GET 200 https://registry.npmjs.org/@parcel%2fwatcher 86ms (cache miss)
3597 silly packumentCache full:https://registry.npmjs.org/@parcel%2fwatcher set size:undefined disposed:false
3598 silly fetch manifest @azure/app-configuration@^1.8.0
3599 silly packumentCache full:https://registry.npmjs.org/@azure%2fapp-configuration cache-miss
3600 http fetch GET 200 https://registry.npmjs.org/@azure%2fapp-configuration 569ms (cache miss)
3601 silly packumentCache full:https://registry.npmjs.org/@azure%2fapp-configuration set size:undefined disposed:false
3602 silly fetch manifest @azure/cosmos@^4.2.0
3603 silly packumentCache full:https://registry.npmjs.org/@azure%2fcosmos cache-miss
3604 http fetch GET 200 https://registry.npmjs.org/@azure%2fcosmos 624ms (cache miss)
3605 silly packumentCache full:https://registry.npmjs.org/@azure%2fcosmos set size:undefined disposed:false
3606 silly fetch manifest @azure/data-tables@^13.3.0
3607 silly packumentCache full:https://registry.npmjs.org/@azure%2fdata-tables cache-miss
3608 http fetch GET 200 https://registry.npmjs.org/@azure%2fdata-tables 185ms (cache miss)
3609 silly packumentCache full:https://registry.npmjs.org/@azure%2fdata-tables set size:undefined disposed:false
3610 silly fetch manifest @azure/identity@^4.6.0
3611 silly packumentCache full:https://registry.npmjs.org/@azure%2fidentity cache-miss
3612 http fetch GET 200 https://registry.npmjs.org/@azure%2fidentity 245ms (cache miss)
3613 silly packumentCache full:https://registry.npmjs.org/@azure%2fidentity set size:undefined disposed:false
3614 silly fetch manifest @azure/keyvault-secrets@^4.9.0
3615 silly packumentCache full:https://registry.npmjs.org/@azure%2fkeyvault-secrets cache-miss
3616 http fetch GET 200 https://registry.npmjs.org/@azure%2fkeyvault-secrets 304ms (cache miss)
3617 silly packumentCache full:https://registry.npmjs.org/@azure%2fkeyvault-secrets set size:undefined disposed:false
3618 silly fetch manifest @azure/storage-blob@^12.26.0
3619 silly packumentCache full:https://registry.npmjs.org/@azure%2fstorage-blob cache-miss
3620 http fetch GET 200 https://registry.npmjs.org/@azure%2fstorage-blob 254ms (cache miss)
3621 silly packumentCache full:https://registry.npmjs.org/@azure%2fstorage-blob set size:undefined disposed:false
3622 silly fetch manifest @capacitor/preferences@^6 || ^7 || ^8
3623 silly packumentCache full:https://registry.npmjs.org/@capacitor%2fpreferences cache-miss
3624 http fetch GET 200 https://registry.npmjs.org/@capacitor%2fpreferences 716ms (cache miss)
3625 silly packumentCache full:https://registry.npmjs.org/@capacitor%2fpreferences set size:undefined disposed:false
3626 silly fetch manifest @capacitor/core@>=8.0.0
3627 silly packumentCache full:https://registry.npmjs.org/@capacitor%2fcore cache-miss
3628 http fetch GET 200 https://registry.npmjs.org/@capacitor%2fcore 369ms (cache miss)
3629 silly packumentCache full:https://registry.npmjs.org/@capacitor%2fcore set size:undefined disposed:false
3630 silly fetch manifest @deno/kv@>=0.9.0
3631 silly packumentCache full:https://registry.npmjs.org/@deno%2fkv cache-miss
3632 http fetch GET 200 https://registry.npmjs.org/@deno%2fkv 98ms (cache miss)
3633 silly packumentCache full:https://registry.npmjs.org/@deno%2fkv set size:undefined disposed:false
3634 silly fetch manifest @netlify/blobs@^6.5.0 || ^7.0.0 || ^8.1.0 || ^9.0.0 || ^10.0.0
3635 silly packumentCache full:https://registry.npmjs.org/@netlify%2fblobs cache-miss
3636 http cache https://registry.npmjs.org/@netlify%2fblobs 19ms (cache hit)
3637 silly packumentCache full:https://registry.npmjs.org/@netlify%2fblobs set size:453392 disposed:false
3638 silly fetch manifest @planetscale/database@^1.19.0
3639 silly packumentCache full:https://registry.npmjs.org/@planetscale%2fdatabase cache-miss
3640 http fetch GET 200 https://registry.npmjs.org/@planetscale%2fdatabase 72ms (cache miss)
3641 silly packumentCache full:https://registry.npmjs.org/@planetscale%2fdatabase set size:undefined disposed:false
3642 silly fetch manifest @upstash/redis@^1.34.3
3643 silly packumentCache full:https://registry.npmjs.org/@upstash%2fredis cache-miss
3644 http fetch GET 200 https://registry.npmjs.org/@upstash%2fredis 378ms (cache miss)
3645 silly packumentCache full:https://registry.npmjs.org/@upstash%2fredis set size:undefined disposed:false
3646 silly fetch manifest @vercel/blob@>=0.27.1
3647 silly packumentCache full:https://registry.npmjs.org/@vercel%2fblob cache-miss
3648 http fetch GET 200 https://registry.npmjs.org/@vercel%2fblob 145ms (cache miss)
3649 silly packumentCache full:https://registry.npmjs.org/@vercel%2fblob set size:undefined disposed:false
3650 silly fetch manifest @vercel/functions@^2.2.12 || ^3.0.0
3651 silly packumentCache full:https://registry.npmjs.org/@vercel%2ffunctions cache-miss
3652 http fetch GET 200 https://registry.npmjs.org/@vercel%2ffunctions 72ms (cache miss)
3653 silly packumentCache full:https://registry.npmjs.org/@vercel%2ffunctions set size:undefined disposed:false
3654 silly fetch manifest @aws-sdk/credential-provider-web-identity@*
3655 silly packumentCache full:https://registry.npmjs.org/@aws-sdk%2fcredential-provider-web-identity cache-miss
3656 http fetch GET 200 https://registry.npmjs.org/@aws-sdk%2fcredential-provider-web-identity 133ms (cache miss)
3657 silly packumentCache full:https://registry.npmjs.org/@aws-sdk%2fcredential-provider-web-identity set size:undefined disposed:false
3658 silly fetch manifest ws@>=8
3659 silly packumentCache full:https://registry.npmjs.org/ws cache-miss
3660 http cache https://registry.npmjs.org/ws 49ms (cache hit)
3661 silly packumentCache full:https://registry.npmjs.org/ws set size:450180 disposed:false
3662 silly fetch manifest @vercel/kv@^1 || ^2 || ^3
3663 silly packumentCache full:https://registry.npmjs.org/@vercel%2fkv cache-miss
3664 http fetch GET 200 https://registry.npmjs.org/@vercel%2fkv 89ms (cache miss)
3665 silly packumentCache full:https://registry.npmjs.org/@vercel%2fkv set size:undefined disposed:false
3666 silly fetch manifest aws4fetch@^1.0.20
3667 silly packumentCache full:https://registry.npmjs.org/aws4fetch cache-miss
3668 http fetch GET 200 https://registry.npmjs.org/aws4fetch 59ms (cache miss)
3669 silly packumentCache full:https://registry.npmjs.org/aws4fetch set size:undefined disposed:false
3670 silly fetch manifest db0@>=0.2.1
3671 silly packumentCache full:https://registry.npmjs.org/db0 cache-miss
3672 http fetch GET 200 https://registry.npmjs.org/db0 60ms (cache miss)
3673 silly packumentCache full:https://registry.npmjs.org/db0 set size:undefined disposed:false
3674 silly fetch manifest idb-keyval@^6.2.1
3675 silly packumentCache full:https://registry.npmjs.org/idb-keyval cache-miss
3676 http fetch GET 200 https://registry.npmjs.org/idb-keyval 62ms (cache miss)
3677 silly packumentCache full:https://registry.npmjs.org/idb-keyval set size:undefined disposed:false
3678 silly fetch manifest ioredis@^5.4.2
3679 silly packumentCache full:https://registry.npmjs.org/ioredis cache-miss
3680 http fetch GET 200 https://registry.npmjs.org/ioredis 141ms (cache miss)
3681 silly packumentCache full:https://registry.npmjs.org/ioredis set size:undefined disposed:false
3682 silly fetch manifest uploadthing@^7.4.4
3683 silly packumentCache full:https://registry.npmjs.org/uploadthing cache-miss
3684 http fetch GET 200 https://registry.npmjs.org/uploadthing 165ms (cache miss)
3685 silly packumentCache full:https://registry.npmjs.org/uploadthing set size:undefined disposed:false
3686 silly fetch manifest express@*
3687 silly packumentCache full:https://registry.npmjs.org/express cache-miss
3688 http cache https://registry.npmjs.org/express 43ms (cache hit)
3689 silly packumentCache full:https://registry.npmjs.org/express set size:808982 disposed:false
3690 silly fetch manifest tailwindcss@^3.0.0 || ^4.0.0-beta.0
3691 silly packumentCache full:https://registry.npmjs.org/tailwindcss cache-miss
3692 http fetch GET 200 https://registry.npmjs.org/tailwindcss 378ms (cache miss)
3693 silly packumentCache full:https://registry.npmjs.org/tailwindcss set size:undefined disposed:false
3694 silly placeDep ROOT citty@0.1.6 OK for: ipx@3.1.1 want: ^0.1.6
3695 silly placeDep ROOT defu@6.1.7 OK for: ipx@3.1.1 want: ^6.1.4
3696 silly placeDep ROOT destr@2.0.5 OK for: ipx@3.1.1 want: ^2.0.5
3697 silly placeDep ROOT h3@1.15.11 OK for: ipx@3.1.1 want: ^1.15.3
3698 silly placeDep ROOT image-meta@0.2.2 OK for: ipx@3.1.1 want: ^0.2.1
3699 silly placeDep ROOT listhen@1.10.1 OK for: ipx@3.1.1 want: ^1.9.0
3700 silly placeDep ROOT ofetch@1.5.1 OK for: ipx@3.1.1 want: ^1.4.1
3701 silly placeDep ROOT pathe@2.0.3 OK for: ipx@3.1.1 want: ^2.0.3
3702 silly placeDep ROOT sharp@0.34.5 OK for: ipx@3.1.1 want: ^0.34.3
3703 silly placeDep ROOT svgo@4.1.0 OK for: ipx@3.1.1 want: ^4.0.0
3704 silly placeDep ROOT ufo@1.6.4 OK for: ipx@3.1.1 want: ^1.6.1
3705 silly placeDep node_modules/ipx unstorage@1.17.5 OK for: ipx@3.1.1 want: ^1.16.1
3706 silly placeDep node_modules/ipx @netlify/blobs@10.7.13 OK for: unstorage@1.17.5 want: ^6.5.0 || ^7.0.0 || ^8.1.0 || ^9.0.0 || ^10.0.0
3707 silly placeDep ROOT xss@1.0.15 OK for: ipx@3.1.1 want: ^1.0.15
3708 silly fetch manifest ufo@^1.6.3
3709 silly packumentCache full:https://registry.npmjs.org/ufo cache-miss
3710 silly fetch manifest radix3@^1.1.2
3711 silly packumentCache full:https://registry.npmjs.org/radix3 cache-miss
3712 silly fetch manifest crossws@^0.3.5
3713 silly packumentCache full:https://registry.npmjs.org/crossws cache-miss
3714 http cache https://registry.npmjs.org/ufo 26ms (cache hit)
3715 silly packumentCache full:https://registry.npmjs.org/ufo set size:169119 disposed:false
3716 silly fetch manifest uncrypto@^0.1.3
3717 silly packumentCache full:https://registry.npmjs.org/uncrypto cache-miss
3718 http fetch GET 200 https://registry.npmjs.org/radix3 71ms (cache miss)
3719 silly packumentCache full:https://registry.npmjs.org/radix3 set size:undefined disposed:false
3720 silly fetch manifest cookie-es@^1.2.3
3721 silly packumentCache full:https://registry.npmjs.org/cookie-es cache-miss
3722 http fetch GET 200 https://registry.npmjs.org/crossws 83ms (cache miss)
3723 silly packumentCache full:https://registry.npmjs.org/crossws set size:undefined disposed:false
3724 silly fetch manifest iron-webcrypto@^1.2.1
3725 silly packumentCache full:https://registry.npmjs.org/iron-webcrypto cache-miss
3726 http fetch GET 200 https://registry.npmjs.org/uncrypto 85ms (cache miss)
3727 silly packumentCache full:https://registry.npmjs.org/uncrypto set size:undefined disposed:false
3728 silly fetch manifest node-mock-http@^1.0.4
3729 silly packumentCache full:https://registry.npmjs.org/node-mock-http cache-miss
3730 http fetch GET 200 https://registry.npmjs.org/cookie-es 84ms (cache miss)
3731 silly packumentCache full:https://registry.npmjs.org/cookie-es set size:undefined disposed:false
3732 silly fetch manifest @parcel/watcher-wasm@^2.5.6
3733 silly packumentCache full:https://registry.npmjs.org/@parcel%2fwatcher-wasm cache-miss
3734 http fetch GET 200 https://registry.npmjs.org/iron-webcrypto 89ms (cache miss)
3735 silly packumentCache full:https://registry.npmjs.org/iron-webcrypto set size:undefined disposed:false
3736 silly fetch manifest citty@^0.2.2
3737 silly packumentCache full:https://registry.npmjs.org/citty cache-miss
3738 http fetch GET 200 https://registry.npmjs.org/node-mock-http 78ms (cache miss)
3739 silly packumentCache full:https://registry.npmjs.org/node-mock-http set size:undefined disposed:false
3740 silly fetch manifest crossws@^0.4.10
3741 silly packumentCache full:https://registry.npmjs.org/crossws cache-miss
3742 http cache https://registry.npmjs.org/citty 30ms (cache hit)
3743 silly packumentCache full:https://registry.npmjs.org/citty set size:38628 disposed:false
3744 silly fetch manifest get-port-please@^3.2.0
3745 silly packumentCache full:https://registry.npmjs.org/get-port-please cache-miss
3746 http cache https://registry.npmjs.org/crossws 37ms (cache hit)
3747 silly packumentCache full:https://registry.npmjs.org/crossws set size:120040 disposed:false
3748 silly fetch manifest http-shutdown@^1.2.2
3749 silly packumentCache full:https://registry.npmjs.org/http-shutdown cache-miss
3750 http fetch GET 200 https://registry.npmjs.org/@parcel%2fwatcher-wasm 89ms (cache miss)
3751 silly packumentCache full:https://registry.npmjs.org/@parcel%2fwatcher-wasm set size:undefined disposed:false
3752 silly fetch manifest jiti@^2.7.0
3753 silly packumentCache full:https://registry.npmjs.org/jiti cache-miss
3754 http fetch GET 200 https://registry.npmjs.org/get-port-please 61ms (cache miss)
3755 silly packumentCache full:https://registry.npmjs.org/get-port-please set size:undefined disposed:false
3756 silly fetch manifest node-forge@^1.4.0
3757 silly packumentCache full:https://registry.npmjs.org/node-forge cache-miss
3758 http fetch GET 200 https://registry.npmjs.org/http-shutdown 134ms (cache miss)
3759 silly packumentCache full:https://registry.npmjs.org/http-shutdown set size:undefined disposed:false
3760 silly fetch manifest std-env@^4.2.0
3761 silly packumentCache full:https://registry.npmjs.org/std-env cache-miss
3762 http fetch GET 200 https://registry.npmjs.org/jiti 214ms (cache miss)
3763 silly packumentCache full:https://registry.npmjs.org/jiti set size:undefined disposed:false
3764 silly fetch manifest tinyclip@^0.1.15
3765 silly packumentCache full:https://registry.npmjs.org/tinyclip cache-miss
3766 http fetch GET 200 https://registry.npmjs.org/std-env 215ms (cache miss)
3767 silly packumentCache full:https://registry.npmjs.org/std-env set size:undefined disposed:false
3768 silly fetch manifest ufo@^1.6.4
3769 silly packumentCache full:https://registry.npmjs.org/ufo cache-hit
3770 silly fetch manifest untun@^0.2.2
3771 silly packumentCache full:https://registry.npmjs.org/untun cache-miss
3772 http fetch GET 200 https://registry.npmjs.org/node-forge 403ms (cache miss)
3773 silly packumentCache full:https://registry.npmjs.org/node-forge set size:undefined disposed:false
3774 silly fetch manifest uqr@^0.1.3
3775 silly packumentCache full:https://registry.npmjs.org/uqr cache-miss
3776 http fetch GET 200 https://registry.npmjs.org/tinyclip 334ms (cache miss)
3777 silly packumentCache full:https://registry.npmjs.org/tinyclip set size:undefined disposed:false
3778 silly fetch manifest node-fetch-native@^1.6.7
3779 silly packumentCache full:https://registry.npmjs.org/node-fetch-native cache-miss
3780 http fetch GET 200 https://registry.npmjs.org/uqr 195ms (cache miss)
3781 silly packumentCache full:https://registry.npmjs.org/uqr set size:undefined disposed:false
3782 silly fetch manifest @img/colour@^1.0.0
3783 silly packumentCache full:https://registry.npmjs.org/@img%2fcolour cache-miss
3784 http fetch GET 200 https://registry.npmjs.org/untun 309ms (cache miss)
3785 silly packumentCache full:https://registry.npmjs.org/untun set size:undefined disposed:false
3786 silly fetch manifest @img/sharp-wasm32@0.34.5
3787 silly packumentCache full:https://registry.npmjs.org/@img%2fsharp-wasm32 cache-miss
3788 http fetch GET 200 https://registry.npmjs.org/node-fetch-native 233ms (cache miss)
3789 silly packumentCache full:https://registry.npmjs.org/node-fetch-native set size:undefined disposed:false
3790 silly fetch manifest @img/sharp-linux-arm@0.34.5
3791 silly packumentCache full:https://registry.npmjs.org/@img%2fsharp-linux-arm cache-miss
3792 http fetch GET 200 https://registry.npmjs.org/@img%2fcolour 180ms (cache miss)
3793 silly packumentCache full:https://registry.npmjs.org/@img%2fcolour set size:undefined disposed:false
3794 silly fetch manifest @img/sharp-linux-x64@0.34.5
3795 silly packumentCache full:https://registry.npmjs.org/@img%2fsharp-linux-x64 cache-miss
3796 http fetch GET 200 https://registry.npmjs.org/@img%2fsharp-linux-arm 106ms (cache miss)
3797 silly packumentCache full:https://registry.npmjs.org/@img%2fsharp-linux-arm set size:undefined disposed:false
3798 silly fetch manifest @img/sharp-win32-x64@0.34.5
3799 silly packumentCache full:https://registry.npmjs.org/@img%2fsharp-win32-x64 cache-miss
3800 http fetch GET 200 https://registry.npmjs.org/@img%2fsharp-wasm32 274ms (cache miss)
3801 silly packumentCache full:https://registry.npmjs.org/@img%2fsharp-wasm32 set size:undefined disposed:false
3802 silly fetch manifest @img/sharp-darwin-x64@0.34.5
3803 silly packumentCache full:https://registry.npmjs.org/@img%2fsharp-darwin-x64 cache-miss
3804 http fetch GET 200 https://registry.npmjs.org/@img%2fsharp-linux-x64 114ms (cache miss)
3805 silly packumentCache full:https://registry.npmjs.org/@img%2fsharp-linux-x64 set size:undefined disposed:false
3806 silly fetch manifest @img/sharp-win32-ia32@0.34.5
3807 silly packumentCache full:https://registry.npmjs.org/@img%2fsharp-win32-ia32 cache-miss
3808 http fetch GET 200 https://registry.npmjs.org/@img%2fsharp-win32-x64 85ms (cache miss)
3809 silly packumentCache full:https://registry.npmjs.org/@img%2fsharp-win32-x64 set size:undefined disposed:false
3810 silly fetch manifest @img/sharp-linux-arm64@0.34.5
3811 silly packumentCache full:https://registry.npmjs.org/@img%2fsharp-linux-arm64 cache-miss
3812 http fetch GET 200 https://registry.npmjs.org/@img%2fsharp-darwin-x64 85ms (cache miss)
3813 silly packumentCache full:https://registry.npmjs.org/@img%2fsharp-darwin-x64 set size:undefined disposed:false
3814 silly fetch manifest @img/sharp-linux-ppc64@0.34.5
3815 silly packumentCache full:https://registry.npmjs.org/@img%2fsharp-linux-ppc64 cache-miss
3816 http fetch GET 200 https://registry.npmjs.org/@img%2fsharp-win32-ia32 112ms (cache miss)
3817 silly packumentCache full:https://registry.npmjs.org/@img%2fsharp-win32-ia32 set size:undefined disposed:false
3818 silly fetch manifest @img/sharp-linux-s390x@0.34.5
3819 silly packumentCache full:https://registry.npmjs.org/@img%2fsharp-linux-s390x cache-miss
3820 http fetch GET 200 https://registry.npmjs.org/@img%2fsharp-linux-arm64 88ms (cache miss)
3821 silly packumentCache full:https://registry.npmjs.org/@img%2fsharp-linux-arm64 set size:undefined disposed:false
3822 silly fetch manifest @img/sharp-win32-arm64@0.34.5
3823 silly packumentCache full:https://registry.npmjs.org/@img%2fsharp-win32-arm64 cache-miss
3824 http fetch GET 200 https://registry.npmjs.org/@img%2fsharp-linux-ppc64 79ms (cache miss)
3825 silly packumentCache full:https://registry.npmjs.org/@img%2fsharp-linux-ppc64 set size:undefined disposed:false
3826 silly fetch manifest @img/sharp-darwin-arm64@0.34.5
3827 silly packumentCache full:https://registry.npmjs.org/@img%2fsharp-darwin-arm64 cache-miss
3828 http fetch GET 200 https://registry.npmjs.org/@img%2fsharp-linux-s390x 63ms (cache miss)
3829 silly packumentCache full:https://registry.npmjs.org/@img%2fsharp-linux-s390x set size:undefined disposed:false
3830 silly fetch manifest @img/sharp-linux-riscv64@0.34.5
3831 silly packumentCache full:https://registry.npmjs.org/@img%2fsharp-linux-riscv64 cache-miss
3832 http fetch GET 200 https://registry.npmjs.org/@img%2fsharp-win32-arm64 87ms (cache miss)
3833 silly packumentCache full:https://registry.npmjs.org/@img%2fsharp-win32-arm64 set size:undefined disposed:false
3834 silly fetch manifest @img/sharp-linuxmusl-x64@0.34.5
3835 silly packumentCache full:https://registry.npmjs.org/@img%2fsharp-linuxmusl-x64 cache-miss
3836 http fetch GET 200 https://registry.npmjs.org/@img%2fsharp-linux-riscv64 109ms (cache miss)
3837 silly packumentCache full:https://registry.npmjs.org/@img%2fsharp-linux-riscv64 set size:undefined disposed:false
3838 silly fetch manifest @img/sharp-linuxmusl-arm64@0.34.5
3839 silly packumentCache full:https://registry.npmjs.org/@img%2fsharp-linuxmusl-arm64 cache-miss
3840 http fetch GET 200 https://registry.npmjs.org/@img%2fsharp-darwin-arm64 146ms (cache miss)
3841 silly packumentCache full:https://registry.npmjs.org/@img%2fsharp-darwin-arm64 set size:undefined disposed:false
3842 silly fetch manifest @img/sharp-libvips-linux-arm@1.2.4
3843 silly packumentCache full:https://registry.npmjs.org/@img%2fsharp-libvips-linux-arm cache-miss
3844 http fetch GET 200 https://registry.npmjs.org/@img%2fsharp-linuxmusl-x64 105ms (cache miss)
3845 silly packumentCache full:https://registry.npmjs.org/@img%2fsharp-linuxmusl-x64 set size:undefined disposed:false
3846 silly fetch manifest @img/sharp-libvips-linux-x64@1.2.4
3847 silly packumentCache full:https://registry.npmjs.org/@img%2fsharp-libvips-linux-x64 cache-miss
3848 http fetch GET 200 https://registry.npmjs.org/@img%2fsharp-libvips-linux-arm 89ms (cache miss)
3849 silly packumentCache full:https://registry.npmjs.org/@img%2fsharp-libvips-linux-arm set size:undefined disposed:false
3850 silly fetch manifest @img/sharp-libvips-darwin-x64@1.2.4
3851 silly packumentCache full:https://registry.npmjs.org/@img%2fsharp-libvips-darwin-x64 cache-miss
3852 http fetch GET 200 https://registry.npmjs.org/@img%2fsharp-libvips-linux-x64 86ms (cache miss)
3853 silly packumentCache full:https://registry.npmjs.org/@img%2fsharp-libvips-linux-x64 set size:undefined disposed:false
3854 silly fetch manifest @img/sharp-libvips-linux-arm64@1.2.4
3855 silly packumentCache full:https://registry.npmjs.org/@img%2fsharp-libvips-linux-arm64 cache-miss
3856 http fetch GET 200 https://registry.npmjs.org/@img%2fsharp-linuxmusl-arm64 280ms (cache miss)
3857 silly packumentCache full:https://registry.npmjs.org/@img%2fsharp-linuxmusl-arm64 set size:undefined disposed:false
3858 silly fetch manifest @img/sharp-libvips-linux-ppc64@1.2.4
3859 silly packumentCache full:https://registry.npmjs.org/@img%2fsharp-libvips-linux-ppc64 cache-miss
3860 http fetch GET 200 https://registry.npmjs.org/@img%2fsharp-libvips-darwin-x64 225ms (cache miss)
3861 silly packumentCache full:https://registry.npmjs.org/@img%2fsharp-libvips-darwin-x64 set size:undefined disposed:false
3862 silly fetch manifest @img/sharp-libvips-linux-s390x@1.2.4
3863 silly packumentCache full:https://registry.npmjs.org/@img%2fsharp-libvips-linux-s390x cache-miss
3864 http fetch GET 200 https://registry.npmjs.org/@img%2fsharp-libvips-linux-arm64 245ms (cache miss)
3865 silly packumentCache full:https://registry.npmjs.org/@img%2fsharp-libvips-linux-arm64 set size:undefined disposed:false
3866 silly fetch manifest @img/sharp-libvips-darwin-arm64@1.2.4
3867 silly packumentCache full:https://registry.npmjs.org/@img%2fsharp-libvips-darwin-arm64 cache-miss
3868 http fetch GET 200 https://registry.npmjs.org/@img%2fsharp-libvips-linux-ppc64 126ms (cache miss)
3869 silly packumentCache full:https://registry.npmjs.org/@img%2fsharp-libvips-linux-ppc64 set size:undefined disposed:false
3870 silly fetch manifest @img/sharp-libvips-linux-riscv64@1.2.4
3871 silly packumentCache full:https://registry.npmjs.org/@img%2fsharp-libvips-linux-riscv64 cache-miss
3872 http fetch GET 200 https://registry.npmjs.org/@img%2fsharp-libvips-linux-s390x 90ms (cache miss)
3873 silly packumentCache full:https://registry.npmjs.org/@img%2fsharp-libvips-linux-s390x set size:undefined disposed:false
3874 silly fetch manifest @img/sharp-libvips-linuxmusl-x64@1.2.4
3875 silly packumentCache full:https://registry.npmjs.org/@img%2fsharp-libvips-linuxmusl-x64 cache-miss
3876 http fetch GET 200 https://registry.npmjs.org/@img%2fsharp-libvips-darwin-arm64 94ms (cache miss)
3877 silly packumentCache full:https://registry.npmjs.org/@img%2fsharp-libvips-darwin-arm64 set size:undefined disposed:false
3878 silly fetch manifest @img/sharp-libvips-linuxmusl-arm64@1.2.4
3879 silly packumentCache full:https://registry.npmjs.org/@img%2fsharp-libvips-linuxmusl-arm64 cache-miss
3880 http fetch GET 200 https://registry.npmjs.org/@img%2fsharp-libvips-linux-riscv64 82ms (cache miss)
3881 silly packumentCache full:https://registry.npmjs.org/@img%2fsharp-libvips-linux-riscv64 set size:undefined disposed:false
3882 silly fetch manifest sax@1.6.1
3883 silly packumentCache full:https://registry.npmjs.org/sax cache-miss
3884 http fetch GET 200 https://registry.npmjs.org/@img%2fsharp-libvips-linuxmusl-x64 66ms (cache miss)
3885 silly packumentCache full:https://registry.npmjs.org/@img%2fsharp-libvips-linuxmusl-x64 set size:undefined disposed:false
3886 silly fetch manifest csso@^5.0.5
3887 silly packumentCache full:https://registry.npmjs.org/csso cache-miss
3888 http fetch GET 200 https://registry.npmjs.org/sax 78ms (cache miss)
3889 silly packumentCache full:https://registry.npmjs.org/sax set size:undefined disposed:false
3890 silly fetch manifest css-tree@^3.0.1
3891 silly packumentCache full:https://registry.npmjs.org/css-tree cache-miss
3892 http fetch GET 200 https://registry.npmjs.org/@img%2fsharp-libvips-linuxmusl-arm64 117ms (cache miss)
3893 silly packumentCache full:https://registry.npmjs.org/@img%2fsharp-libvips-linuxmusl-arm64 set size:undefined disposed:false
3894 silly fetch manifest css-what@^7.0.0
3895 silly packumentCache full:https://registry.npmjs.org/css-what cache-miss
3896 http fetch GET 200 https://registry.npmjs.org/csso 108ms (cache miss)
3897 silly packumentCache full:https://registry.npmjs.org/csso set size:undefined disposed:false
3898 silly fetch manifest commander@^11.1.0
3899 silly packumentCache full:https://registry.npmjs.org/commander cache-hit
3900 silly fetch manifest css-select@^6.0.0
3901 silly packumentCache full:https://registry.npmjs.org/css-select cache-miss
3902 http fetch GET 200 https://registry.npmjs.org/css-what 84ms (cache miss)
3903 silly packumentCache full:https://registry.npmjs.org/css-what set size:undefined disposed:false
3904 silly fetch manifest anymatch@^3.1.3
3905 silly packumentCache full:https://registry.npmjs.org/anymatch cache-miss
3906 http fetch GET 200 https://registry.npmjs.org/css-tree 112ms (cache miss)
3907 silly packumentCache full:https://registry.npmjs.org/css-tree set size:undefined disposed:false
3908 silly fetch manifest lru-cache@^11.2.7
3909 silly packumentCache full:https://registry.npmjs.org/lru-cache cache-miss
3910 http cache https://registry.npmjs.org/lru-cache 39ms (cache hit)
3911 silly packumentCache full:https://registry.npmjs.org/lru-cache set size:465506 disposed:false
3912 silly fetch manifest @netlify/otel@^6.0.6
3913 silly packumentCache full:https://registry.npmjs.org/@netlify%2fotel cache-miss
3914 http fetch GET 200 https://registry.npmjs.org/css-select 193ms (cache miss)
3915 silly packumentCache full:https://registry.npmjs.org/css-select set size:undefined disposed:false
3916 silly fetch manifest @netlify/dev-utils@5.0.0
3917 silly packumentCache full:https://registry.npmjs.org/@netlify%2fdev-utils cache-hit
3918 silly fetch manifest @netlify/runtime-utils@2.3.0
3919 silly packumentCache full:https://registry.npmjs.org/@netlify%2fruntime-utils cache-miss
3920 http fetch GET 200 https://registry.npmjs.org/anymatch 218ms (cache miss)
3921 silly packumentCache full:https://registry.npmjs.org/anymatch set size:undefined disposed:false
3922 silly fetch manifest commander@^2.20.3
3923 silly packumentCache full:https://registry.npmjs.org/commander cache-hit
3924 silly fetch manifest cssfilter@0.0.10
3925 silly packumentCache full:https://registry.npmjs.org/cssfilter cache-miss
3926 http cache https://registry.npmjs.org/@netlify%2fotel 258ms (cache hit)
3927 silly packumentCache full:https://registry.npmjs.org/@netlify%2fotel set size:166760 disposed:false
3928 http cache https://registry.npmjs.org/@netlify%2fruntime-utils 240ms (cache hit)
3929 silly packumentCache full:https://registry.npmjs.org/@netlify%2fruntime-utils set size:28558 disposed:false
3930 http fetch GET 200 https://registry.npmjs.org/cssfilter 253ms (cache miss)
3931 silly packumentCache full:https://registry.npmjs.org/cssfilter set size:undefined disposed:false
3932 silly placeDep ROOT cookie-es@1.2.3 OK for: h3@1.15.11 want: ^1.2.3
3933 silly placeDep ROOT crossws@0.3.5 OK for: h3@1.15.11 want: ^0.3.5
3934 silly placeDep ROOT iron-webcrypto@1.2.1 OK for: h3@1.15.11 want: ^1.2.1
3935 silly placeDep ROOT node-mock-http@1.0.5 OK for: h3@1.15.11 want: ^1.0.4
3936 silly placeDep ROOT radix3@1.1.2 OK for: h3@1.15.11 want: ^1.1.2
3937 silly placeDep ROOT uncrypto@0.1.3 OK for: h3@1.15.11 want: ^0.1.3
3938 silly placeDep ROOT is-extglob@2.1.1 OK for: is-glob@4.0.3 want: ^2.1.1
3939 silly placeDep ROOT is-inside-container@1.0.0 OK for: is-wsl@3.1.1 want: ^1.0.0
3940 silly fetch manifest is-docker@^3.0.0
3941 silly packumentCache full:https://registry.npmjs.org/is-docker cache-miss
3942 http cache https://registry.npmjs.org/is-docker 37ms (cache hit)
3943 silly packumentCache full:https://registry.npmjs.org/is-docker set size:23690 disposed:false
3944 silly placeDep node_modules/is-inside-container is-docker@3.0.0 OK for: is-inside-container@1.0.0 want: ^3.0.0
3945 silly placeDep ROOT jws@4.0.1 OK for: jsonwebtoken@9.0.3 want: ^4.0.1
3946 silly placeDep ROOT lodash.includes@4.3.0 OK for: jsonwebtoken@9.0.3 want: ^4.3.0
3947 silly placeDep ROOT lodash.isboolean@3.0.3 OK for: jsonwebtoken@9.0.3 want: ^3.0.3
3948 silly placeDep ROOT lodash.isinteger@4.0.4 OK for: jsonwebtoken@9.0.3 want: ^4.0.4
3949 silly placeDep ROOT lodash.isnumber@3.0.3 OK for: jsonwebtoken@9.0.3 want: ^3.0.3
3950 silly placeDep ROOT lodash.isstring@4.0.1 OK for: jsonwebtoken@9.0.3 want: ^4.0.1
3951 silly placeDep ROOT lodash.once@4.1.1 OK for: jsonwebtoken@9.0.3 want: ^4.0.0
3952 silly fetch manifest jwa@^2.0.1
3953 silly packumentCache full:https://registry.npmjs.org/jwa cache-miss
3954 silly fetch manifest safe-buffer@^5.0.1
3955 silly packumentCache full:https://registry.npmjs.org/safe-buffer cache-hit
3956 http fetch GET 200 https://registry.npmjs.org/jwa 60ms (cache miss)
3957 silly packumentCache full:https://registry.npmjs.org/jwa set size:undefined disposed:false
3958 silly placeDep ROOT jwa@2.0.1 OK for: jws@4.0.1 want: ^2.0.1
3959 silly placeDep ROOT safe-buffer@5.2.1 OK for: jws@4.0.1 want: ^5.0.1
3960 silly fetch manifest ecdsa-sig-formatter@1.0.11
3961 silly packumentCache full:https://registry.npmjs.org/ecdsa-sig-formatter cache-miss
3962 silly fetch manifest buffer-equal-constant-time@^1.0.1
3963 silly packumentCache full:https://registry.npmjs.org/buffer-equal-constant-time cache-miss
3964 http fetch GET 200 https://registry.npmjs.org/ecdsa-sig-formatter 72ms (cache miss)
3965 silly packumentCache full:https://registry.npmjs.org/ecdsa-sig-formatter set size:undefined disposed:false
3966 http fetch GET 200 https://registry.npmjs.org/buffer-equal-constant-time 82ms (cache miss)
3967 silly packumentCache full:https://registry.npmjs.org/buffer-equal-constant-time set size:undefined disposed:false
3968 silly placeDep ROOT buffer-equal-constant-time@1.0.1 OK for: jwa@2.0.1 want: ^1.0.1
3969 silly placeDep ROOT ecdsa-sig-formatter@1.0.11 OK for: jwa@2.0.1 want: 1.0.11
3970 silly placeDep ROOT mimic-fn@4.0.0 OK for: keep-func-props@6.0.0 want: ^4.0.0
3971 silly placeDep node_modules/lambda-local commander@10.0.1 OK for: lambda-local@2.2.0 want: ^10.0.1
3972 silly placeDep node_modules/lambda-local dotenv@16.6.1 OK for: lambda-local@2.2.0 want: ^16.3.1
3973 silly placeDep ROOT winston@3.19.0 OK for: lambda-local@2.2.0 want: ^3.10.0
3974 silly fetch manifest logform@^2.7.0
3975 silly packumentCache full:https://registry.npmjs.org/logform cache-miss
3976 silly fetch manifest one-time@^1.0.0
3977 silly packumentCache full:https://registry.npmjs.org/one-time cache-miss
3978 silly fetch manifest stack-trace@0.0.x
3979 silly packumentCache full:https://registry.npmjs.org/stack-trace cache-miss
3980 http fetch GET 200 https://registry.npmjs.org/one-time 189ms (cache miss)
3981 silly packumentCache full:https://registry.npmjs.org/one-time set size:undefined disposed:false
3982 silly fetch manifest triple-beam@^1.3.0
3983 silly packumentCache full:https://registry.npmjs.org/triple-beam cache-miss
3984 http fetch GET 200 https://registry.npmjs.org/stack-trace 212ms (cache miss)
3985 silly packumentCache full:https://registry.npmjs.org/stack-trace set size:undefined disposed:false
3986 silly fetch manifest @colors/colors@^1.6.0
3987 silly packumentCache full:https://registry.npmjs.org/@colors%2fcolors cache-miss
3988 http fetch GET 200 https://registry.npmjs.org/logform 240ms (cache miss)
3989 silly packumentCache full:https://registry.npmjs.org/logform set size:undefined disposed:false
3990 silly fetch manifest readable-stream@^3.4.0
3991 silly packumentCache full:https://registry.npmjs.org/readable-stream cache-hit
3992 silly fetch manifest @dabh/diagnostics@^2.0.8
3993 silly packumentCache full:https://registry.npmjs.org/@dabh%2fdiagnostics cache-miss
3994 http fetch GET 200 https://registry.npmjs.org/triple-beam 59ms (cache miss)
3995 silly packumentCache full:https://registry.npmjs.org/triple-beam set size:undefined disposed:false
3996 silly fetch manifest winston-transport@^4.9.0
3997 silly packumentCache full:https://registry.npmjs.org/winston-transport cache-miss
3998 http fetch GET 200 https://registry.npmjs.org/@colors%2fcolors 112ms (cache miss)
3999 silly packumentCache full:https://registry.npmjs.org/@colors%2fcolors set size:undefined disposed:false
4000 http fetch GET 200 https://registry.npmjs.org/@dabh%2fdiagnostics 121ms (cache miss)
4001 silly packumentCache full:https://registry.npmjs.org/@dabh%2fdiagnostics set size:undefined disposed:false
4002 http fetch GET 200 https://registry.npmjs.org/winston-transport 105ms (cache miss)
4003 silly packumentCache full:https://registry.npmjs.org/winston-transport set size:undefined disposed:false
4004 silly placeDep node_modules/lazystream readable-stream@2.3.8 OK for: lazystream@1.0.1 want: ^2.0.5
4005 silly placeDep node_modules/light-my-request cookie@1.1.1 OK for: light-my-request@6.6.0 want: ^1.0.1
4006 silly placeDep node_modules/light-my-request process-warning@4.0.1 OK for: light-my-request@6.6.0 want: ^4.0.0
4007 silly placeDep ROOT set-cookie-parser@2.7.2 OK for: light-my-request@6.6.0 want: ^2.6.0
4008 silly fetch manifest srvx@>=0.11.5
4009 silly packumentCache full:https://registry.npmjs.org/srvx cache-miss
4010 http fetch GET 200 https://registry.npmjs.org/srvx 86ms (cache miss)
4011 silly packumentCache full:https://registry.npmjs.org/srvx set size:undefined disposed:false
4012 silly placeDep ROOT @parcel/watcher-wasm@2.6.0 OK for: listhen@1.10.1 want: ^2.5.6
4013 silly placeDep node_modules/listhen citty@0.2.2 OK for: listhen@1.10.1 want: ^0.2.2
4014 silly placeDep node_modules/listhen crossws@0.4.12 OK for: listhen@1.10.1 want: ^0.4.10
4015 silly placeDep ROOT get-port-please@3.2.0 OK for: listhen@1.10.1 want: ^3.2.0
4016 silly placeDep ROOT http-shutdown@1.2.2 OK for: listhen@1.10.1 want: ^1.2.2
4017 silly placeDep ROOT jiti@2.7.0 OK for: listhen@1.10.1 want: ^2.7.0
4018 silly placeDep ROOT node-forge@1.4.0 OK for: listhen@1.10.1 want: ^1.4.0
4019 silly placeDep ROOT std-env@4.3.0 OK for: listhen@1.10.1 want: ^4.2.0
4020 silly placeDep ROOT tinyclip@0.1.15 OK for: listhen@1.10.1 want: ^0.1.15
4021 silly placeDep ROOT untun@0.2.2 OK for: listhen@1.10.1 want: ^0.2.2
4022 silly placeDep ROOT uqr@0.1.3 OK for: listhen@1.10.1 want: ^0.1.3
4023 silly placeDep ROOT is-error-instance@2.0.0 OK for: log-process-errors@11.0.1 want: ^2.0.0
4024 silly placeDep ROOT normalize-exception@3.0.0 OK for: log-process-errors@11.0.1 want: ^3.0.0
4025 silly placeDep ROOT set-error-message@2.0.1 OK for: log-process-errors@11.0.1 want: ^2.0.1
4026 silly placeDep node_modules/log-update cli-cursor@5.0.0 OK for: log-update@8.0.0 want: ^5.0.0
4027 silly placeDep ROOT slice-ansi@9.0.1 OK for: log-update@8.0.0 want: ^9.0.0
4028 silly placeDep node_modules/log-update string-width@8.3.0 OK for: log-update@8.0.0 want: ^8.2.0
4029 silly placeDep node_modules/log-update strip-ansi@7.2.0 OK for: log-update@8.0.0 want: ^7.2.0
4030 silly placeDep node_modules/log-update wrap-ansi@10.0.2 OK for: log-update@8.0.0 want: ^10.0.0
4031 silly fetch manifest restore-cursor@^5.0.0
4032 silly packumentCache full:https://registry.npmjs.org/restore-cursor cache-miss
4033 silly fetch manifest ansi-styles@^6.2.3
4034 silly packumentCache full:https://registry.npmjs.org/ansi-styles cache-hit
4035 silly fetch manifest is-fullwidth-code-point@^5.1.0
4036 silly packumentCache full:https://registry.npmjs.org/is-fullwidth-code-point cache-miss
4037 silly fetch manifest strip-ansi@^7.1.2
4038 silly packumentCache full:https://registry.npmjs.org/strip-ansi cache-hit
4039 silly fetch manifest get-east-asian-width@^1.5.0
4040 silly packumentCache full:https://registry.npmjs.org/get-east-asian-width cache-miss
4041 http cache https://registry.npmjs.org/is-fullwidth-code-point 39ms (cache hit)
4042 silly packumentCache full:https://registry.npmjs.org/is-fullwidth-code-point set size:14578 disposed:false
4043 silly fetch manifest ansi-regex@^6.2.2
4044 silly packumentCache full:https://registry.npmjs.org/ansi-regex cache-miss
4045 http cache https://registry.npmjs.org/get-east-asian-width 45ms (cache hit)
4046 silly packumentCache full:https://registry.npmjs.org/get-east-asian-width set size:22908 disposed:false
4047 http cache https://registry.npmjs.org/restore-cursor 56ms (cache hit)
4048 silly packumentCache full:https://registry.npmjs.org/restore-cursor set size:17895 disposed:false
4049 http cache https://registry.npmjs.org/ansi-regex 32ms (cache hit)
4050 silly packumentCache full:https://registry.npmjs.org/ansi-regex set size:50305 disposed:false
4051 silly placeDep node_modules/maxstache-stream pump@1.0.3 OK for: maxstache-stream@1.0.4 want: ^1.0.0
4052 silly placeDep ROOT split2@1.1.1 OK for: maxstache-stream@1.0.4 want: ^1.0.0
4053 silly placeDep ROOT through2@2.0.5 OK for: maxstache-stream@1.0.4 want: ^2.0.0
4054 silly fetch manifest through2@~2.0.0
4055 silly packumentCache full:https://registry.npmjs.org/through2 cache-miss
4056 silly fetch manifest xtend@~4.0.1
4057 silly packumentCache full:https://registry.npmjs.org/xtend cache-miss
4058 silly fetch manifest readable-stream@~2.3.6
4059 silly packumentCache full:https://registry.npmjs.org/readable-stream cache-hit
4060 http cache https://registry.npmjs.org/through2 31ms (cache hit)
4061 silly packumentCache full:https://registry.npmjs.org/through2 set size:127176 disposed:false
4062 http fetch GET 200 https://registry.npmjs.org/xtend 64ms (cache miss)
4063 silly packumentCache full:https://registry.npmjs.org/xtend set size:undefined disposed:false
4064 silly placeDep node_modules/merge-options is-plain-obj@2.1.0 OK for: merge-options@3.0.4 want: ^2.1.0
4065 silly placeDep ROOT fast-equals@5.4.3 OK for: micro-memoize@5.2.0 want: ^5.4.0
4066 silly placeDep ROOT fast-stringify@4.0.2 OK for: micro-memoize@5.2.0 want: ^4.0.0
4067 silly placeDep ROOT braces@3.0.3 OK for: micromatch@4.0.8 want: ^3.0.3
4068 silly placeDep node_modules/micromatch picomatch@2.3.2 OK for: micromatch@4.0.8 want: ^2.3.1
4069 silly fetch manifest fill-range@^7.1.1
4070 silly packumentCache full:https://registry.npmjs.org/fill-range cache-miss
4071 http fetch GET 200 https://registry.npmjs.org/fill-range 70ms (cache miss)
4072 silly packumentCache full:https://registry.npmjs.org/fill-range set size:undefined disposed:false
4073 silly placeDep ROOT fill-range@7.1.1 OK for: braces@3.0.3 want: ^7.1.1
4074 silly fetch manifest to-regex-range@^5.0.1
4075 silly packumentCache full:https://registry.npmjs.org/to-regex-range cache-miss
4076 http fetch GET 200 https://registry.npmjs.org/to-regex-range 68ms (cache miss)
4077 silly packumentCache full:https://registry.npmjs.org/to-regex-range set size:undefined disposed:false
4078 silly placeDep ROOT to-regex-range@5.0.1 OK for: fill-range@7.1.1 want: ^5.0.1
4079 silly fetch manifest is-number@^7.0.0
4080 silly packumentCache full:https://registry.npmjs.org/is-number cache-miss
4081 http fetch GET 200 https://registry.npmjs.org/is-number 150ms (cache miss)
4082 silly packumentCache full:https://registry.npmjs.org/is-number set size:undefined disposed:false
4083 silly placeDep ROOT mime-db@1.54.0 OK for: mime-types@3.0.2 want: ^1.54.0
4084 silly placeDep ROOT brace-expansion@5.0.12 OK for: minimatch@10.2.6 want: ^5.0.8
4085 silly fetch manifest balanced-match@^4.0.2
4086 silly packumentCache full:https://registry.npmjs.org/balanced-match cache-miss
4087 http fetch GET 200 https://registry.npmjs.org/balanced-match 110ms (cache miss)
4088 silly packumentCache full:https://registry.npmjs.org/balanced-match set size:undefined disposed:false
4089 silly placeDep ROOT balanced-match@4.0.4 OK for: brace-expansion@5.0.12 want: ^4.0.2
4090 silly placeDep node_modules/multiparty http-errors@2.0.0 OK for: multiparty@4.3.1 want: 2.0.0
4091 silly placeDep ROOT uid-safe@2.1.5 OK for: multiparty@4.3.1 want: 2.1.5
4092 silly fetch manifest statuses@2.0.1
4093 silly packumentCache full:https://registry.npmjs.org/statuses cache-hit
4094 silly fetch manifest random-bytes@~1.0.0
4095 silly packumentCache full:https://registry.npmjs.org/random-bytes cache-miss
4096 http fetch GET 200 https://registry.npmjs.org/random-bytes 77ms (cache miss)
4097 silly packumentCache full:https://registry.npmjs.org/random-bytes set size:undefined disposed:false
4098 silly placeDep node_modules/negotiator content-type@2.1.0 OK for: negotiator@1.1.0 want: ^2.1.0
4099 silly placeDep ROOT data-uri-to-buffer@4.0.1 OK for: node-fetch@3.3.2 want: ^4.0.0
4100 silly placeDep ROOT fetch-blob@3.2.0 OK for: node-fetch@3.3.2 want: ^3.1.4
4101 silly placeDep ROOT formdata-polyfill@4.0.10 OK for: node-fetch@3.3.2 want: ^4.0.10
4102 silly fetch manifest node-domexception@^1.0.0
4103 silly packumentCache full:https://registry.npmjs.org/node-domexception cache-miss
4104 silly fetch manifest web-streams-polyfill@^3.0.3
4105 silly packumentCache full:https://registry.npmjs.org/web-streams-polyfill cache-miss
4106 http fetch GET 200 https://registry.npmjs.org/node-domexception 159ms (cache miss)
4107 silly packumentCache full:https://registry.npmjs.org/node-domexception set size:undefined disposed:false
4108 http fetch GET 200 https://registry.npmjs.org/web-streams-polyfill 168ms (cache miss)
4109 silly packumentCache full:https://registry.npmjs.org/web-streams-polyfill set size:undefined disposed:false
4110 silly placeDep ROOT node-domexception@1.0.0 OK for: fetch-blob@3.2.0 want: ^1.0.0
4111 silly placeDep ROOT web-streams-polyfill@3.3.3 OK for: fetch-blob@3.2.0 want: ^3.0.3
4112 silly placeDep ROOT abbrev@3.0.1 OK for: nopt@8.1.0 want: ^3.0.0
4113 silly placeDep ROOT hosted-git-info@8.1.0 OK for: normalize-package-data@7.0.1 want: ^8.0.0
4114 silly placeDep ROOT validate-npm-package-license@3.0.4 OK for: normalize-package-data@7.0.1 want: ^3.0.4
4115 silly fetch manifest lru-cache@^10.0.1
4116 silly packumentCache full:https://registry.npmjs.org/lru-cache cache-hit
4117 silly fetch manifest spdx-correct@^3.0.0
4118 silly packumentCache full:https://registry.npmjs.org/spdx-correct cache-miss
4119 silly fetch manifest spdx-expression-parse@^3.0.0
4120 silly packumentCache full:https://registry.npmjs.org/spdx-expression-parse cache-miss
4121 http fetch GET 200 https://registry.npmjs.org/spdx-expression-parse 117ms (cache miss)
4122 silly packumentCache full:https://registry.npmjs.org/spdx-expression-parse set size:undefined disposed:false
4123 http fetch GET 200 https://registry.npmjs.org/spdx-correct 130ms (cache miss)
4124 silly packumentCache full:https://registry.npmjs.org/spdx-correct set size:undefined disposed:false
4125 silly placeDep ROOT lru-cache@10.4.3 OK for: hosted-git-info@8.1.0 want: ^10.0.1
4126 silly placeDep ROOT node-fetch-native@1.6.7 OK for: ofetch@1.5.1 want: ^1.6.7
4127 silly placeDep ROOT ee-first@1.1.1 OK for: on-finished@2.4.1 want: 1.1.1
4128 silly placeDep ROOT wrappy@1.0.2 OK for: once@1.4.0 want: 1
4129 silly placeDep node_modules/onetime mimic-fn@2.1.0 OK for: onetime@5.1.2 want: ^2.1.0
4130 silly placeDep ROOT default-browser@5.5.1 OK for: open@11.0.4 want: ^5.5.1
4131 silly placeDep ROOT define-lazy-prop@3.0.0 OK for: open@11.0.4 want: ^3.0.0
4132 silly placeDep ROOT is-in-ssh@1.0.0 OK for: open@11.0.4 want: ^1.0.0
4133 silly placeDep ROOT powershell-utils@0.2.1 OK for: open@11.0.4 want: ^0.2.1
4134 silly placeDep ROOT wsl-utils@1.0.1 OK for: open@11.0.4 want: ^1.0.0
4135 silly fetch manifest bundle-name@^4.1.0
4136 silly packumentCache full:https://registry.npmjs.org/bundle-name cache-miss
4137 silly fetch manifest default-browser-id@^5.0.0
4138 silly packumentCache full:https://registry.npmjs.org/default-browser-id cache-miss
4139 http fetch GET 200 https://registry.npmjs.org/default-browser-id 166ms (cache miss)
4140 silly packumentCache full:https://registry.npmjs.org/default-browser-id set size:undefined disposed:false
4141 http fetch GET 200 https://registry.npmjs.org/bundle-name 185ms (cache miss)
4142 silly packumentCache full:https://registry.npmjs.org/bundle-name set size:undefined disposed:false
4143 silly placeDep ROOT bundle-name@4.1.1 OK for: default-browser@5.5.1 want: ^4.1.0
4144 silly placeDep ROOT default-browser-id@5.0.1 OK for: default-browser@5.5.1 want: ^5.0.0
4145 silly fetch manifest run-applescript@^7.0.0
4146 silly packumentCache full:https://registry.npmjs.org/run-applescript cache-miss
4147 http fetch GET 200 https://registry.npmjs.org/run-applescript 86ms (cache miss)
4148 silly packumentCache full:https://registry.npmjs.org/run-applescript set size:undefined disposed:false
4149 silly placeDep ROOT run-applescript@7.1.0 OK for: bundle-name@4.1.1 want: ^7.0.0
4150 silly placeDep ROOT bl@4.1.0 OK for: ora@5.4.1 want: ^4.1.0
4151 silly placeDep node_modules/ora chalk@4.1.2 OK for: ora@5.4.1 want: ^4.1.0
4152 silly placeDep ROOT cli-spinners@2.9.2 OK for: ora@5.4.1 want: ^2.5.0
4153 silly placeDep ROOT is-interactive@1.0.0 OK for: ora@5.4.1 want: ^1.0.0
4154 silly placeDep node_modules/ora is-unicode-supported@0.1.0 OK for: ora@5.4.1 want: ^0.1.0
4155 silly placeDep ROOT log-symbols@4.1.0 OK for: ora@5.4.1 want: ^4.1.0
4156 silly placeDep ROOT wcwidth@1.0.1 OK for: ora@5.4.1 want: ^1.0.1
4157 silly fetch manifest buffer@^5.5.0
4158 silly packumentCache full:https://registry.npmjs.org/buffer cache-miss
4159 silly fetch manifest defaults@^1.0.3
4160 silly packumentCache full:https://registry.npmjs.org/defaults cache-miss
4161 http cache https://registry.npmjs.org/buffer 210ms (cache hit)
4162 silly packumentCache full:https://registry.npmjs.org/buffer set size:280480 disposed:false
4163 http fetch GET 200 https://registry.npmjs.org/defaults 266ms (cache miss)
4164 silly packumentCache full:https://registry.npmjs.org/defaults set size:undefined disposed:false
4165 silly placeDep ROOT buffer@5.7.1 OK for: bl@4.1.0 want: ^5.5.0
4166 silly placeDep node_modules/bl readable-stream@3.6.2 OK for: bl@4.1.0 want: ^3.4.0
4167 silly fetch manifest base64-js@^1.3.1
4168 silly packumentCache full:https://registry.npmjs.org/base64-js cache-miss
4169 silly fetch manifest ieee754@^1.1.13
4170 silly packumentCache full:https://registry.npmjs.org/ieee754 cache-miss
4171 silly fetch manifest string_decoder@^1.1.1
4172 silly packumentCache full:https://registry.npmjs.org/string_decoder cache-hit
4173 silly fetch manifest util-deprecate@^1.0.1
4174 silly packumentCache full:https://registry.npmjs.org/util-deprecate cache-miss
4175 http cache https://registry.npmjs.org/util-deprecate 41ms (cache hit)
4176 silly packumentCache full:https://registry.npmjs.org/util-deprecate set size:6674 disposed:false
4177 http fetch GET 200 https://registry.npmjs.org/base64-js 84ms (cache miss)
4178 silly packumentCache full:https://registry.npmjs.org/base64-js set size:undefined disposed:false
4179 http fetch GET 200 https://registry.npmjs.org/ieee754 107ms (cache miss)
4180 silly packumentCache full:https://registry.npmjs.org/ieee754 set size:undefined disposed:false
4181 silly placeDep ROOT base64-js@1.5.1 OK for: buffer@5.7.1 want: ^1.3.1
4182 silly placeDep ROOT ieee754@1.2.1 OK for: buffer@5.7.1 want: ^1.1.13
4183 silly placeDep node_modules/log-symbols chalk@4.1.2 OK for: log-symbols@4.1.0 want: ^4.1.0
4184 silly placeDep node_modules/log-symbols is-unicode-supported@0.1.0 OK for: log-symbols@4.1.0 want: ^0.1.0
4185 silly placeDep ROOT macos-release@3.5.1 OK for: os-name@6.1.0 want: ^3.3.0
4186 silly placeDep ROOT windows-release@6.1.0 OK for: os-name@6.1.0 want: ^6.1.0
4187 silly fetch manifest execa@^8.0.1
4188 silly packumentCache full:https://registry.npmjs.org/execa cache-hit
4189 silly placeDep ROOT p-timeout@6.1.4 OK for: p-event@6.0.1 want: ^6.1.2
4190 silly placeDep ROOT p-limit@4.0.0 OK for: p-locate@6.0.0 want: ^4.0.0
4191 silly fetch manifest yocto-queue@^1.0.0
4192 silly packumentCache full:https://registry.npmjs.org/yocto-queue cache-miss
4193 http fetch GET 200 https://registry.npmjs.org/yocto-queue 45ms (cache miss)
4194 silly packumentCache full:https://registry.npmjs.org/yocto-queue set size:undefined disposed:false
4195 silly placeDep ROOT yocto-queue@1.2.2 OK for: p-limit@4.0.0 want: ^1.0.0
4196 silly placeDep ROOT @types/retry@0.12.2 OK for: p-retry@6.2.1 want: 0.12.2
4197 silly placeDep ROOT is-network-error@1.3.2 OK for: p-retry@6.2.1 want: ^1.0.0
4198 silly placeDep ROOT retry@0.13.1 OK for: p-retry@6.2.1 want: ^0.13.1
4199 silly placeDep ROOT find-up-simple@1.0.1 OK for: package-directory@8.2.0 want: ^1.0.0
4200 silly placeDep ROOT cyclist@1.0.2 OK for: parallel-transform@1.2.0 want: ^1.0.1
4201 silly placeDep node_modules/parallel-transform readable-stream@2.3.8 OK for: parallel-transform@1.2.0 want: ^2.1.5
4202 silly placeDep ROOT slashes@3.0.12 OK for: parse-imports@2.2.1 want: ^3.0.12
4203 silly placeDep node_modules/path-scurry lru-cache@11.5.3 OK for: path-scurry@2.0.2 want: ^11.0.0
4204 silly fetch manifest pg@>=8.0
4205 silly packumentCache full:https://registry.npmjs.org/pg cache-miss
4206 http cache https://registry.npmjs.org/pg 27ms (cache hit)
4207 silly packumentCache full:https://registry.npmjs.org/pg set size:484837 disposed:false
4208 silly placeDep ROOT pg-cloudflare@1.4.1 OK for: pg@8.23.1 want: ^1.4.1
4209 silly placeDep ROOT pg-connection-string@2.14.1 OK for: pg@8.23.1 want: ^2.14.1
4210 silly placeDep ROOT pg-pool@3.14.0 OK for: pg@8.23.1 want: ^3.14.0
4211 silly placeDep ROOT pg-protocol@1.16.1 OK for: pg@8.23.1 want: ^1.16.1
4212 silly placeDep ROOT pg-types@2.2.0 OK for: pg@8.23.1 want: 2.2.0
4213 silly placeDep ROOT pgpass@1.0.5 OK for: pg@8.23.1 want: 1.0.5
4214 silly fetch manifest pg-int8@1.0.1
4215 silly packumentCache full:https://registry.npmjs.org/pg-int8 cache-miss
4216 silly fetch manifest postgres-date@~1.0.4
4217 silly packumentCache full:https://registry.npmjs.org/postgres-date cache-miss
4218 silly fetch manifest postgres-array@~2.0.0
4219 silly packumentCache full:https://registry.npmjs.org/postgres-array cache-miss
4220 http fetch GET 200 https://registry.npmjs.org/postgres-array 65ms (cache miss)
4221 silly packumentCache full:https://registry.npmjs.org/postgres-array set size:undefined disposed:false
4222 silly fetch manifest postgres-bytea@~1.0.0
4223 silly packumentCache full:https://registry.npmjs.org/postgres-bytea cache-miss
4224 http fetch GET 200 https://registry.npmjs.org/pg-int8 78ms (cache miss)
4225 silly packumentCache full:https://registry.npmjs.org/pg-int8 set size:undefined disposed:false
4226 silly fetch manifest postgres-interval@^1.1.0
4227 silly packumentCache full:https://registry.npmjs.org/postgres-interval cache-miss
4228 http fetch GET 200 https://registry.npmjs.org/postgres-date 87ms (cache miss)
4229 silly packumentCache full:https://registry.npmjs.org/postgres-date set size:undefined disposed:false
4230 silly fetch manifest split2@^4.1.0
4231 silly packumentCache full:https://registry.npmjs.org/split2 cache-miss
4232 http cache https://registry.npmjs.org/split2 15ms (cache hit)
4233 silly packumentCache full:https://registry.npmjs.org/split2 set size:47438 disposed:false
4234 http fetch GET 200 https://registry.npmjs.org/postgres-bytea 150ms (cache miss)
4235 silly packumentCache full:https://registry.npmjs.org/postgres-bytea set size:undefined disposed:false
4236 http fetch GET 200 https://registry.npmjs.org/postgres-interval 155ms (cache miss)
4237 silly packumentCache full:https://registry.npmjs.org/postgres-interval set size:undefined disposed:false
4238 silly placeDep ROOT pg-int8@1.0.1 OK for: pg-types@2.2.0 want: 1.0.1
4239 silly placeDep ROOT postgres-array@2.0.0 OK for: pg-types@2.2.0 want: ~2.0.0
4240 silly placeDep ROOT postgres-bytea@1.0.1 OK for: pg-types@2.2.0 want: ~1.0.0
4241 silly placeDep ROOT postgres-date@1.0.7 OK for: pg-types@2.2.0 want: ~1.0.4
4242 silly placeDep ROOT postgres-interval@1.2.0 OK for: pg-types@2.2.0 want: ^1.1.0
4243 silly fetch manifest xtend@^4.0.0
4244 silly packumentCache full:https://registry.npmjs.org/xtend cache-miss
4245 http cache https://registry.npmjs.org/xtend 51ms (cache hit)
4246 silly packumentCache full:https://registry.npmjs.org/xtend set size:28314 disposed:false
4247 silly placeDep node_modules/pgpass split2@4.2.0 OK for: pgpass@1.0.5 want: ^4.1.0
4248 silly placeDep ROOT @pinojs/redact@0.4.0 OK for: pino@10.3.1 want: ^0.4.0
4249 silly placeDep ROOT atomic-sleep@1.0.0 OK for: pino@10.3.1 want: ^1.0.0
4250 silly placeDep ROOT on-exit-leak-free@2.1.2 OK for: pino@10.3.1 want: ^2.1.0
4251 silly placeDep ROOT pino-abstract-transport@3.0.0 OK for: pino@10.3.1 want: ^3.0.0
4252 silly placeDep ROOT pino-std-serializers@7.1.0 OK for: pino@10.3.1 want: ^7.0.0
4253 silly placeDep ROOT quick-format-unescaped@4.0.4 OK for: pino@10.3.1 want: ^4.0.3
4254 silly placeDep ROOT real-require@0.2.0 OK for: pino@10.3.1 want: ^0.2.0
4255 silly placeDep ROOT safe-stable-stringify@2.5.0 OK for: pino@10.3.1 want: ^2.3.1
4256 silly placeDep ROOT sonic-boom@4.2.1 OK for: pino@10.3.1 want: ^4.0.1
4257 silly placeDep ROOT thread-stream@4.2.0 OK for: pino@10.3.1 want: ^4.0.0
4258 silly fetch manifest split2@^4.0.0
4259 silly packumentCache full:https://registry.npmjs.org/split2 cache-hit
4260 silly fetch manifest real-require@^1.0.0
4261 silly packumentCache full:https://registry.npmjs.org/real-require cache-miss
4262 http cache https://registry.npmjs.org/real-require 70ms (cache hit)
4263 silly packumentCache full:https://registry.npmjs.org/real-require set size:10846 disposed:false
4264 silly placeDep node_modules/pino-abstract-transport split2@4.2.0 OK for: pino-abstract-transport@3.0.0 want: ^4.0.0
4265 silly placeDep ROOT xtend@4.0.2 OK for: postgres-interval@1.2.0 want: ^4.0.0
4266 silly fetch manifest typescript@^5.9.3
4267 silly packumentCache full:https://registry.npmjs.org/typescript cache-miss
4268 http cache https://registry.npmjs.org/typescript 147ms (cache hit)
4269 silly packumentCache full:https://registry.npmjs.org/typescript set size:15735824 disposed:false
4270 silly placeDep ROOT @dependents/detective-less@5.0.3 OK for: precinct@12.3.2 want: ^5.0.3
4271 silly placeDep ROOT detective-amd@6.1.0 OK for: precinct@12.3.2 want: ^6.1.0
4272 silly placeDep ROOT detective-cjs@6.1.1 OK for: precinct@12.3.2 want: ^6.1.1
4273 silly placeDep ROOT detective-es6@5.0.2 OK for: precinct@12.3.2 want: ^5.0.2
4274 silly placeDep ROOT detective-postcss@8.0.4 OK for: precinct@12.3.2 want: ^8.0.3
4275 silly placeDep ROOT postcss@8.5.28 OK for: detective-postcss@8.0.4 want: ^8.4.47
4276 silly placeDep ROOT detective-sass@6.0.2 OK for: precinct@12.3.2 want: ^6.0.2
4277 silly placeDep ROOT detective-scss@5.0.2 OK for: precinct@12.3.2 want: ^5.0.2
4278 silly placeDep ROOT detective-stylus@5.0.1 OK for: precinct@12.3.2 want: ^5.0.1
4279 silly placeDep ROOT detective-typescript@14.1.2 OK for: precinct@12.3.2 want: ^14.1.2
4280 silly placeDep ROOT detective-vue2@2.3.0 OK for: precinct@12.3.2 want: ^2.3.0
4281 silly placeDep ROOT module-definition@6.0.2 OK for: precinct@12.3.2 want: ^6.0.2
4282 silly placeDep ROOT node-source-walk@7.0.2 OK for: precinct@12.3.2 want: ^7.0.2
4283 silly fetch manifest gonzales-pe@^4.3.0
4284 silly packumentCache full:https://registry.npmjs.org/gonzales-pe cache-miss
4285 silly fetch manifest node-source-walk@^7.0.1
4286 silly packumentCache full:https://registry.npmjs.org/node-source-walk cache-miss
4287 silly fetch manifest escodegen@^2.1.0
4288 silly packumentCache full:https://registry.npmjs.org/escodegen cache-miss
4289 http cache https://registry.npmjs.org/node-source-walk 31ms (cache hit)
4290 silly packumentCache full:https://registry.npmjs.org/node-source-walk set size:76839 disposed:false
4291 silly fetch manifest ast-module-types@^6.0.1
4292 silly packumentCache full:https://registry.npmjs.org/ast-module-types cache-miss
4293 http fetch GET 200 https://registry.npmjs.org/escodegen 67ms (cache miss)
4294 silly packumentCache full:https://registry.npmjs.org/escodegen set size:undefined disposed:false
4295 silly fetch manifest get-amd-module-type@^6.0.2
4296 silly packumentCache full:https://registry.npmjs.org/get-amd-module-type cache-miss
4297 http fetch GET 200 https://registry.npmjs.org/gonzales-pe 89ms (cache miss)
4298 silly packumentCache full:https://registry.npmjs.org/gonzales-pe set size:undefined disposed:false
4299 silly fetch manifest ast-module-types@^6.0.1
4300 silly packumentCache full:https://registry.npmjs.org/ast-module-types cache-miss
4301 http fetch GET 200 https://registry.npmjs.org/ast-module-types 85ms (cache miss)
4302 silly packumentCache full:https://registry.npmjs.org/ast-module-types set size:undefined disposed:false
4303 silly fetch manifest is-url-superb@^4.0.0
4304 silly packumentCache full:https://registry.npmjs.org/is-url-superb cache-miss
4305 http fetch GET 200 https://registry.npmjs.org/get-amd-module-type 74ms (cache miss)
4306 silly packumentCache full:https://registry.npmjs.org/get-amd-module-type set size:undefined disposed:false
4307 silly fetch manifest postcss-values-parser@^6.0.2
4308 silly packumentCache full:https://registry.npmjs.org/postcss-values-parser cache-miss
4309 http fetch GET 200 https://registry.npmjs.org/ast-module-types 76ms (cache miss)
4310 silly packumentCache full:https://registry.npmjs.org/ast-module-types set size:undefined disposed:false
4311 silly fetch manifest nanoid@^3.3.18
4312 silly packumentCache full:https://registry.npmjs.org/nanoid cache-miss
4313 http fetch GET 200 https://registry.npmjs.org/is-url-superb 68ms (cache miss)
4314 silly packumentCache full:https://registry.npmjs.org/is-url-superb set size:undefined disposed:false
4315 silly fetch manifest source-map-js@^1.2.1
4316 silly packumentCache full:https://registry.npmjs.org/source-map-js cache-miss
4317 http fetch GET 200 https://registry.npmjs.org/postcss-values-parser 86ms (cache miss)
4318 silly packumentCache full:https://registry.npmjs.org/postcss-values-parser set size:undefined disposed:false
4319 silly fetch manifest @typescript-eslint/typescript-estree@^8.58.2
4320 silly packumentCache full:https://registry.npmjs.org/@typescript-eslint%2ftypescript-estree cache-miss
4321 http fetch GET 200 https://registry.npmjs.org/source-map-js 80ms (cache miss)
4322 silly packumentCache full:https://registry.npmjs.org/source-map-js set size:undefined disposed:false
4323 silly fetch manifest @vue/compiler-sfc@^3.5.32
4324 silly packumentCache full:https://registry.npmjs.org/@vue%2fcompiler-sfc cache-miss
4325 http fetch GET 200 https://registry.npmjs.org/nanoid 132ms (cache miss)
4326 silly packumentCache full:https://registry.npmjs.org/nanoid set size:undefined disposed:false
4327 http fetch GET 200 https://registry.npmjs.org/@vue%2fcompiler-sfc 518ms (cache miss)
4328 silly packumentCache full:https://registry.npmjs.org/@vue%2fcompiler-sfc set size:undefined disposed:false
4329 http fetch GET 200 https://registry.npmjs.org/@typescript-eslint%2ftypescript-estree 1509ms (cache miss)
4330 silly packumentCache full:https://registry.npmjs.org/@typescript-eslint%2ftypescript-estree set size:undefined disposed:false
4331 silly placeDep ROOT gonzales-pe@4.3.0 OK for: @dependents/detective-less@5.0.3 want: ^4.3.0
4332 silly placeDep ROOT ast-module-types@6.0.2 OK for: detective-amd@6.1.0 want: ^6.0.1
4333 silly placeDep ROOT escodegen@2.1.0 OK for: detective-amd@6.1.0 want: ^2.1.0
4334 silly placeDep ROOT get-amd-module-type@6.0.2 OK for: detective-amd@6.1.0 want: ^6.0.2
4335 silly fetch manifest estraverse@^5.2.0
4336 silly packumentCache full:https://registry.npmjs.org/estraverse cache-miss
4337 silly fetch manifest esutils@^2.0.2
4338 silly packumentCache full:https://registry.npmjs.org/esutils cache-miss
4339 silly fetch manifest source-map@~0.6.1
4340 silly packumentCache full:https://registry.npmjs.org/source-map cache-miss
4341 http cache https://registry.npmjs.org/source-map 23ms (cache hit)
4342 silly packumentCache full:https://registry.npmjs.org/source-map set size:231637 disposed:false
4343 http fetch GET 200 https://registry.npmjs.org/esutils 53ms (cache miss)
4344 silly packumentCache full:https://registry.npmjs.org/esutils set size:undefined disposed:false
4345 http fetch GET 200 https://registry.npmjs.org/estraverse 58ms (cache miss)
4346 silly packumentCache full:https://registry.npmjs.org/estraverse set size:undefined disposed:false
4347 silly fetch manifest postcss@^8.4.47
4348 silly packumentCache full:https://registry.npmjs.org/postcss cache-miss
4349 http cache https://registry.npmjs.org/postcss 23ms (cache hit)
4350 silly packumentCache full:https://registry.npmjs.org/postcss set size:766699 disposed:false
4351 silly placeDep ROOT is-url-superb@4.0.0 OK for: detective-postcss@8.0.4 want: ^4.0.0
4352 silly placeDep ROOT postcss-values-parser@6.0.2 OK for: detective-postcss@8.0.4 want: ^6.0.2
4353 silly fetch manifest color-name@^1.1.4
4354 silly packumentCache full:https://registry.npmjs.org/color-name cache-miss
4355 silly fetch manifest quote-unquote@^1.0.0
4356 silly packumentCache full:https://registry.npmjs.org/quote-unquote cache-miss
4357 http fetch GET 200 https://registry.npmjs.org/quote-unquote 49ms (cache miss)
4358 silly packumentCache full:https://registry.npmjs.org/quote-unquote set size:undefined disposed:false
4359 http fetch GET 200 https://registry.npmjs.org/color-name 66ms (cache miss)
4360 silly packumentCache full:https://registry.npmjs.org/color-name set size:undefined disposed:false
4361 silly fetch manifest typescript@^5.4.4 || ^6.0.2
4362 silly packumentCache full:https://registry.npmjs.org/typescript cache-miss
4363 http cache https://registry.npmjs.org/typescript 203ms (cache hit)
4364 silly packumentCache full:https://registry.npmjs.org/typescript set size:15735824 disposed:false
4365 silly placeDep ROOT @typescript-eslint/typescript-estree@8.71.0 OK for: detective-typescript@14.1.2 want: ^8.58.2
4366 silly fetch manifest tinyglobby@^0.2.15
4367 silly packumentCache full:https://registry.npmjs.org/tinyglobby cache-miss
4368 silly fetch manifest ts-api-utils@^2.5.0
4369 silly packumentCache full:https://registry.npmjs.org/ts-api-utils cache-miss
4370 silly fetch manifest @typescript-eslint/types@8.71.0
4371 silly packumentCache full:https://registry.npmjs.org/@typescript-eslint%2ftypes cache-miss
4372 http fetch GET 200 https://registry.npmjs.org/tinyglobby 63ms (cache miss)
4373 silly packumentCache full:https://registry.npmjs.org/tinyglobby set size:undefined disposed:false
4374 silly fetch manifest @typescript-eslint/visitor-keys@8.71.0
4375 silly packumentCache full:https://registry.npmjs.org/@typescript-eslint%2fvisitor-keys cache-miss
4376 http fetch GET 200 https://registry.npmjs.org/ts-api-utils 79ms (cache miss)
4377 silly packumentCache full:https://registry.npmjs.org/ts-api-utils set size:undefined disposed:false
4378 silly fetch manifest @typescript-eslint/tsconfig-utils@8.71.0
4379 silly packumentCache full:https://registry.npmjs.org/@typescript-eslint%2ftsconfig-utils cache-miss
4380 http fetch GET 200 https://registry.npmjs.org/@typescript-eslint%2ftsconfig-utils 669ms (cache miss)
4381 silly packumentCache full:https://registry.npmjs.org/@typescript-eslint%2ftsconfig-utils set size:undefined disposed:false
4382 silly fetch manifest @typescript-eslint/project-service@8.71.0
4383 silly packumentCache full:https://registry.npmjs.org/@typescript-eslint%2fproject-service cache-miss
4384 http fetch GET 200 https://registry.npmjs.org/@typescript-eslint%2fproject-service 360ms (cache miss)
4385 silly packumentCache full:https://registry.npmjs.org/@typescript-eslint%2fproject-service set size:undefined disposed:false
4386 http fetch GET 200 https://registry.npmjs.org/@typescript-eslint%2ftypes 1657ms (cache miss)
4387 silly packumentCache full:https://registry.npmjs.org/@typescript-eslint%2ftypes set size:undefined disposed:false
4388 http fetch GET 200 https://registry.npmjs.org/@typescript-eslint%2fvisitor-keys 2092ms (cache miss)
4389 silly packumentCache full:https://registry.npmjs.org/@typescript-eslint%2fvisitor-keys set size:undefined disposed:false
4390 silly fetch manifest typescript@>=4.8.4 <6.1.0
4391 silly packumentCache full:https://registry.npmjs.org/typescript cache-miss
4392 http cache https://registry.npmjs.org/typescript 404ms (cache hit)
4393 silly packumentCache full:https://registry.npmjs.org/typescript set size:15735824 disposed:false
4394 silly placeDep ROOT @typescript-eslint/project-service@8.71.0 OK for: @typescript-eslint/typescript-estree@8.71.0 want: 8.71.0
4395 silly placeDep ROOT @typescript-eslint/tsconfig-utils@8.71.0 OK for: @typescript-eslint/typescript-estree@8.71.0 want: 8.71.0
4396 silly placeDep ROOT @typescript-eslint/types@8.71.0 OK for: @typescript-eslint/typescript-estree@8.71.0 want: 8.71.0
4397 silly placeDep ROOT @typescript-eslint/visitor-keys@8.71.0 OK for: @typescript-eslint/typescript-estree@8.71.0 want: 8.71.0
4398 silly placeDep ROOT tinyglobby@0.2.17 OK for: @typescript-eslint/typescript-estree@8.71.0 want: ^0.2.15
4399 silly placeDep ROOT ts-api-utils@2.5.0 OK for: @typescript-eslint/typescript-estree@8.71.0 want: ^2.5.0
4400 silly fetch manifest @typescript-eslint/types@^8.71.0
4401 silly packumentCache full:https://registry.npmjs.org/@typescript-eslint%2ftypes cache-miss
4402 silly fetch manifest @typescript-eslint/tsconfig-utils@^8.71.0
4403 silly packumentCache full:https://registry.npmjs.org/@typescript-eslint%2ftsconfig-utils cache-miss
4404 silly fetch manifest eslint-visitor-keys@^5.0.0
4405 silly packumentCache full:https://registry.npmjs.org/eslint-visitor-keys cache-miss
4406 http cache https://registry.npmjs.org/@typescript-eslint%2ftsconfig-utils 154ms (cache hit)
4407 silly packumentCache full:https://registry.npmjs.org/@typescript-eslint%2ftsconfig-utils set size:1959786 disposed:false
4408 http cache https://registry.npmjs.org/@typescript-eslint%2ftypes 655ms (cache hit)
4409 silly packumentCache full:https://registry.npmjs.org/@typescript-eslint%2ftypes set size:13021124 disposed:false
4410 http fetch GET 200 https://registry.npmjs.org/eslint-visitor-keys 973ms (cache miss)
4411 silly packumentCache full:https://registry.npmjs.org/eslint-visitor-keys set size:undefined disposed:false
4412 silly placeDep ROOT eslint-visitor-keys@5.0.1 OK for: @typescript-eslint/visitor-keys@8.71.0 want: ^5.0.0
4413 silly placeDep ROOT @vue/compiler-sfc@3.5.43 OK for: detective-vue2@2.3.0 want: ^3.5.32
4414 silly fetch manifest @vue/shared@3.5.43
4415 silly packumentCache full:https://registry.npmjs.org/@vue%2fshared cache-miss
4416 silly fetch manifest magic-string@^0.30.21
4417 silly packumentCache full:https://registry.npmjs.org/magic-string cache-miss
4418 silly fetch manifest @vue/compiler-dom@3.5.43
4419 silly packumentCache full:https://registry.npmjs.org/@vue%2fcompiler-dom cache-miss
4420 http fetch GET 200 https://registry.npmjs.org/magic-string 148ms (cache miss)
4421 silly packumentCache full:https://registry.npmjs.org/magic-string set size:undefined disposed:false
4422 silly fetch manifest @vue/compiler-ssr@3.5.43
4423 silly packumentCache full:https://registry.npmjs.org/@vue%2fcompiler-ssr cache-miss
4424 http fetch GET 200 https://registry.npmjs.org/@vue%2fcompiler-dom 351ms (cache miss)
4425 silly packumentCache full:https://registry.npmjs.org/@vue%2fcompiler-dom set size:undefined disposed:false
4426 silly fetch manifest @vue/compiler-core@3.5.43
4427 silly packumentCache full:https://registry.npmjs.org/@vue%2fcompiler-core cache-miss
4428 http fetch GET 200 https://registry.npmjs.org/@vue%2fshared 417ms (cache miss)
4429 silly packumentCache full:https://registry.npmjs.org/@vue%2fshared set size:undefined disposed:false
4430 http fetch GET 200 https://registry.npmjs.org/@vue%2fcompiler-ssr 240ms (cache miss)
4431 silly packumentCache full:https://registry.npmjs.org/@vue%2fcompiler-ssr set size:undefined disposed:false
4432 http fetch GET 200 https://registry.npmjs.org/@vue%2fcompiler-core 316ms (cache miss)
4433 silly packumentCache full:https://registry.npmjs.org/@vue%2fcompiler-core set size:undefined disposed:false
4434 silly placeDep ROOT @vue/compiler-core@3.5.43 OK for: @vue/compiler-sfc@3.5.43 want: 3.5.43
4435 silly placeDep ROOT @vue/compiler-dom@3.5.43 OK for: @vue/compiler-sfc@3.5.43 want: 3.5.43
4436 silly placeDep ROOT @vue/compiler-ssr@3.5.43 OK for: @vue/compiler-sfc@3.5.43 want: 3.5.43
4437 silly placeDep ROOT @vue/shared@3.5.43 OK for: @vue/compiler-sfc@3.5.43 want: 3.5.43
4438 silly placeDep ROOT magic-string@0.30.21 OK for: @vue/compiler-sfc@3.5.43 want: ^0.30.21
4439 silly placeDep ROOT source-map-js@1.2.2 OK for: @vue/compiler-sfc@3.5.43 want: ^1.2.1
4440 silly fetch manifest entities@^7.0.1
4441 silly packumentCache full:https://registry.npmjs.org/entities cache-miss
4442 silly fetch manifest @jridgewell/sourcemap-codec@^1.5.5
4443 silly packumentCache full:https://registry.npmjs.org/@jridgewell%2fsourcemap-codec cache-miss
4444 http cache https://registry.npmjs.org/entities 30ms (cache hit)
4445 silly packumentCache full:https://registry.npmjs.org/entities set size:104868 disposed:false
4446 http fetch GET 200 https://registry.npmjs.org/@jridgewell%2fsourcemap-codec 75ms (cache miss)
4447 silly packumentCache full:https://registry.npmjs.org/@jridgewell%2fsourcemap-codec set size:undefined disposed:false
4448 silly placeDep node_modules/@vue/compiler-core entities@7.0.1 OK for: @vue/compiler-core@3.5.43 want: ^7.0.1
4449 silly placeDep ROOT estraverse@5.3.0 OK for: escodegen@2.1.0 want: ^5.2.0
4450 silly placeDep ROOT esutils@2.0.3 OK for: escodegen@2.1.0 want: ^2.0.2
4451 silly placeDep ROOT source-map@0.6.1 OK for: escodegen@2.1.0 want: ~0.6.1
4452 silly placeDep ROOT @jridgewell/sourcemap-codec@1.6.0 OK for: magic-string@0.30.21 want: ^1.5.5
4453 silly placeDep ROOT nanoid@3.3.19 OK for: postcss@8.5.28 want: ^3.3.18
4454 silly placeDep ROOT color-name@1.1.4 OK for: postcss-values-parser@6.0.2 want: ^1.1.4
4455 silly placeDep ROOT quote-unquote@1.0.0 OK for: postcss-values-parser@6.0.2 want: ^1.0.0
4456 silly placeDep ROOT parse-ms@4.0.0 OK for: pretty-ms@9.3.1 want: ^4.0.0
4457 silly placeDep ROOT colors@1.4.0 OK for: prettyjson@1.2.5 want: 1.4.0
4458 silly placeDep ROOT forwarded@0.2.0 OK for: proxy-addr@2.0.8 want: 0.2.0
4459 silly placeDep node_modules/proxy-addr ipaddr.js@1.9.1 OK for: proxy-addr@2.0.8 want: 1.9.1
4460 silly placeDep ROOT end-of-stream@1.4.5 OK for: pump@3.0.4 want: ^1.1.0
4461 silly placeDep ROOT es-define-property@1.0.1 OK for: qs@6.16.0 want: ^1.0.1
4462 silly placeDep ROOT side-channel@1.1.1 OK for: qs@6.16.0 want: ^1.1.1
4463 silly fetch manifest object-inspect@^1.13.4
4464 silly packumentCache full:https://registry.npmjs.org/object-inspect cache-miss
4465 silly fetch manifest side-channel-list@^1.0.1
4466 silly packumentCache full:https://registry.npmjs.org/side-channel-list cache-miss
4467 silly fetch manifest side-channel-map@^1.0.1
4468 silly packumentCache full:https://registry.npmjs.org/side-channel-map cache-miss
4469 http fetch GET 200 https://registry.npmjs.org/side-channel-map 57ms (cache miss)
4470 silly packumentCache full:https://registry.npmjs.org/side-channel-map set size:undefined disposed:false
4471 silly fetch manifest side-channel-weakmap@^1.0.2
4472 silly packumentCache full:https://registry.npmjs.org/side-channel-weakmap cache-miss
4473 http fetch GET 200 https://registry.npmjs.org/side-channel-list 67ms (cache miss)
4474 silly packumentCache full:https://registry.npmjs.org/side-channel-list set size:undefined disposed:false
4475 http fetch GET 200 https://registry.npmjs.org/object-inspect 80ms (cache miss)
4476 silly packumentCache full:https://registry.npmjs.org/object-inspect set size:undefined disposed:false
4477 http fetch GET 200 https://registry.npmjs.org/side-channel-weakmap 50ms (cache miss)
4478 silly packumentCache full:https://registry.npmjs.org/side-channel-weakmap set size:undefined disposed:false
4479 silly placeDep node_modules/read-package-up read-pkg@10.1.0 OK for: read-package-up@12.0.0 want: ^10.0.0
4480 silly placeDep node_modules/read-package-up type-fest@5.10.0 OK for: read-package-up@12.0.0 want: ^5.2.0
4481 silly fetch manifest @types/normalize-package-data@^2.4.4
4482 silly packumentCache full:https://registry.npmjs.org/@types%2fnormalize-package-data cache-miss
4483 silly fetch manifest normalize-package-data@^8.0.0
4484 silly packumentCache full:https://registry.npmjs.org/normalize-package-data cache-hit
4485 silly fetch manifest parse-json@^8.3.0
4486 silly packumentCache full:https://registry.npmjs.org/parse-json cache-miss
4487 silly fetch manifest type-fest@^5.4.4
4488 silly packumentCache full:https://registry.npmjs.org/type-fest cache-hit
4489 silly fetch manifest unicorn-magic@^0.4.0
4490 silly packumentCache full:https://registry.npmjs.org/unicorn-magic cache-hit
4491 http cache https://registry.npmjs.org/@types%2fnormalize-package-data 26ms (cache hit)
4492 silly packumentCache full:https://registry.npmjs.org/@types%2fnormalize-package-data set size:9930 disposed:false
4493 http cache https://registry.npmjs.org/parse-json 29ms (cache hit)
4494 silly packumentCache full:https://registry.npmjs.org/parse-json set size:48198 disposed:false
4495 silly placeDep ROOT @types/normalize-package-data@2.4.4 OK for: read-pkg@9.0.1 want: ^2.4.3
4496 silly placeDep node_modules/read-pkg normalize-package-data@6.0.2 OK for: read-pkg@9.0.1 want: ^6.0.0
4497 silly placeDep ROOT parse-json@8.3.0 OK for: read-pkg@9.0.1 want: ^8.0.0
4498 silly placeDep node_modules/read-pkg unicorn-magic@0.1.0 OK for: read-pkg@9.0.1 want: ^0.1.0
4499 silly fetch manifest hosted-git-info@^7.0.0
4500 silly packumentCache full:https://registry.npmjs.org/hosted-git-info cache-miss
4501 silly fetch manifest index-to-position@^1.1.0
4502 silly packumentCache full:https://registry.npmjs.org/index-to-position cache-miss
4503 http cache https://registry.npmjs.org/hosted-git-info 21ms (cache hit)
4504 silly packumentCache full:https://registry.npmjs.org/hosted-git-info set size:190199 disposed:false
4505 http fetch GET 200 https://registry.npmjs.org/index-to-position 49ms (cache miss)
4506 silly packumentCache full:https://registry.npmjs.org/index-to-position set size:undefined disposed:false
4507 silly placeDep ROOT index-to-position@1.2.0 OK for: parse-json@8.3.0 want: ^1.1.0
4508 silly placeDep ROOT abort-controller@3.0.0 OK for: readable-stream@4.7.0 want: ^3.0.0
4509 silly placeDep node_modules/readable-stream buffer@6.0.3 OK for: readable-stream@4.7.0 want: ^6.0.3
4510 silly placeDep ROOT events@3.3.0 OK for: readable-stream@4.7.0 want: ^3.3.0
4511 silly placeDep ROOT process@0.11.10 OK for: readable-stream@4.7.0 want: ^0.11.10
4512 silly placeDep ROOT string_decoder@1.3.0 OK for: readable-stream@4.7.0 want: ^1.3.0
4513 silly fetch manifest event-target-shim@^5.0.0
4514 silly packumentCache full:https://registry.npmjs.org/event-target-shim cache-miss
4515 http fetch GET 200 https://registry.npmjs.org/event-target-shim 59ms (cache miss)
4516 silly packumentCache full:https://registry.npmjs.org/event-target-shim set size:undefined disposed:false
4517 silly placeDep ROOT event-target-shim@5.0.1 OK for: abort-controller@3.0.0 want: ^5.0.0
4518 silly placeDep ROOT es-errors@1.3.0 OK for: resolve@2.0.0-next.7 want: ^1.3.0
4519 silly placeDep ROOT is-core-module@2.17.0 OK for: resolve@2.0.0-next.7 want: ^2.16.2
4520 silly placeDep ROOT node-exports-info@1.6.2 OK for: resolve@2.0.0-next.7 want: ^1.6.0
4521 silly placeDep ROOT object-keys@1.1.1 OK for: resolve@2.0.0-next.7 want: ^1.1.1
4522 silly placeDep ROOT path-parse@1.0.7 OK for: resolve@2.0.0-next.7 want: ^1.0.7
4523 silly placeDep ROOT supports-preserve-symlinks-flag@1.0.0 OK for: resolve@2.0.0-next.7 want: ^1.0.0
4524 silly fetch manifest hasown@^2.0.4
4525 silly packumentCache full:https://registry.npmjs.org/hasown cache-miss
4526 silly fetch manifest semver@^6.3.1
4527 silly packumentCache full:https://registry.npmjs.org/semver cache-hit
4528 silly fetch manifest object.entries@^1.1.9
4529 silly packumentCache full:https://registry.npmjs.org/object.entries cache-miss
4530 silly fetch manifest array.prototype.flatmap@^1.3.3
4531 silly packumentCache full:https://registry.npmjs.org/array.prototype.flatmap cache-miss
4532 http fetch GET 200 https://registry.npmjs.org/hasown 92ms (cache miss)
4533 silly packumentCache full:https://registry.npmjs.org/hasown set size:undefined disposed:false
4534 http fetch GET 200 https://registry.npmjs.org/object.entries 107ms (cache miss)
4535 silly packumentCache full:https://registry.npmjs.org/object.entries set size:undefined disposed:false
4536 http fetch GET 200 https://registry.npmjs.org/array.prototype.flatmap 130ms (cache miss)
4537 silly packumentCache full:https://registry.npmjs.org/array.prototype.flatmap set size:undefined disposed:false
4538 silly placeDep ROOT hasown@2.0.4 OK for: is-core-module@2.17.0 want: ^2.0.4
4539 silly fetch manifest function-bind@^1.1.2
4540 silly packumentCache full:https://registry.npmjs.org/function-bind cache-miss
4541 http fetch GET 200 https://registry.npmjs.org/function-bind 46ms (cache miss)
4542 silly packumentCache full:https://registry.npmjs.org/function-bind set size:undefined disposed:false
4543 silly placeDep ROOT function-bind@1.1.2 OK for: hasown@2.0.4 want: ^1.1.2
4544 silly placeDep ROOT array.prototype.flatmap@1.3.3 OK for: node-exports-info@1.6.2 want: ^1.3.3
4545 silly placeDep ROOT object.entries@1.1.9 OK for: node-exports-info@1.6.2 want: ^1.1.9
4546 silly placeDep node_modules/node-exports-info semver@6.3.1 OK for: node-exports-info@1.6.2 want: ^6.3.1
4547 silly fetch manifest call-bind@^1.0.8
4548 silly packumentCache full:https://registry.npmjs.org/call-bind cache-miss
4549 silly fetch manifest define-properties@^1.2.1
4550 silly packumentCache full:https://registry.npmjs.org/define-properties cache-miss
4551 silly fetch manifest es-abstract@^1.23.5
4552 silly packumentCache full:https://registry.npmjs.org/es-abstract cache-miss
4553 http fetch GET 200 https://registry.npmjs.org/call-bind 64ms (cache miss)
4554 silly packumentCache full:https://registry.npmjs.org/call-bind set size:undefined disposed:false
4555 silly fetch manifest es-shim-unscopables@^1.0.2
4556 silly packumentCache full:https://registry.npmjs.org/es-shim-unscopables cache-miss
4557 http fetch GET 200 https://registry.npmjs.org/define-properties 86ms (cache miss)
4558 silly packumentCache full:https://registry.npmjs.org/define-properties set size:undefined disposed:false
4559 silly fetch manifest call-bound@^1.0.4
4560 silly packumentCache full:https://registry.npmjs.org/call-bound cache-miss
4561 http fetch GET 200 https://registry.npmjs.org/es-abstract 108ms (cache miss)
4562 silly packumentCache full:https://registry.npmjs.org/es-abstract set size:undefined disposed:false
4563 silly fetch manifest es-object-atoms@^1.1.1
4564 silly packumentCache full:https://registry.npmjs.org/es-object-atoms cache-miss
4565 http fetch GET 200 https://registry.npmjs.org/es-shim-unscopables 138ms (cache miss)
4566 silly packumentCache full:https://registry.npmjs.org/es-shim-unscopables set size:undefined disposed:false
4567 http fetch GET 200 https://registry.npmjs.org/call-bound 165ms (cache miss)
4568 silly packumentCache full:https://registry.npmjs.org/call-bound set size:undefined disposed:false
4569 http fetch GET 200 https://registry.npmjs.org/es-object-atoms 144ms (cache miss)
4570 silly packumentCache full:https://registry.npmjs.org/es-object-atoms set size:undefined disposed:false
4571 silly placeDep ROOT call-bind@1.0.9 OK for: array.prototype.flatmap@1.3.3 want: ^1.0.8
4572 silly placeDep ROOT define-properties@1.2.1 OK for: array.prototype.flatmap@1.3.3 want: ^1.2.1
4573 silly placeDep ROOT es-abstract@1.24.2 OK for: array.prototype.flatmap@1.3.3 want: ^1.23.5
4574 silly placeDep ROOT es-shim-unscopables@1.1.0 OK for: array.prototype.flatmap@1.3.3 want: ^1.0.2
4575 silly fetch manifest call-bind-apply-helpers@^1.0.2
4576 silly packumentCache full:https://registry.npmjs.org/call-bind-apply-helpers cache-miss
4577 silly fetch manifest get-intrinsic@^1.3.0
4578 silly packumentCache full:https://registry.npmjs.org/get-intrinsic cache-miss
4579 silly fetch manifest set-function-length@^1.2.2
4580 silly packumentCache full:https://registry.npmjs.org/set-function-length cache-miss
4581 http fetch GET 200 https://registry.npmjs.org/call-bind-apply-helpers 82ms (cache miss)
4582 silly packumentCache full:https://registry.npmjs.org/call-bind-apply-helpers set size:undefined disposed:false
4583 silly fetch manifest define-data-property@^1.0.1
4584 silly packumentCache full:https://registry.npmjs.org/define-data-property cache-miss
4585 http fetch GET 200 https://registry.npmjs.org/get-intrinsic 98ms (cache miss)
4586 silly packumentCache full:https://registry.npmjs.org/get-intrinsic set size:undefined disposed:false
4587 silly fetch manifest has-property-descriptors@^1.0.0
4588 silly packumentCache full:https://registry.npmjs.org/has-property-descriptors cache-miss
4589 http fetch GET 200 https://registry.npmjs.org/set-function-length 115ms (cache miss)
4590 silly packumentCache full:https://registry.npmjs.org/set-function-length set size:undefined disposed:false
4591 silly fetch manifest array-buffer-byte-length@^1.0.2
4592 silly packumentCache full:https://registry.npmjs.org/array-buffer-byte-length cache-miss
4593 http fetch GET 200 https://registry.npmjs.org/define-data-property 67ms (cache miss)
4594 silly packumentCache full:https://registry.npmjs.org/define-data-property set size:undefined disposed:false
4595 silly fetch manifest arraybuffer.prototype.slice@^1.0.4
4596 silly packumentCache full:https://registry.npmjs.org/arraybuffer.prototype.slice cache-miss
4597 http fetch GET 200 https://registry.npmjs.org/has-property-descriptors 71ms (cache miss)
4598 silly packumentCache full:https://registry.npmjs.org/has-property-descriptors set size:undefined disposed:false
4599 silly fetch manifest available-typed-arrays@^1.0.7
4600 silly packumentCache full:https://registry.npmjs.org/available-typed-arrays cache-miss
4601 http fetch GET 200 https://registry.npmjs.org/array-buffer-byte-length 96ms (cache miss)
4602 silly packumentCache full:https://registry.npmjs.org/array-buffer-byte-length set size:undefined disposed:false
4603 silly fetch manifest data-view-buffer@^1.0.2
4604 silly packumentCache full:https://registry.npmjs.org/data-view-buffer cache-miss
4605 http fetch GET 200 https://registry.npmjs.org/arraybuffer.prototype.slice 71ms (cache miss)
4606 silly packumentCache full:https://registry.npmjs.org/arraybuffer.prototype.slice set size:undefined disposed:false
4607 silly fetch manifest data-view-byte-length@^1.0.2
4608 silly packumentCache full:https://registry.npmjs.org/data-view-byte-length cache-miss
4609 http fetch GET 200 https://registry.npmjs.org/available-typed-arrays 65ms (cache miss)
4610 silly packumentCache full:https://registry.npmjs.org/available-typed-arrays set size:undefined disposed:false
4611 silly fetch manifest data-view-byte-offset@^1.0.1
4612 silly packumentCache full:https://registry.npmjs.org/data-view-byte-offset cache-miss
4613 http fetch GET 200 https://registry.npmjs.org/data-view-buffer 62ms (cache miss)
4614 silly packumentCache full:https://registry.npmjs.org/data-view-buffer set size:undefined disposed:false
4615 silly fetch manifest es-set-tostringtag@^2.1.0
4616 silly packumentCache full:https://registry.npmjs.org/es-set-tostringtag cache-miss
4617 http fetch GET 200 https://registry.npmjs.org/data-view-byte-length 62ms (cache miss)
4618 silly packumentCache full:https://registry.npmjs.org/data-view-byte-length set size:undefined disposed:false
4619 silly fetch manifest es-to-primitive@^1.3.0
4620 silly packumentCache full:https://registry.npmjs.org/es-to-primitive cache-miss
4621 http fetch GET 200 https://registry.npmjs.org/data-view-byte-offset 55ms (cache miss)
4622 silly packumentCache full:https://registry.npmjs.org/data-view-byte-offset set size:undefined disposed:false
4623 silly fetch manifest function.prototype.name@^1.1.8
4624 silly packumentCache full:https://registry.npmjs.org/function.prototype.name cache-miss
4625 http fetch GET 200 https://registry.npmjs.org/es-set-tostringtag 56ms (cache miss)
4626 silly packumentCache full:https://registry.npmjs.org/es-set-tostringtag set size:undefined disposed:false
4627 silly fetch manifest get-proto@^1.0.1
4628 silly packumentCache full:https://registry.npmjs.org/get-proto cache-miss
4629 http fetch GET 200 https://registry.npmjs.org/es-to-primitive 58ms (cache miss)
4630 silly packumentCache full:https://registry.npmjs.org/es-to-primitive set size:undefined disposed:false
4631 silly fetch manifest get-symbol-description@^1.1.0
4632 silly packumentCache full:https://registry.npmjs.org/get-symbol-description cache-miss
4633 http fetch GET 200 https://registry.npmjs.org/function.prototype.name 70ms (cache miss)
4634 silly packumentCache full:https://registry.npmjs.org/function.prototype.name set size:undefined disposed:false
4635 silly fetch manifest globalthis@^1.0.4
4636 silly packumentCache full:https://registry.npmjs.org/globalthis cache-miss
4637 http fetch GET 200 https://registry.npmjs.org/get-symbol-description 59ms (cache miss)
4638 silly packumentCache full:https://registry.npmjs.org/get-symbol-description set size:undefined disposed:false
4639 silly fetch manifest gopd@^1.2.0
4640 silly packumentCache full:https://registry.npmjs.org/gopd cache-miss
4641 http fetch GET 200 https://registry.npmjs.org/get-proto 79ms (cache miss)
4642 silly packumentCache full:https://registry.npmjs.org/get-proto set size:undefined disposed:false
4643 silly fetch manifest has-property-descriptors@^1.0.2
4644 silly packumentCache full:https://registry.npmjs.org/has-property-descriptors cache-miss
4645 http cache https://registry.npmjs.org/has-property-descriptors 17ms (cache hit)
4646 silly packumentCache full:https://registry.npmjs.org/has-property-descriptors set size:12452 disposed:false
4647 silly fetch manifest has-proto@^1.2.0
4648 silly packumentCache full:https://registry.npmjs.org/has-proto cache-miss
4649 http fetch GET 200 https://registry.npmjs.org/globalthis 85ms (cache miss)
4650 silly packumentCache full:https://registry.npmjs.org/globalthis set size:undefined disposed:false
4651 silly fetch manifest has-symbols@^1.1.0
4652 silly packumentCache full:https://registry.npmjs.org/has-symbols cache-miss
4653 http fetch GET 200 https://registry.npmjs.org/gopd 62ms (cache miss)
4654 silly packumentCache full:https://registry.npmjs.org/gopd set size:undefined disposed:false
4655 silly fetch manifest internal-slot@^1.1.0
4656 silly packumentCache full:https://registry.npmjs.org/internal-slot cache-miss
4657 http fetch GET 200 https://registry.npmjs.org/has-proto 66ms (cache miss)
4658 silly packumentCache full:https://registry.npmjs.org/has-proto set size:undefined disposed:false
4659 silly fetch manifest is-array-buffer@^3.0.5
4660 silly packumentCache full:https://registry.npmjs.org/is-array-buffer cache-miss
4661 http fetch GET 200 https://registry.npmjs.org/has-symbols 115ms (cache miss)
4662 silly packumentCache full:https://registry.npmjs.org/has-symbols set size:undefined disposed:false
4663 silly fetch manifest is-callable@^1.2.7
4664 silly packumentCache full:https://registry.npmjs.org/is-callable cache-miss
4665 http fetch GET 200 https://registry.npmjs.org/internal-slot 118ms (cache miss)
4666 silly packumentCache full:https://registry.npmjs.org/internal-slot set size:undefined disposed:false
4667 silly fetch manifest is-data-view@^1.0.2
4668 silly packumentCache full:https://registry.npmjs.org/is-data-view cache-miss
4669 http fetch GET 200 https://registry.npmjs.org/is-array-buffer 114ms (cache miss)
4670 silly packumentCache full:https://registry.npmjs.org/is-array-buffer set size:undefined disposed:false
4671 silly fetch manifest is-negative-zero@^2.0.3
4672 silly packumentCache full:https://registry.npmjs.org/is-negative-zero cache-miss
4673 http fetch GET 200 https://registry.npmjs.org/is-data-view 60ms (cache miss)
4674 silly packumentCache full:https://registry.npmjs.org/is-data-view set size:undefined disposed:false
4675 silly fetch manifest is-regex@^1.2.1
4676 silly packumentCache full:https://registry.npmjs.org/is-regex cache-miss
4677 http fetch GET 200 https://registry.npmjs.org/is-callable 90ms (cache miss)
4678 silly packumentCache full:https://registry.npmjs.org/is-callable set size:undefined disposed:false
4679 silly fetch manifest is-set@^2.0.3
4680 silly packumentCache full:https://registry.npmjs.org/is-set cache-miss
4681 http fetch GET 200 https://registry.npmjs.org/is-negative-zero 66ms (cache miss)
4682 silly packumentCache full:https://registry.npmjs.org/is-negative-zero set size:undefined disposed:false
4683 silly fetch manifest is-shared-array-buffer@^1.0.4
4684 silly packumentCache full:https://registry.npmjs.org/is-shared-array-buffer cache-miss
4685 http fetch GET 200 https://registry.npmjs.org/is-regex 65ms (cache miss)
4686 silly packumentCache full:https://registry.npmjs.org/is-regex set size:undefined disposed:false
4687 silly fetch manifest is-string@^1.1.1
4688 silly packumentCache full:https://registry.npmjs.org/is-string cache-miss
4689 http fetch GET 200 https://registry.npmjs.org/is-set 71ms (cache miss)
4690 silly packumentCache full:https://registry.npmjs.org/is-set set size:undefined disposed:false
4691 silly fetch manifest is-typed-array@^1.1.15
4692 silly packumentCache full:https://registry.npmjs.org/is-typed-array cache-miss
4693 http fetch GET 200 https://registry.npmjs.org/is-shared-array-buffer 72ms (cache miss)
4694 silly packumentCache full:https://registry.npmjs.org/is-shared-array-buffer set size:undefined disposed:false
4695 silly fetch manifest is-weakref@^1.1.1
4696 silly packumentCache full:https://registry.npmjs.org/is-weakref cache-miss
4697 http fetch GET 200 https://registry.npmjs.org/is-string 59ms (cache miss)
4698 silly packumentCache full:https://registry.npmjs.org/is-string set size:undefined disposed:false
4699 silly fetch manifest math-intrinsics@^1.1.0
4700 silly packumentCache full:https://registry.npmjs.org/math-intrinsics cache-miss
4701 http fetch GET 200 https://registry.npmjs.org/is-weakref 68ms (cache miss)
4702 silly packumentCache full:https://registry.npmjs.org/is-weakref set size:undefined disposed:false
4703 silly fetch manifest object.assign@^4.1.7
4704 silly packumentCache full:https://registry.npmjs.org/object.assign cache-miss
4705 http fetch GET 200 https://registry.npmjs.org/is-typed-array 88ms (cache miss)
4706 silly packumentCache full:https://registry.npmjs.org/is-typed-array set size:undefined disposed:false
4707 silly fetch manifest own-keys@^1.0.1
4708 silly packumentCache full:https://registry.npmjs.org/own-keys cache-miss
4709 http fetch GET 200 https://registry.npmjs.org/math-intrinsics 73ms (cache miss)
4710 silly packumentCache full:https://registry.npmjs.org/math-intrinsics set size:undefined disposed:false
4711 silly fetch manifest regexp.prototype.flags@^1.5.4
4712 silly packumentCache full:https://registry.npmjs.org/regexp.prototype.flags cache-miss
4713 http fetch GET 200 https://registry.npmjs.org/object.assign 86ms (cache miss)
4714 silly packumentCache full:https://registry.npmjs.org/object.assign set size:undefined disposed:false
4715 silly fetch manifest safe-array-concat@^1.1.3
4716 silly packumentCache full:https://registry.npmjs.org/safe-array-concat cache-miss
4717 http fetch GET 200 https://registry.npmjs.org/own-keys 87ms (cache miss)
4718 silly packumentCache full:https://registry.npmjs.org/own-keys set size:undefined disposed:false
4719 silly fetch manifest safe-push-apply@^1.0.0
4720 silly packumentCache full:https://registry.npmjs.org/safe-push-apply cache-miss
4721 http fetch GET 200 https://registry.npmjs.org/regexp.prototype.flags 87ms (cache miss)
4722 silly packumentCache full:https://registry.npmjs.org/regexp.prototype.flags set size:undefined disposed:false
4723 silly fetch manifest safe-regex-test@^1.1.0
4724 silly packumentCache full:https://registry.npmjs.org/safe-regex-test cache-miss
4725 http fetch GET 200 https://registry.npmjs.org/safe-array-concat 54ms (cache miss)
4726 silly packumentCache full:https://registry.npmjs.org/safe-array-concat set size:undefined disposed:false
4727 silly fetch manifest set-proto@^1.0.0
4728 silly packumentCache full:https://registry.npmjs.org/set-proto cache-miss
4729 http fetch GET 200 https://registry.npmjs.org/safe-push-apply 203ms (cache miss)
4730 silly packumentCache full:https://registry.npmjs.org/safe-push-apply set size:undefined disposed:false
4731 silly fetch manifest stop-iteration-iterator@^1.1.0
4732 silly packumentCache full:https://registry.npmjs.org/stop-iteration-iterator cache-miss
4733 http fetch GET 200 https://registry.npmjs.org/safe-regex-test 229ms (cache miss)
4734 silly packumentCache full:https://registry.npmjs.org/safe-regex-test set size:undefined disposed:false
4735 silly fetch manifest string.prototype.trim@^1.2.10
4736 silly packumentCache full:https://registry.npmjs.org/string.prototype.trim cache-miss
4737 http fetch GET 200 https://registry.npmjs.org/set-proto 236ms (cache miss)
4738 silly packumentCache full:https://registry.npmjs.org/set-proto set size:undefined disposed:false
4739 silly fetch manifest string.prototype.trimend@^1.0.9
4740 silly packumentCache full:https://registry.npmjs.org/string.prototype.trimend cache-miss
4741 http fetch GET 200 https://registry.npmjs.org/string.prototype.trim 144ms (cache miss)
4742 silly packumentCache full:https://registry.npmjs.org/string.prototype.trim set size:undefined disposed:false
4743 silly fetch manifest string.prototype.trimstart@^1.0.8
4744 silly packumentCache full:https://registry.npmjs.org/string.prototype.trimstart cache-miss
4745 http fetch GET 200 https://registry.npmjs.org/string.prototype.trimend 150ms (cache miss)
4746 silly packumentCache full:https://registry.npmjs.org/string.prototype.trimend set size:undefined disposed:false
4747 silly fetch manifest typed-array-buffer@^1.0.3
4748 silly packumentCache full:https://registry.npmjs.org/typed-array-buffer cache-miss
4749 http fetch GET 200 https://registry.npmjs.org/stop-iteration-iterator 272ms (cache miss)
4750 silly packumentCache full:https://registry.npmjs.org/stop-iteration-iterator set size:undefined disposed:false
4751 silly fetch manifest typed-array-byte-length@^1.0.3
4752 silly packumentCache full:https://registry.npmjs.org/typed-array-byte-length cache-miss
4753 http fetch GET 200 https://registry.npmjs.org/string.prototype.trimstart 82ms (cache miss)
4754 silly packumentCache full:https://registry.npmjs.org/string.prototype.trimstart set size:undefined disposed:false
4755 silly fetch manifest typed-array-byte-offset@^1.0.4
4756 silly packumentCache full:https://registry.npmjs.org/typed-array-byte-offset cache-miss
4757 http fetch GET 200 https://registry.npmjs.org/typed-array-buffer 83ms (cache miss)
4758 silly packumentCache full:https://registry.npmjs.org/typed-array-buffer set size:undefined disposed:false
4759 silly fetch manifest typed-array-length@^1.0.7
4760 silly packumentCache full:https://registry.npmjs.org/typed-array-length cache-miss
4761 http fetch GET 200 https://registry.npmjs.org/typed-array-byte-offset 84ms (cache miss)
4762 silly packumentCache full:https://registry.npmjs.org/typed-array-byte-offset set size:undefined disposed:false
4763 silly fetch manifest unbox-primitive@^1.1.0
4764 silly packumentCache full:https://registry.npmjs.org/unbox-primitive cache-miss
4765 http fetch GET 200 https://registry.npmjs.org/typed-array-byte-length 107ms (cache miss)
4766 silly packumentCache full:https://registry.npmjs.org/typed-array-byte-length set size:undefined disposed:false
4767 silly fetch manifest which-typed-array@^1.1.19
4768 silly packumentCache full:https://registry.npmjs.org/which-typed-array cache-miss
4769 http fetch GET 200 https://registry.npmjs.org/typed-array-length 106ms (cache miss)
4770 silly packumentCache full:https://registry.npmjs.org/typed-array-length set size:undefined disposed:false
4771 http fetch GET 200 https://registry.npmjs.org/unbox-primitive 75ms (cache miss)
4772 silly packumentCache full:https://registry.npmjs.org/unbox-primitive set size:undefined disposed:false
4773 http fetch GET 200 https://registry.npmjs.org/which-typed-array 75ms (cache miss)
4774 silly packumentCache full:https://registry.npmjs.org/which-typed-array set size:undefined disposed:false
4775 silly placeDep ROOT call-bind-apply-helpers@1.0.2 OK for: call-bind@1.0.9 want: ^1.0.2
4776 silly placeDep ROOT get-intrinsic@1.3.0 OK for: call-bind@1.0.9 want: ^1.3.0
4777 silly placeDep ROOT set-function-length@1.2.2 OK for: call-bind@1.0.9 want: ^1.2.2
4778 silly fetch manifest define-data-property@^1.1.4
4779 silly packumentCache full:https://registry.npmjs.org/define-data-property cache-miss
4780 silly fetch manifest gopd@^1.0.1
4781 silly packumentCache full:https://registry.npmjs.org/gopd cache-miss
4782 http cache https://registry.npmjs.org/define-data-property 32ms (cache hit)
4783 silly packumentCache full:https://registry.npmjs.org/define-data-property set size:28048 disposed:false
4784 http cache https://registry.npmjs.org/gopd 37ms (cache hit)
4785 silly packumentCache full:https://registry.npmjs.org/gopd set size:11483 disposed:false
4786 silly placeDep ROOT define-data-property@1.1.4 OK for: define-properties@1.2.1 want: ^1.0.1
4787 silly placeDep ROOT has-property-descriptors@1.0.2 OK for: define-properties@1.2.1 want: ^1.0.0
4788 silly placeDep ROOT gopd@1.2.0 OK for: define-data-property@1.1.4 want: ^1.0.1
4789 silly placeDep ROOT array-buffer-byte-length@1.0.2 OK for: es-abstract@1.24.2 want: ^1.0.2
4790 silly placeDep ROOT arraybuffer.prototype.slice@1.0.4 OK for: es-abstract@1.24.2 want: ^1.0.4
4791 silly placeDep ROOT available-typed-arrays@1.0.7 OK for: es-abstract@1.24.2 want: ^1.0.7
4792 silly placeDep ROOT call-bound@1.0.4 OK for: es-abstract@1.24.2 want: ^1.0.4
4793 silly placeDep ROOT data-view-buffer@1.0.2 OK for: es-abstract@1.24.2 want: ^1.0.2
4794 silly placeDep ROOT data-view-byte-length@1.0.2 OK for: es-abstract@1.24.2 want: ^1.0.2
4795 silly placeDep ROOT data-view-byte-offset@1.0.1 OK for: es-abstract@1.24.2 want: ^1.0.1
4796 silly placeDep ROOT es-object-atoms@1.1.2 OK for: es-abstract@1.24.2 want: ^1.1.1
4797 silly placeDep ROOT es-set-tostringtag@2.1.0 OK for: es-abstract@1.24.2 want: ^2.1.0
4798 silly placeDep ROOT es-to-primitive@1.3.4 OK for: es-abstract@1.24.2 want: ^1.3.0
4799 silly placeDep ROOT function.prototype.name@1.2.0 OK for: es-abstract@1.24.2 want: ^1.1.8
4800 silly placeDep ROOT get-proto@1.0.1 OK for: es-abstract@1.24.2 want: ^1.0.1
4801 silly placeDep ROOT get-symbol-description@1.1.0 OK for: es-abstract@1.24.2 want: ^1.1.0
4802 silly placeDep ROOT globalthis@1.0.4 OK for: es-abstract@1.24.2 want: ^1.0.4
4803 silly placeDep ROOT has-proto@1.2.0 OK for: es-abstract@1.24.2 want: ^1.2.0
4804 silly placeDep ROOT has-symbols@1.1.0 OK for: es-abstract@1.24.2 want: ^1.1.0
4805 silly placeDep ROOT internal-slot@1.1.0 OK for: es-abstract@1.24.2 want: ^1.1.0
4806 silly placeDep ROOT is-array-buffer@3.0.5 OK for: es-abstract@1.24.2 want: ^3.0.5
4807 silly placeDep ROOT is-callable@1.2.7 OK for: es-abstract@1.24.2 want: ^1.2.7
4808 silly placeDep ROOT is-data-view@1.0.2 OK for: es-abstract@1.24.2 want: ^1.0.2
4809 silly placeDep ROOT is-negative-zero@2.0.3 OK for: es-abstract@1.24.2 want: ^2.0.3
4810 silly placeDep ROOT is-regex@1.2.1 OK for: es-abstract@1.24.2 want: ^1.2.1
4811 silly placeDep ROOT is-set@2.0.3 OK for: es-abstract@1.24.2 want: ^2.0.3
4812 silly placeDep ROOT is-shared-array-buffer@1.0.4 OK for: es-abstract@1.24.2 want: ^1.0.4
4813 silly placeDep ROOT is-string@1.1.1 OK for: es-abstract@1.24.2 want: ^1.1.1
4814 silly placeDep ROOT is-typed-array@1.1.15 OK for: es-abstract@1.24.2 want: ^1.1.15
4815 silly placeDep ROOT is-weakref@1.1.1 OK for: es-abstract@1.24.2 want: ^1.1.1
4816 silly placeDep ROOT math-intrinsics@1.1.0 OK for: es-abstract@1.24.2 want: ^1.1.0
4817 silly placeDep ROOT object-inspect@1.13.4 OK for: es-abstract@1.24.2 want: ^1.13.4
4818 silly placeDep ROOT object.assign@4.1.7 OK for: es-abstract@1.24.2 want: ^4.1.7
4819 silly placeDep ROOT own-keys@1.0.2 OK for: es-abstract@1.24.2 want: ^1.0.1
4820 silly placeDep ROOT regexp.prototype.flags@1.5.4 OK for: es-abstract@1.24.2 want: ^1.5.4
4821 silly placeDep ROOT safe-array-concat@1.1.4 OK for: es-abstract@1.24.2 want: ^1.1.3
4822 silly placeDep ROOT safe-push-apply@1.0.0 OK for: es-abstract@1.24.2 want: ^1.0.0
4823 silly placeDep ROOT safe-regex-test@1.1.0 OK for: es-abstract@1.24.2 want: ^1.1.0
4824 silly placeDep ROOT set-proto@1.0.0 OK for: es-abstract@1.24.2 want: ^1.0.0
4825 silly placeDep ROOT stop-iteration-iterator@1.1.0 OK for: es-abstract@1.24.2 want: ^1.1.0
4826 silly placeDep ROOT string.prototype.trim@1.2.11 OK for: es-abstract@1.24.2 want: ^1.2.10
4827 silly placeDep ROOT string.prototype.trimend@1.0.10 OK for: es-abstract@1.24.2 want: ^1.0.9
4828 silly placeDep ROOT string.prototype.trimstart@1.0.8 OK for: es-abstract@1.24.2 want: ^1.0.8
4829 silly placeDep ROOT typed-array-buffer@1.0.3 OK for: es-abstract@1.24.2 want: ^1.0.3
4830 silly placeDep ROOT typed-array-byte-length@1.0.3 OK for: es-abstract@1.24.2 want: ^1.0.3
4831 silly placeDep ROOT typed-array-byte-offset@1.0.5 OK for: es-abstract@1.24.2 want: ^1.0.4
4832 silly placeDep ROOT typed-array-length@1.0.8 OK for: es-abstract@1.24.2 want: ^1.0.7
4833 silly placeDep ROOT unbox-primitive@1.1.0 OK for: es-abstract@1.24.2 want: ^1.1.0
4834 silly placeDep ROOT which-typed-array@1.1.24 OK for: es-abstract@1.24.2 want: ^1.1.19
4835 silly fetch manifest call-bound@^1.0.3
4836 silly packumentCache full:https://registry.npmjs.org/call-bound cache-miss
4837 silly fetch manifest is-array-buffer@^3.0.4
4838 silly packumentCache full:https://registry.npmjs.org/is-array-buffer cache-miss
4839 silly fetch manifest possible-typed-array-names@^1.0.0
4840 silly packumentCache full:https://registry.npmjs.org/possible-typed-array-names cache-miss
4841 http cache https://registry.npmjs.org/call-bound 26ms (cache hit)
4842 silly packumentCache full:https://registry.npmjs.org/call-bound set size:15317 disposed:false
4843 silly fetch manifest is-data-view@^1.0.1
4844 silly packumentCache full:https://registry.npmjs.org/is-data-view cache-miss
4845 http cache https://registry.npmjs.org/is-array-buffer 34ms (cache hit)
4846 silly packumentCache full:https://registry.npmjs.org/is-array-buffer set size:33562 disposed:false
4847 silly fetch manifest has-tostringtag@^1.0.2
4848 silly packumentCache full:https://registry.npmjs.org/has-tostringtag cache-miss
4849 http fetch GET 200 https://registry.npmjs.org/possible-typed-array-names 60ms (cache miss)
4850 silly packumentCache full:https://registry.npmjs.org/possible-typed-array-names set size:undefined disposed:false
4851 silly fetch manifest is-symbol@^1.1.1
4852 silly packumentCache full:https://registry.npmjs.org/is-symbol cache-miss
4853 http cache https://registry.npmjs.org/is-data-view 44ms (cache hit)
4854 silly packumentCache full:https://registry.npmjs.org/is-data-view set size:13756 disposed:false
4855 silly fetch manifest is-date-object@^1.1.0
4856 silly packumentCache full:https://registry.npmjs.org/is-date-object cache-miss
4857 http fetch GET 200 https://registry.npmjs.org/has-tostringtag 61ms (cache miss)
4858 silly packumentCache full:https://registry.npmjs.org/has-tostringtag set size:undefined disposed:false
4859 silly fetch manifest es-abstract-get@^1.0.0
4860 silly packumentCache full:https://registry.npmjs.org/es-abstract-get cache-miss
4861 http fetch GET 200 https://registry.npmjs.org/is-symbol 61ms (cache miss)
4862 silly packumentCache full:https://registry.npmjs.org/is-symbol set size:undefined disposed:false
4863 silly fetch manifest is-document.all@^1.0.0
4864 silly packumentCache full:https://registry.npmjs.org/is-document.all cache-miss
4865 http fetch GET 200 https://registry.npmjs.org/is-date-object 59ms (cache miss)
4866 silly packumentCache full:https://registry.npmjs.org/is-date-object set size:undefined disposed:false
4867 silly fetch manifest functions-have-names@^1.2.3
4868 silly packumentCache full:https://registry.npmjs.org/functions-have-names cache-miss
4869 http fetch GET 200 https://registry.npmjs.org/es-abstract-get 64ms (cache miss)
4870 silly packumentCache full:https://registry.npmjs.org/es-abstract-get set size:undefined disposed:false
4871 silly fetch manifest dunder-proto@^1.0.1
4872 silly packumentCache full:https://registry.npmjs.org/dunder-proto cache-miss
4873 http fetch GET 200 https://registry.npmjs.org/is-document.all 57ms (cache miss)
4874 silly packumentCache full:https://registry.npmjs.org/is-document.all set size:undefined disposed:false
4875 silly fetch manifest dunder-proto@^1.0.0
4876 silly packumentCache full:https://registry.npmjs.org/dunder-proto cache-miss
4877 http fetch GET 200 https://registry.npmjs.org/functions-have-names 77ms (cache miss)
4878 silly packumentCache full:https://registry.npmjs.org/functions-have-names set size:undefined disposed:false
4879 silly fetch manifest is-typed-array@^1.1.13
4880 silly packumentCache full:https://registry.npmjs.org/is-typed-array cache-miss
4881 http fetch GET 200 https://registry.npmjs.org/dunder-proto 63ms (cache miss)
4882 silly packumentCache full:https://registry.npmjs.org/dunder-proto set size:undefined disposed:false
4883 silly fetch manifest which-typed-array@^1.1.16
4884 silly packumentCache full:https://registry.npmjs.org/which-typed-array cache-miss
4885 http cache https://registry.npmjs.org/is-typed-array 34ms (cache hit)
4886 silly packumentCache full:https://registry.npmjs.org/is-typed-array set size:79965 disposed:false
4887 silly fetch manifest set-function-name@^2.0.2
4888 silly packumentCache full:https://registry.npmjs.org/set-function-name cache-miss
4889 http cache https://registry.npmjs.org/which-typed-array 37ms (cache hit)
4890 silly packumentCache full:https://registry.npmjs.org/which-typed-array set size:109574 disposed:false
4891 silly fetch manifest isarray@^2.0.5
4892 silly packumentCache full:https://registry.npmjs.org/isarray cache-miss
4893 http fetch GET 200 https://registry.npmjs.org/dunder-proto 82ms (cache miss)
4894 silly packumentCache full:https://registry.npmjs.org/dunder-proto set size:undefined disposed:false
4895 silly fetch manifest isarray@^2.0.5
4896 silly packumentCache full:https://registry.npmjs.org/isarray cache-miss
4897 http cache https://registry.npmjs.org/isarray 25ms (cache hit)
4898 silly packumentCache full:https://registry.npmjs.org/isarray set size:17392 disposed:false
4899 silly fetch manifest for-each@^0.3.3
4900 silly packumentCache full:https://registry.npmjs.org/for-each cache-miss
4901 http cache https://registry.npmjs.org/isarray 45ms (cache hit)
4902 silly packumentCache full:https://registry.npmjs.org/isarray set size:17392 disposed:false
4903 silly packumentCache full:https://registry.npmjs.org/isarray dispose
4904 silly fetch manifest for-each@^0.3.5
4905 silly packumentCache full:https://registry.npmjs.org/for-each cache-miss
4906 http fetch GET 200 https://registry.npmjs.org/set-function-name 72ms (cache miss)
4907 silly packumentCache full:https://registry.npmjs.org/set-function-name set size:undefined disposed:false
4908 silly fetch manifest reflect.getprototypeof@^1.0.10
4909 silly packumentCache full:https://registry.npmjs.org/reflect.getprototypeof cache-miss
4910 http fetch GET 200 https://registry.npmjs.org/for-each 55ms (cache miss)
4911 silly packumentCache full:https://registry.npmjs.org/for-each set size:undefined disposed:false
4912 silly fetch manifest for-each@^0.3.5
4913 silly packumentCache full:https://registry.npmjs.org/for-each cache-miss
4914 http cache https://registry.npmjs.org/for-each 31ms (cache hit)
4915 silly packumentCache full:https://registry.npmjs.org/for-each set size:14327 disposed:false
4916 silly fetch manifest possible-typed-array-names@^1.1.0
4917 silly packumentCache full:https://registry.npmjs.org/possible-typed-array-names cache-miss
4918 http fetch GET 200 https://registry.npmjs.org/for-each 83ms (cache miss)
4919 silly packumentCache full:https://registry.npmjs.org/for-each set size:undefined disposed:false
4920 silly packumentCache full:https://registry.npmjs.org/for-each dispose
4921 silly fetch manifest reflect.getprototypeof@^1.0.10
4922 silly packumentCache full:https://registry.npmjs.org/reflect.getprototypeof cache-miss
4923 http fetch GET 200 https://registry.npmjs.org/reflect.getprototypeof 92ms (cache miss)
4924 silly packumentCache full:https://registry.npmjs.org/reflect.getprototypeof set size:undefined disposed:false
4925 silly fetch manifest has-bigints@^1.0.2
4926 silly packumentCache full:https://registry.npmjs.org/has-bigints cache-miss
4927 http cache https://registry.npmjs.org/possible-typed-array-names 55ms (cache hit)
4928 silly packumentCache full:https://registry.npmjs.org/possible-typed-array-names set size:9167 disposed:false
4929 silly fetch manifest which-boxed-primitive@^1.1.1
4930 silly packumentCache full:https://registry.npmjs.org/which-boxed-primitive cache-miss
4931 http fetch GET 200 https://registry.npmjs.org/reflect.getprototypeof 62ms (cache miss)
4932 silly packumentCache full:https://registry.npmjs.org/reflect.getprototypeof set size:undefined disposed:false
4933 http fetch GET 200 https://registry.npmjs.org/has-bigints 61ms (cache miss)
4934 silly packumentCache full:https://registry.npmjs.org/has-bigints set size:undefined disposed:false
4935 http fetch GET 200 https://registry.npmjs.org/which-boxed-primitive 49ms (cache miss)
4936 silly packumentCache full:https://registry.npmjs.org/which-boxed-primitive set size:undefined disposed:false
4937 silly placeDep ROOT possible-typed-array-names@1.1.0 OK for: available-typed-arrays@1.0.7 want: ^1.0.0
4938 silly placeDep ROOT has-tostringtag@1.0.2 OK for: es-set-tostringtag@2.1.0 want: ^1.0.2
4939 silly placeDep ROOT es-abstract-get@1.0.0 OK for: es-to-primitive@1.3.4 want: ^1.0.0
4940 silly placeDep ROOT is-date-object@1.1.0 OK for: es-to-primitive@1.3.4 want: ^1.1.0
4941 silly placeDep ROOT is-symbol@1.1.1 OK for: es-to-primitive@1.3.4 want: ^1.1.1
4942 silly placeDep ROOT functions-have-names@1.2.3 OK for: function.prototype.name@1.2.0 want: ^1.2.3
4943 silly placeDep ROOT is-document.all@1.0.0 OK for: function.prototype.name@1.2.0 want: ^1.0.0
4944 silly placeDep ROOT dunder-proto@1.0.1 OK for: get-proto@1.0.1 want: ^1.0.1
4945 silly placeDep ROOT set-function-name@2.0.2 OK for: regexp.prototype.flags@1.5.4 want: ^2.0.2
4946 silly placeDep ROOT is-promise@4.0.0 OK for: router@2.2.0 want: ^4.0.0
4947 silly placeDep ROOT path-to-regexp@8.4.2 OK for: router@2.2.0 want: ^8.0.0
4948 silly placeDep ROOT queue-microtask@1.2.3 OK for: run-parallel@1.2.0 want: ^1.2.2
4949 silly placeDep ROOT isarray@2.0.5 OK for: safe-array-concat@1.1.4 want: ^2.0.5
4950 silly placeDep ROOT ret@0.5.0 OK for: safe-regex2@5.1.1 want: ~0.5.0
4951 silly placeDep ROOT @img/colour@1.1.0 OK for: sharp@0.34.5 want: ^1.0.0
4952 silly placeDep ROOT @img/sharp-darwin-arm64@0.34.5 OK for: sharp@0.34.5 want: 0.34.5
4953 silly placeDep ROOT @img/sharp-darwin-x64@0.34.5 OK for: sharp@0.34.5 want: 0.34.5
4954 silly placeDep ROOT @img/sharp-libvips-darwin-arm64@1.2.4 OK for: sharp@0.34.5 want: 1.2.4
4955 silly placeDep ROOT @img/sharp-libvips-darwin-x64@1.2.4 OK for: sharp@0.34.5 want: 1.2.4
4956 silly placeDep ROOT @img/sharp-libvips-linux-arm@1.2.4 OK for: sharp@0.34.5 want: 1.2.4
4957 silly placeDep ROOT @img/sharp-libvips-linux-arm64@1.2.4 OK for: sharp@0.34.5 want: 1.2.4
4958 silly placeDep ROOT @img/sharp-libvips-linux-ppc64@1.2.4 OK for: sharp@0.34.5 want: 1.2.4
4959 silly placeDep ROOT @img/sharp-libvips-linux-riscv64@1.2.4 OK for: sharp@0.34.5 want: 1.2.4
4960 silly placeDep ROOT @img/sharp-libvips-linux-s390x@1.2.4 OK for: sharp@0.34.5 want: 1.2.4
4961 silly placeDep ROOT @img/sharp-libvips-linux-x64@1.2.4 OK for: sharp@0.34.5 want: 1.2.4
4962 silly placeDep ROOT @img/sharp-libvips-linuxmusl-arm64@1.2.4 OK for: sharp@0.34.5 want: 1.2.4
4963 silly placeDep ROOT @img/sharp-libvips-linuxmusl-x64@1.2.4 OK for: sharp@0.34.5 want: 1.2.4
4964 silly placeDep ROOT @img/sharp-linux-arm@0.34.5 OK for: sharp@0.34.5 want: 0.34.5
4965 silly placeDep ROOT @img/sharp-linux-arm64@0.34.5 OK for: sharp@0.34.5 want: 0.34.5
4966 silly placeDep ROOT @img/sharp-linux-ppc64@0.34.5 OK for: sharp@0.34.5 want: 0.34.5
4967 silly placeDep ROOT @img/sharp-linux-riscv64@0.34.5 OK for: sharp@0.34.5 want: 0.34.5
4968 silly placeDep ROOT @img/sharp-linux-s390x@0.34.5 OK for: sharp@0.34.5 want: 0.34.5
4969 silly placeDep ROOT @img/sharp-linux-x64@0.34.5 OK for: sharp@0.34.5 want: 0.34.5
4970 silly placeDep ROOT @img/sharp-linuxmusl-arm64@0.34.5 OK for: sharp@0.34.5 want: 0.34.5
4971 silly placeDep ROOT @img/sharp-linuxmusl-x64@0.34.5 OK for: sharp@0.34.5 want: 0.34.5
4972 silly placeDep ROOT @img/sharp-wasm32@0.34.5 OK for: sharp@0.34.5 want: 0.34.5
4973 silly placeDep ROOT @img/sharp-win32-arm64@0.34.5 OK for: sharp@0.34.5 want: 0.34.5
4974 silly placeDep ROOT @img/sharp-win32-ia32@0.34.5 OK for: sharp@0.34.5 want: 0.34.5
4975 silly placeDep ROOT @img/sharp-win32-x64@0.34.5 OK for: sharp@0.34.5 want: 0.34.5
4976 silly fetch manifest @emnapi/runtime@^1.7.0
4977 silly packumentCache full:https://registry.npmjs.org/@emnapi%2fruntime cache-miss
4978 http fetch GET 200 https://registry.npmjs.org/@emnapi%2fruntime 84ms (cache miss)
4979 silly packumentCache full:https://registry.npmjs.org/@emnapi%2fruntime set size:undefined disposed:false
4980 silly placeDep ROOT @emnapi/runtime@1.11.3 OK for: @img/sharp-wasm32@0.34.5 want: ^1.7.0
4981 silly placeDep ROOT shebang-regex@3.0.0 OK for: shebang-command@2.0.0 want: ^3.0.0
4982 silly placeDep ROOT side-channel-list@1.0.1 OK for: side-channel@1.1.1 want: ^1.0.1
4983 silly placeDep ROOT side-channel-map@1.0.1 OK for: side-channel@1.1.1 want: ^1.0.1
4984 silly placeDep ROOT side-channel-weakmap@1.0.2 OK for: side-channel@1.1.1 want: ^1.0.2
4985 silly placeDep ROOT ansi-styles@6.2.3 OK for: slice-ansi@9.0.1 want: ^6.2.3
4986 silly placeDep ROOT is-fullwidth-code-point@5.1.0 OK for: slice-ansi@9.0.1 want: ^5.1.0
4987 silly fetch manifest get-east-asian-width@^1.3.1
4988 silly packumentCache full:https://registry.npmjs.org/get-east-asian-width cache-hit
4989 silly placeDep ROOT get-east-asian-width@1.7.0 OK for: is-fullwidth-code-point@5.1.0 want: ^1.3.1
4990 silly placeDep ROOT buffer-from@1.1.2 OK for: source-map-support@0.5.21 want: ^1.0.0
4991 silly placeDep ROOT emoji-regex@10.6.0 OK for: string-width@7.2.0 want: ^10.3.0
4992 silly placeDep node_modules/string-width strip-ansi@7.2.0 OK for: string-width@7.2.0 want: ^7.1.0
4993 silly placeDep ROOT ansi-regex@5.0.1 OK for: strip-ansi@6.0.1 want: ^5.0.1
4994 silly placeDep ROOT stubborn-utils@1.0.2 OK for: stubborn-fs@2.0.0 want: ^1.0.1
4995 silly placeDep node_modules/svgo commander@11.1.0 OK for: svgo@4.1.0 want: ^11.1.0
4996 silly placeDep ROOT css-select@6.0.0 OK for: svgo@4.1.0 want: ^6.0.0
4997 silly placeDep ROOT css-tree@3.2.1 OK for: svgo@4.1.0 want: ^3.0.1
4998 silly placeDep ROOT css-what@7.0.0 OK for: svgo@4.1.0 want: ^7.0.0
4999 silly placeDep ROOT csso@5.0.5 OK for: svgo@4.1.0 want: ^5.0.5
5000 silly placeDep ROOT sax@1.6.1 OK for: svgo@4.1.0 want: 1.6.1
5001 silly fetch manifest boolbase@^1.0.0
5002 silly packumentCache full:https://registry.npmjs.org/boolbase cache-miss
5003 silly fetch manifest domutils@^3.2.2
5004 silly packumentCache full:https://registry.npmjs.org/domutils cache-miss
5005 silly fetch manifest nth-check@^2.1.1
5006 silly packumentCache full:https://registry.npmjs.org/nth-check cache-miss
5007 http fetch GET 200 https://registry.npmjs.org/nth-check 66ms (cache miss)
5008 silly packumentCache full:https://registry.npmjs.org/nth-check set size:undefined disposed:false
5009 silly fetch manifest domhandler@^5.0.3
5010 silly packumentCache full:https://registry.npmjs.org/domhandler cache-miss
5011 http fetch GET 200 https://registry.npmjs.org/boolbase 85ms (cache miss)
5012 silly packumentCache full:https://registry.npmjs.org/boolbase set size:undefined disposed:false
5013 silly fetch manifest mdn-data@2.27.1
5014 silly packumentCache full:https://registry.npmjs.org/mdn-data cache-miss
5015 http fetch GET 200 https://registry.npmjs.org/domutils 89ms (cache miss)
5016 silly packumentCache full:https://registry.npmjs.org/domutils set size:undefined disposed:false
5017 silly fetch manifest css-tree@~2.2.0
5018 silly packumentCache full:https://registry.npmjs.org/css-tree cache-miss
5019 http cache https://registry.npmjs.org/css-tree 21ms (cache hit)
5020 silly packumentCache full:https://registry.npmjs.org/css-tree set size:229638 disposed:false
5021 http fetch GET 200 https://registry.npmjs.org/domhandler 58ms (cache miss)
5022 silly packumentCache full:https://registry.npmjs.org/domhandler set size:undefined disposed:false
5023 http fetch GET 200 https://registry.npmjs.org/mdn-data 81ms (cache miss)
5024 silly packumentCache full:https://registry.npmjs.org/mdn-data set size:undefined disposed:false
5025 silly placeDep ROOT boolbase@1.0.0 OK for: css-select@6.0.0 want: ^1.0.0
5026 silly placeDep ROOT domhandler@5.0.3 OK for: css-select@6.0.0 want: ^5.0.3
5027 silly placeDep ROOT domutils@3.2.2 OK for: css-select@6.0.0 want: ^3.2.2
5028 silly placeDep ROOT nth-check@2.1.1 OK for: css-select@6.0.0 want: ^2.1.1
5029 silly fetch manifest domelementtype@^2.3.0
5030 silly packumentCache full:https://registry.npmjs.org/domelementtype cache-miss
5031 silly fetch manifest dom-serializer@^2.0.0
5032 silly packumentCache full:https://registry.npmjs.org/dom-serializer cache-miss
5033 silly fetch manifest domelementtype@^2.3.0
5034 silly packumentCache full:https://registry.npmjs.org/domelementtype cache-miss
5035 http fetch GET 200 https://registry.npmjs.org/dom-serializer 79ms (cache miss)
5036 silly packumentCache full:https://registry.npmjs.org/dom-serializer set size:undefined disposed:false
5037 http fetch GET 200 https://registry.npmjs.org/domelementtype 99ms (cache miss)
5038 silly packumentCache full:https://registry.npmjs.org/domelementtype set size:undefined disposed:false
5039 http fetch GET 200 https://registry.npmjs.org/domelementtype 111ms (cache miss)
5040 silly packumentCache full:https://registry.npmjs.org/domelementtype set size:undefined disposed:false
5041 silly placeDep ROOT mdn-data@2.27.1 OK for: css-tree@3.2.1 want: 2.27.1
5042 silly placeDep node_modules/csso css-tree@2.2.1 OK for: csso@5.0.5 want: ~2.2.0
5043 silly fetch manifest mdn-data@2.0.28
5044 silly packumentCache full:https://registry.npmjs.org/mdn-data cache-miss
5045 http cache https://registry.npmjs.org/mdn-data 33ms (cache hit)
5046 silly packumentCache full:https://registry.npmjs.org/mdn-data set size:195606 disposed:false
5047 silly placeDep ROOT domelementtype@2.3.0 OK for: domhandler@5.0.3 want: ^2.3.0
5048 silly placeDep ROOT dom-serializer@2.0.0 OK for: domutils@3.2.2 want: ^2.0.0
5049 silly fetch manifest entities@^4.2.0
5050 silly packumentCache full:https://registry.npmjs.org/entities cache-hit
5051 silly placeDep node_modules/dom-serializer entities@4.5.0 OK for: dom-serializer@2.0.0 want: ^4.2.0
5052 silly placeDep ROOT @isaacs/fs-minipass@4.0.1 OK for: tar@7.5.22 want: ^4.0.0
5053 silly placeDep ROOT chownr@3.0.0 OK for: tar@7.5.22 want: ^3.0.0
5054 silly placeDep ROOT minizlib@3.1.0 OK for: tar@7.5.22 want: ^3.1.0
5055 silly placeDep ROOT yallist@5.0.0 OK for: tar@7.5.22 want: ^5.0.0
5056 silly fetch manifest react-native-b4a@*
5057 silly packumentCache full:https://registry.npmjs.org/react-native-b4a cache-miss
5058 http fetch GET 200 https://registry.npmjs.org/react-native-b4a 41ms (cache miss)
5059 silly packumentCache full:https://registry.npmjs.org/react-native-b4a set size:undefined disposed:false
5060 silly fetch manifest react@*
5061 silly packumentCache full:https://registry.npmjs.org/react cache-miss
5062 http fetch GET 200 https://registry.npmjs.org/react 577ms (cache miss)
5063 silly packumentCache full:https://registry.npmjs.org/react set size:undefined disposed:false
5064 silly fetch manifest react-native@*
5065 silly packumentCache full:https://registry.npmjs.org/react-native cache-miss
5066 http fetch GET 200 https://registry.npmjs.org/react-native 549ms (cache miss)
5067 silly packumentCache full:https://registry.npmjs.org/react-native set size:undefined disposed:false
5068 silly fetch manifest @types/react@^19.1.1
5069 silly packumentCache full:https://registry.npmjs.org/@types%2freact cache-miss
5070 http fetch GET 200 https://registry.npmjs.org/@types%2freact 170ms (cache miss)
5071 silly packumentCache full:https://registry.npmjs.org/@types%2freact set size:undefined disposed:false
5072 silly fetch manifest bare-buffer@*
5073 silly packumentCache full:https://registry.npmjs.org/bare-buffer cache-miss
5074 http fetch GET 200 https://registry.npmjs.org/bare-buffer 54ms (cache miss)
5075 silly packumentCache full:https://registry.npmjs.org/bare-buffer set size:undefined disposed:false
5076 silly placeDep ROOT b4a@1.9.0 OK for: tar-stream@3.2.1 want: ^1.6.4
5077 silly placeDep ROOT bare-fs@4.8.2 OK for: tar-stream@3.2.1 want: ^4.5.5
5078 silly placeDep ROOT fast-fifo@1.3.2 OK for: tar-stream@3.2.1 want: ^1.2.0
5079 silly placeDep ROOT streamx@2.28.1 OK for: tar-stream@3.2.1 want: ^2.15.0
5080 silly fetch manifest bare-url@^2.2.2
5081 silly packumentCache full:https://registry.npmjs.org/bare-url cache-miss
5082 silly fetch manifest bare-path@^3.0.0
5083 silly packumentCache full:https://registry.npmjs.org/bare-path cache-miss
5084 silly fetch manifest fast-fifo@^1.3.2
5085 silly packumentCache full:https://registry.npmjs.org/fast-fifo cache-miss
5086 http cache https://registry.npmjs.org/fast-fifo 19ms (cache hit)
5087 silly packumentCache full:https://registry.npmjs.org/fast-fifo set size:13855 disposed:false
5088 silly fetch manifest bare-events@^2.5.4
5089 silly packumentCache full:https://registry.npmjs.org/bare-events cache-miss
5090 http fetch GET 200 https://registry.npmjs.org/bare-path 66ms (cache miss)
5091 silly packumentCache full:https://registry.npmjs.org/bare-path set size:undefined disposed:false
5092 silly fetch manifest bare-stream@^2.6.4
5093 silly packumentCache full:https://registry.npmjs.org/bare-stream cache-miss
5094 http fetch GET 200 https://registry.npmjs.org/bare-url 94ms (cache miss)
5095 silly packumentCache full:https://registry.npmjs.org/bare-url set size:undefined disposed:false
5096 silly fetch manifest text-decoder@^1.1.0
5097 silly packumentCache full:https://registry.npmjs.org/text-decoder cache-miss
5098 http fetch GET 200 https://registry.npmjs.org/bare-events 84ms (cache miss)
5099 silly packumentCache full:https://registry.npmjs.org/bare-events set size:undefined disposed:false
5100 silly fetch manifest events-universal@^1.0.0
5101 silly packumentCache full:https://registry.npmjs.org/events-universal cache-miss
5102 http fetch GET 200 https://registry.npmjs.org/bare-stream 61ms (cache miss)
5103 silly packumentCache full:https://registry.npmjs.org/bare-stream set size:undefined disposed:false
5104 http fetch GET 200 https://registry.npmjs.org/events-universal 47ms (cache miss)
5105 silly packumentCache full:https://registry.npmjs.org/events-universal set size:undefined disposed:false
5106 http fetch GET 200 https://registry.npmjs.org/text-decoder 63ms (cache miss)
5107 silly packumentCache full:https://registry.npmjs.org/text-decoder set size:undefined disposed:false
5108 silly fetch manifest bare-abort-controller@*
5109 silly packumentCache full:https://registry.npmjs.org/bare-abort-controller cache-miss
5110 http fetch GET 200 https://registry.npmjs.org/bare-abort-controller 45ms (cache miss)
5111 silly packumentCache full:https://registry.npmjs.org/bare-abort-controller set size:undefined disposed:false
5112 silly placeDep ROOT bare-events@2.9.2 OK for: bare-fs@4.8.2 want: ^2.5.4
5113 silly placeDep ROOT bare-path@3.1.2 OK for: bare-fs@4.8.2 want: ^3.0.0
5114 silly placeDep ROOT bare-stream@2.13.4 OK for: bare-fs@4.8.2 want: ^2.6.4
5115 silly placeDep ROOT bare-url@2.5.4 OK for: bare-fs@4.8.2 want: ^2.2.2
5116 silly fetch manifest teex@^1.0.1
5117 silly packumentCache full:https://registry.npmjs.org/teex cache-miss
5118 http fetch GET 200 https://registry.npmjs.org/teex 50ms (cache miss)
5119 silly packumentCache full:https://registry.npmjs.org/teex set size:undefined disposed:false
5120 silly placeDep ROOT teex@1.0.1 OK for: bare-stream@2.13.4 want: ^1.0.1
5121 silly placeDep ROOT events-universal@1.0.1 OK for: streamx@2.28.1 want: ^1.0.0
5122 silly placeDep ROOT text-decoder@1.2.7 OK for: streamx@2.28.1 want: ^1.1.0
5123 silly placeDep ROOT supports-hyperlinks@4.6.0 OK for: terminal-link@5.0.0 want: ^4.1.0
5124 silly fetch manifest has-flag@^5.0.1
5125 silly packumentCache full:https://registry.npmjs.org/has-flag cache-miss
5126 silly fetch manifest supports-color@^10.2.2
5127 silly packumentCache full:https://registry.npmjs.org/supports-color cache-hit
5128 http fetch GET 200 https://registry.npmjs.org/has-flag 57ms (cache miss)
5129 silly packumentCache full:https://registry.npmjs.org/has-flag set size:undefined disposed:false
5130 silly placeDep ROOT has-flag@5.0.1 OK for: supports-hyperlinks@4.6.0 want: ^5.0.1
5131 silly placeDep node_modules/supports-hyperlinks supports-color@10.2.2 OK for: supports-hyperlinks@4.6.0 want: ^10.2.2
5132 silly placeDep node_modules/thread-stream real-require@1.0.0 OK for: thread-stream@4.2.0 want: ^1.0.0
5133 silly placeDep node_modules/through2 readable-stream@2.3.8 OK for: through2@2.0.5 want: ~2.3.6
5134 silly placeDep ROOT tmp@0.2.7 OK for: tmp-promise@3.0.3 want: ^0.2.0
5135 silly placeDep ROOT is-number@7.0.0 OK for: to-regex-range@5.0.1 want: ^7.0.0
5136 silly placeDep ROOT @cspotcode/source-map-support@0.8.1 OK for: ts-node@10.9.2 want: ^0.8.0
5137 silly placeDep ROOT @tsconfig/node10@1.0.13 OK for: ts-node@10.9.2 want: ^1.0.7
5138 silly placeDep ROOT @tsconfig/node12@1.0.11 OK for: ts-node@10.9.2 want: ^1.0.7
5139 silly placeDep ROOT @tsconfig/node14@1.0.3 OK for: ts-node@10.9.2 want: ^1.0.0
5140 silly placeDep ROOT @tsconfig/node16@1.0.4 OK for: ts-node@10.9.2 want: ^1.0.2
5141 silly placeDep ROOT acorn-walk@8.3.5 OK for: ts-node@10.9.2 want: ^8.1.1
5142 silly placeDep ROOT arg@4.1.3 OK for: ts-node@10.9.2 want: ^4.1.0
5143 silly placeDep ROOT create-require@1.1.1 OK for: ts-node@10.9.2 want: ^1.1.0
5144 silly placeDep ROOT diff@4.0.4 OK for: ts-node@10.9.2 want: ^4.0.1
5145 silly placeDep ROOT make-error@1.3.6 OK for: ts-node@10.9.2 want: ^1.1.1
5146 silly placeDep ROOT v8-compile-cache-lib@3.0.1 OK for: ts-node@10.9.2 want: ^3.0.1
5147 silly placeDep ROOT yn@3.1.1 OK for: ts-node@10.9.2 want: 3.1.1
5148 silly fetch manifest @jridgewell/trace-mapping@0.3.9
5149 silly packumentCache full:https://registry.npmjs.org/@jridgewell%2ftrace-mapping cache-miss
5150 http fetch GET 200 https://registry.npmjs.org/@jridgewell%2ftrace-mapping 66ms (cache miss)
5151 silly packumentCache full:https://registry.npmjs.org/@jridgewell%2ftrace-mapping set size:undefined disposed:false
5152 silly placeDep ROOT @jridgewell/trace-mapping@0.3.9 OK for: @cspotcode/source-map-support@0.8.1 want: 0.3.9
5153 silly fetch manifest @jridgewell/resolve-uri@^3.0.3
5154 silly packumentCache full:https://registry.npmjs.org/@jridgewell%2fresolve-uri cache-miss
5155 http fetch GET 200 https://registry.npmjs.org/@jridgewell%2fresolve-uri 145ms (cache miss)
5156 silly packumentCache full:https://registry.npmjs.org/@jridgewell%2fresolve-uri set size:undefined disposed:false
5157 silly placeDep ROOT @jridgewell/resolve-uri@3.1.2 OK for: @jridgewell/trace-mapping@0.3.9 want: ^3.0.3
5158 silly placeDep node_modules/type-is content-type@2.1.0 OK for: type-is@2.1.0 want: ^2.0.0
5159 silly placeDep ROOT media-typer@1.1.1 OK for: type-is@2.1.0 want: ^1.1.0
5160 silly placeDep ROOT for-each@0.3.5 OK for: typed-array-byte-length@1.0.3 want: ^0.3.3
5161 silly placeDep ROOT reflect.getprototypeof@1.0.10 OK for: typed-array-byte-offset@1.0.5 want: ^1.0.10
5162 silly fetch manifest which-builtin-type@^1.2.1
5163 silly packumentCache full:https://registry.npmjs.org/which-builtin-type cache-miss
5164 http fetch GET 200 https://registry.npmjs.org/which-builtin-type 198ms (cache miss)
5165 silly packumentCache full:https://registry.npmjs.org/which-builtin-type set size:undefined disposed:false
5166 silly placeDep ROOT which-builtin-type@1.2.1 OK for: reflect.getprototypeof@1.0.10 want: ^1.2.1
5167 silly fetch manifest is-async-function@^2.0.0
5168 silly packumentCache full:https://registry.npmjs.org/is-async-function cache-miss
5169 silly fetch manifest is-finalizationregistry@^1.1.0
5170 silly packumentCache full:https://registry.npmjs.org/is-finalizationregistry cache-miss
5171 silly fetch manifest is-generator-function@^1.0.10
5172 silly packumentCache full:https://registry.npmjs.org/is-generator-function cache-miss
5173 http fetch GET 200 https://registry.npmjs.org/is-async-function 70ms (cache miss)
5174 silly packumentCache full:https://registry.npmjs.org/is-async-function set size:undefined disposed:false
5175 silly fetch manifest which-boxed-primitive@^1.1.0
5176 silly packumentCache full:https://registry.npmjs.org/which-boxed-primitive cache-miss
5177 http fetch GET 200 https://registry.npmjs.org/is-finalizationregistry 79ms (cache miss)
5178 silly packumentCache full:https://registry.npmjs.org/is-finalizationregistry set size:undefined disposed:false
5179 silly fetch manifest which-collection@^1.0.2
5180 silly packumentCache full:https://registry.npmjs.org/which-collection cache-miss
5181 http fetch GET 200 https://registry.npmjs.org/is-generator-function 84ms (cache miss)
5182 silly packumentCache full:https://registry.npmjs.org/is-generator-function set size:undefined disposed:false
5183 http cache https://registry.npmjs.org/which-boxed-primitive 23ms (cache hit)
5184 silly packumentCache full:https://registry.npmjs.org/which-boxed-primitive set size:19407 disposed:false
5185 http fetch GET 200 https://registry.npmjs.org/which-collection 42ms (cache miss)
5186 silly packumentCache full:https://registry.npmjs.org/which-collection set size:undefined disposed:false
5187 silly placeDep ROOT random-bytes@1.0.0 OK for: uid-safe@2.1.5 want: ~1.0.0
5188 silly placeDep ROOT has-bigints@1.1.0 OK for: unbox-primitive@1.1.0 want: ^1.0.2
5189 silly placeDep ROOT which-boxed-primitive@1.1.1 OK for: unbox-primitive@1.1.0 want: ^1.1.1
5190 silly fetch manifest is-bigint@^1.1.0
5191 silly packumentCache full:https://registry.npmjs.org/is-bigint cache-miss
5192 silly fetch manifest is-boolean-object@^1.2.1
5193 silly packumentCache full:https://registry.npmjs.org/is-boolean-object cache-miss
5194 silly fetch manifest is-number-object@^1.1.1
5195 silly packumentCache full:https://registry.npmjs.org/is-number-object cache-miss
5196 http fetch GET 200 https://registry.npmjs.org/is-number-object 79ms (cache miss)
5197 silly packumentCache full:https://registry.npmjs.org/is-number-object set size:undefined disposed:false
5198 http fetch GET 200 https://registry.npmjs.org/is-boolean-object 84ms (cache miss)
5199 silly packumentCache full:https://registry.npmjs.org/is-boolean-object set size:undefined disposed:false
5200 http fetch GET 200 https://registry.npmjs.org/is-bigint 139ms (cache miss)
5201 silly packumentCache full:https://registry.npmjs.org/is-bigint set size:undefined disposed:false
5202 silly placeDep ROOT nan@2.29.0 OK for: unix-dgram@2.0.7 want: ^2.20.0
5203 silly placeDep node_modules/unixify normalize-path@2.1.1 OK for: unixify@1.0.0 want: ^2.1.1
5204 silly fetch manifest remove-trailing-separator@^1.0.1
5205 silly packumentCache full:https://registry.npmjs.org/remove-trailing-separator cache-miss
5206 http fetch GET 200 https://registry.npmjs.org/remove-trailing-separator 58ms (cache miss)
5207 silly packumentCache full:https://registry.npmjs.org/remove-trailing-separator set size:undefined disposed:false
5208 silly placeDep node_modules/update-notifier chalk@5.6.2 OK for: update-notifier@7.3.1 want: ^5.3.0
5209 silly placeDep ROOT configstore@7.1.0 OK for: update-notifier@7.3.1 want: ^7.0.0
5210 silly placeDep ROOT is-in-ci@1.0.0 OK for: update-notifier@7.3.1 want: ^1.0.0
5211 silly placeDep ROOT is-installed-globally@1.0.1 OK for: update-notifier@7.3.1 want: ^1.0.0
5212 silly placeDep ROOT is-npm@6.1.0 OK for: update-notifier@7.3.1 want: ^6.0.0
5213 silly placeDep ROOT latest-version@9.0.0 OK for: update-notifier@7.3.1 want: ^9.0.0
5214 silly placeDep ROOT pupa@3.3.0 OK for: update-notifier@7.3.1 want: ^3.1.0
5215 silly placeDep ROOT xdg-basedir@5.1.0 OK for: update-notifier@7.3.1 want: ^5.1.0
5216 silly fetch manifest global-directory@^4.0.1
5217 silly packumentCache full:https://registry.npmjs.org/global-directory cache-miss
5218 silly fetch manifest package-json@^10.0.0
5219 silly packumentCache full:https://registry.npmjs.org/package-json cache-miss
5220 silly fetch manifest escape-goat@^4.0.0
5221 silly packumentCache full:https://registry.npmjs.org/escape-goat cache-miss
5222 http fetch GET 200 https://registry.npmjs.org/global-directory 75ms (cache miss)
5223 silly packumentCache full:https://registry.npmjs.org/global-directory set size:undefined disposed:false
5224 http fetch GET 200 https://registry.npmjs.org/escape-goat 74ms (cache miss)
5225 silly packumentCache full:https://registry.npmjs.org/escape-goat set size:undefined disposed:false
5226 http fetch GET 200 https://registry.npmjs.org/package-json 87ms (cache miss)
5227 silly packumentCache full:https://registry.npmjs.org/package-json set size:undefined disposed:false
5228 silly placeDep node_modules/configstore dot-prop@9.0.0 OK for: configstore@7.1.0 want: ^9.0.0
5229 silly placeDep ROOT global-directory@4.0.1 OK for: is-installed-globally@1.0.1 want: ^4.0.1
5230 silly fetch manifest ini@4.1.1
5231 silly packumentCache full:https://registry.npmjs.org/ini cache-miss
5232 http cache https://registry.npmjs.org/ini 18ms (cache hit)
5233 silly packumentCache full:https://registry.npmjs.org/ini set size:59183 disposed:false
5234 silly placeDep node_modules/global-directory ini@4.1.1 OK for: global-directory@4.0.1 want: 4.1.1
5235 silly placeDep ROOT package-json@10.0.1 OK for: latest-version@9.0.0 want: ^10.0.0
5236 silly fetch manifest ky@^1.2.0
5237 silly packumentCache full:https://registry.npmjs.org/ky cache-miss
5238 silly fetch manifest registry-auth-token@^5.0.2
5239 silly packumentCache full:https://registry.npmjs.org/registry-auth-token cache-miss
5240 silly fetch manifest registry-url@^6.0.1
5241 silly packumentCache full:https://registry.npmjs.org/registry-url cache-miss
5242 http fetch GET 200 https://registry.npmjs.org/registry-url 70ms (cache miss)
5243 silly packumentCache full:https://registry.npmjs.org/registry-url set size:undefined disposed:false
5244 http fetch GET 200 https://registry.npmjs.org/ky 90ms (cache miss)
5245 silly packumentCache full:https://registry.npmjs.org/ky set size:undefined disposed:false
5246 http fetch GET 200 https://registry.npmjs.org/registry-auth-token 243ms (cache miss)
5247 silly packumentCache full:https://registry.npmjs.org/registry-auth-token set size:undefined disposed:false
5248 silly placeDep ROOT ky@1.14.3 OK for: package-json@10.0.1 want: ^1.2.0
5249 silly placeDep ROOT registry-auth-token@5.1.1 OK for: package-json@10.0.1 want: ^5.0.2
5250 silly placeDep ROOT registry-url@6.0.1 OK for: package-json@10.0.1 want: ^6.0.1
5251 silly fetch manifest @pnpm/npm-conf@^3.0.2
5252 silly packumentCache full:https://registry.npmjs.org/@pnpm%2fnpm-conf cache-miss
5253 silly fetch manifest rc@1.2.8
5254 silly packumentCache full:https://registry.npmjs.org/rc cache-miss
5255 http fetch GET 200 https://registry.npmjs.org/rc 70ms (cache miss)
5256 silly packumentCache full:https://registry.npmjs.org/rc set size:undefined disposed:false
5257 http fetch GET 200 https://registry.npmjs.org/@pnpm%2fnpm-conf 82ms (cache miss)
5258 silly packumentCache full:https://registry.npmjs.org/@pnpm%2fnpm-conf set size:undefined disposed:false
5259 silly placeDep ROOT escape-goat@4.0.0 OK for: pupa@3.3.0 want: ^4.0.0
5260 silly placeDep ROOT @pnpm/npm-conf@3.0.3 OK for: registry-auth-token@5.1.1 want: ^3.0.2
5261 silly fetch manifest @pnpm/config.env-replace@^1.1.0
5262 silly packumentCache full:https://registry.npmjs.org/@pnpm%2fconfig.env-replace cache-miss
5263 silly fetch manifest @pnpm/network.ca-file@^1.0.1
5264 silly packumentCache full:https://registry.npmjs.org/@pnpm%2fnetwork.ca-file cache-miss
5265 silly fetch manifest config-chain@^1.1.11
5266 silly packumentCache full:https://registry.npmjs.org/config-chain cache-miss
5267 http fetch GET 200 https://registry.npmjs.org/config-chain 66ms (cache miss)
5268 silly packumentCache full:https://registry.npmjs.org/config-chain set size:undefined disposed:false
5269 http fetch GET 200 https://registry.npmjs.org/@pnpm%2fconfig.env-replace 73ms (cache miss)
5270 silly packumentCache full:https://registry.npmjs.org/@pnpm%2fconfig.env-replace set size:undefined disposed:false
5271 http fetch GET 200 https://registry.npmjs.org/@pnpm%2fnetwork.ca-file 85ms (cache miss)
5272 silly packumentCache full:https://registry.npmjs.org/@pnpm%2fnetwork.ca-file set size:undefined disposed:false
5273 silly placeDep ROOT @pnpm/config.env-replace@1.1.0 OK for: @pnpm/npm-conf@3.0.3 want: ^1.1.0
5274 silly placeDep ROOT @pnpm/network.ca-file@1.0.2 OK for: @pnpm/npm-conf@3.0.3 want: ^1.0.1
5275 silly placeDep ROOT config-chain@1.1.13 OK for: @pnpm/npm-conf@3.0.3 want: ^1.1.11
5276 silly fetch manifest graceful-fs@4.2.10
5277 silly packumentCache full:https://registry.npmjs.org/graceful-fs cache-hit
5278 silly fetch manifest proto-list@~1.2.1
5279 silly packumentCache full:https://registry.npmjs.org/proto-list cache-miss
5280 http fetch GET 200 https://registry.npmjs.org/proto-list 49ms (cache miss)
5281 silly packumentCache full:https://registry.npmjs.org/proto-list set size:undefined disposed:false
5282 silly placeDep node_modules/@pnpm/network.ca-file graceful-fs@4.2.10 OK for: @pnpm/network.ca-file@1.0.2 want: 4.2.10
5283 silly placeDep ROOT proto-list@1.2.4 OK for: config-chain@1.1.13 want: ~1.2.1
5284 silly placeDep ROOT rc@1.2.8 OK for: registry-url@6.0.1 want: 1.2.8
5285 silly fetch manifest deep-extend@^0.6.0
5286 silly packumentCache full:https://registry.npmjs.org/deep-extend cache-miss
5287 silly fetch manifest strip-json-comments@~2.0.1
5288 silly packumentCache full:https://registry.npmjs.org/strip-json-comments cache-miss
5289 http fetch GET 200 https://registry.npmjs.org/deep-extend 88ms (cache miss)
5290 silly packumentCache full:https://registry.npmjs.org/deep-extend set size:undefined disposed:false
5291 http fetch GET 200 https://registry.npmjs.org/strip-json-comments 249ms (cache miss)
5292 silly packumentCache full:https://registry.npmjs.org/strip-json-comments set size:undefined disposed:false
5293 silly placeDep ROOT deep-extend@0.6.0 OK for: rc@1.2.8 want: ^0.6.0
5294 silly placeDep ROOT strip-json-comments@2.0.1 OK for: rc@1.2.8 want: ~2.0.1
5295 silly placeDep ROOT spdx-correct@3.2.0 OK for: validate-npm-package-license@3.0.4 want: ^3.0.0
5296 silly placeDep ROOT spdx-expression-parse@3.0.1 OK for: validate-npm-package-license@3.0.4 want: ^3.0.0
5297 silly fetch manifest spdx-license-ids@^3.0.0
5298 silly packumentCache full:https://registry.npmjs.org/spdx-license-ids cache-miss
5299 silly fetch manifest spdx-exceptions@^2.1.0
5300 silly packumentCache full:https://registry.npmjs.org/spdx-exceptions cache-miss
5301 silly fetch manifest spdx-license-ids@^3.0.0
5302 silly packumentCache full:https://registry.npmjs.org/spdx-license-ids cache-miss
5303 http fetch GET 200 https://registry.npmjs.org/spdx-exceptions 105ms (cache miss)
5304 silly packumentCache full:https://registry.npmjs.org/spdx-exceptions set size:undefined disposed:false
5305 http fetch GET 200 https://registry.npmjs.org/spdx-license-ids 117ms (cache miss)
5306 silly packumentCache full:https://registry.npmjs.org/spdx-license-ids set size:undefined disposed:false
5307 http fetch GET 200 https://registry.npmjs.org/spdx-license-ids 120ms (cache miss)
5308 silly packumentCache full:https://registry.npmjs.org/spdx-license-ids set size:undefined disposed:false
5309 silly placeDep ROOT spdx-license-ids@3.0.24 OK for: spdx-correct@3.2.0 want: ^3.0.0
5310 silly placeDep ROOT spdx-exceptions@2.5.0 OK for: spdx-expression-parse@3.0.1 want: ^2.1.0
5311 silly placeDep ROOT defaults@1.0.4 OK for: wcwidth@1.0.1 want: ^1.0.3
5312 silly fetch manifest clone@^1.0.2
5313 silly packumentCache full:https://registry.npmjs.org/clone cache-miss
5314 http fetch GET 200 https://registry.npmjs.org/clone 52ms (cache miss)
5315 silly packumentCache full:https://registry.npmjs.org/clone set size:undefined disposed:false
5316 silly placeDep ROOT clone@1.0.4 OK for: defaults@1.0.4 want: ^1.0.2
5317 silly placeDep node_modules/which isexe@2.0.0 OK for: which@2.0.2 want: ^2.0.0
5318 silly placeDep ROOT is-bigint@1.1.0 OK for: which-boxed-primitive@1.1.1 want: ^1.1.0
5319 silly placeDep ROOT is-boolean-object@1.2.2 OK for: which-boxed-primitive@1.1.1 want: ^1.2.1
5320 silly placeDep ROOT is-number-object@1.1.1 OK for: which-boxed-primitive@1.1.1 want: ^1.1.1
5321 silly placeDep ROOT is-async-function@2.1.1 OK for: which-builtin-type@1.2.1 want: ^2.0.0
5322 silly placeDep ROOT is-finalizationregistry@1.1.1 OK for: which-builtin-type@1.2.1 want: ^1.1.0
5323 silly placeDep ROOT is-generator-function@1.1.2 OK for: which-builtin-type@1.2.1 want: ^1.0.10
5324 silly placeDep ROOT which-collection@1.0.2 OK for: which-builtin-type@1.2.1 want: ^1.0.2
5325 silly fetch manifest async-function@^1.0.0
5326 silly packumentCache full:https://registry.npmjs.org/async-function cache-miss
5327 silly fetch manifest generator-function@^2.0.0
5328 silly packumentCache full:https://registry.npmjs.org/generator-function cache-miss
5329 silly fetch manifest is-map@^2.0.3
5330 silly packumentCache full:https://registry.npmjs.org/is-map cache-miss
5331 http fetch GET 200 https://registry.npmjs.org/async-function 51ms (cache miss)
5332 silly packumentCache full:https://registry.npmjs.org/async-function set size:undefined disposed:false
5333 silly fetch manifest is-weakmap@^2.0.2
5334 silly packumentCache full:https://registry.npmjs.org/is-weakmap cache-miss
5335 http fetch GET 200 https://registry.npmjs.org/is-map 65ms (cache miss)
5336 silly packumentCache full:https://registry.npmjs.org/is-map set size:undefined disposed:false
5337 silly fetch manifest is-weakset@^2.0.3
5338 silly packumentCache full:https://registry.npmjs.org/is-weakset cache-miss
5339 http fetch GET 200 https://registry.npmjs.org/generator-function 78ms (cache miss)
5340 silly packumentCache full:https://registry.npmjs.org/generator-function set size:undefined disposed:false
5341 http fetch GET 200 https://registry.npmjs.org/is-weakmap 46ms (cache miss)
5342 silly packumentCache full:https://registry.npmjs.org/is-weakmap set size:undefined disposed:false
5343 http fetch GET 200 https://registry.npmjs.org/is-weakset 51ms (cache miss)
5344 silly packumentCache full:https://registry.npmjs.org/is-weakset set size:undefined disposed:false
5345 silly placeDep ROOT async-function@1.0.0 OK for: is-async-function@2.1.1 want: ^1.0.0
5346 silly placeDep ROOT generator-function@2.0.1 OK for: is-generator-function@1.1.2 want: ^2.0.0
5347 silly placeDep ROOT is-map@2.0.3 OK for: which-collection@1.0.2 want: ^2.0.3
5348 silly placeDep ROOT is-weakmap@2.0.2 OK for: which-collection@1.0.2 want: ^2.0.2
5349 silly placeDep ROOT is-weakset@2.0.4 OK for: which-collection@1.0.2 want: ^2.0.3
5350 silly placeDep node_modules/windows-release execa@8.0.1 OK for: windows-release@6.1.0 want: ^8.0.1
5351 silly placeDep ROOT @colors/colors@1.6.1 OK for: winston@3.19.0 want: ^1.6.0
5352 silly placeDep ROOT @dabh/diagnostics@2.0.9 OK for: winston@3.19.0 want: ^2.0.8
5353 silly placeDep node_modules/winston is-stream@2.0.1 OK for: winston@3.19.0 want: ^2.0.0
5354 silly placeDep ROOT logform@2.7.0 OK for: winston@3.19.0 want: ^2.7.0
5355 silly placeDep ROOT one-time@1.0.0 OK for: winston@3.19.0 want: ^1.0.0
5356 silly placeDep node_modules/winston readable-stream@3.6.2 OK for: winston@3.19.0 want: ^3.4.0
5357 silly placeDep ROOT stack-trace@0.0.10 OK for: winston@3.19.0 want: 0.0.x
5358 silly placeDep ROOT triple-beam@1.4.1 OK for: winston@3.19.0 want: ^1.3.0
5359 silly placeDep ROOT winston-transport@4.9.0 OK for: winston@3.19.0 want: ^4.9.0
5360 silly fetch manifest kuler@^2.0.0
5361 silly packumentCache full:https://registry.npmjs.org/kuler cache-miss
5362 silly fetch manifest enabled@2.0.x
5363 silly packumentCache full:https://registry.npmjs.org/enabled cache-miss
5364 silly fetch manifest @so-ric/colorspace@^1.1.6
5365 silly packumentCache full:https://registry.npmjs.org/@so-ric%2fcolorspace cache-miss
5366 http fetch GET 200 https://registry.npmjs.org/kuler 68ms (cache miss)
5367 silly packumentCache full:https://registry.npmjs.org/kuler set size:undefined disposed:false
5368 silly fetch manifest @colors/colors@1.6.0
5369 silly packumentCache full:https://registry.npmjs.org/@colors%2fcolors cache-miss
5370 http fetch GET 200 https://registry.npmjs.org/enabled 87ms (cache miss)
5371 silly packumentCache full:https://registry.npmjs.org/enabled set size:undefined disposed:false
5372 silly fetch manifest @types/triple-beam@^1.3.2
5373 silly packumentCache full:https://registry.npmjs.org/@types%2ftriple-beam cache-miss
5374 http cache https://registry.npmjs.org/@colors%2fcolors 26ms (cache hit)
5375 silly packumentCache full:https://registry.npmjs.org/@colors%2fcolors set size:14493 disposed:false
5376 silly fetch manifest fecha@^4.2.0
5377 silly packumentCache full:https://registry.npmjs.org/fecha cache-miss
5378 http fetch GET 200 https://registry.npmjs.org/@types%2ftriple-beam 72ms (cache miss)
5379 silly packumentCache full:https://registry.npmjs.org/@types%2ftriple-beam set size:undefined disposed:false
5380 silly fetch manifest fn.name@1.x.x
5381 silly packumentCache full:https://registry.npmjs.org/fn.name cache-miss
5382 http fetch GET 200 https://registry.npmjs.org/fecha 71ms (cache miss)
5383 silly packumentCache full:https://registry.npmjs.org/fecha set size:undefined disposed:false
5384 silly fetch manifest readable-stream@^3.6.2
5385 silly packumentCache full:https://registry.npmjs.org/readable-stream cache-hit
5386 http fetch GET 200 https://registry.npmjs.org/fn.name 55ms (cache miss)
5387 silly packumentCache full:https://registry.npmjs.org/fn.name set size:undefined disposed:false
5388 http fetch GET 200 https://registry.npmjs.org/@so-ric%2fcolorspace 253ms (cache miss)
5389 silly packumentCache full:https://registry.npmjs.org/@so-ric%2fcolorspace set size:undefined disposed:false
5390 silly placeDep ROOT @so-ric/colorspace@1.1.6 OK for: @dabh/diagnostics@2.0.9 want: ^1.1.6
5391 silly placeDep ROOT enabled@2.0.0 OK for: @dabh/diagnostics@2.0.9 want: 2.0.x
5392 silly placeDep ROOT kuler@2.0.0 OK for: @dabh/diagnostics@2.0.9 want: ^2.0.0
5393 silly fetch manifest color@^5.0.2
5394 silly packumentCache full:https://registry.npmjs.org/color cache-miss
5395 silly fetch manifest text-hex@1.0.x
5396 silly packumentCache full:https://registry.npmjs.org/text-hex cache-miss
5397 http fetch GET 200 https://registry.npmjs.org/color 68ms (cache miss)
5398 silly packumentCache full:https://registry.npmjs.org/color set size:undefined disposed:false
5399 http fetch GET 200 https://registry.npmjs.org/text-hex 72ms (cache miss)
5400 silly packumentCache full:https://registry.npmjs.org/text-hex set size:undefined disposed:false
5401 silly placeDep ROOT color@5.0.3 OK for: @so-ric/colorspace@1.1.6 want: ^5.0.2
5402 silly placeDep ROOT text-hex@1.0.0 OK for: @so-ric/colorspace@1.1.6 want: 1.0.x
5403 silly fetch manifest color-convert@^3.1.3
5404 silly packumentCache full:https://registry.npmjs.org/color-convert cache-miss
5405 silly fetch manifest color-string@^2.1.3
5406 silly packumentCache full:https://registry.npmjs.org/color-string cache-miss
5407 http fetch GET 200 https://registry.npmjs.org/color-string 70ms (cache miss)
5408 silly packumentCache full:https://registry.npmjs.org/color-string set size:undefined disposed:false
5409 http fetch GET 200 https://registry.npmjs.org/color-convert 80ms (cache miss)
5410 silly packumentCache full:https://registry.npmjs.org/color-convert set size:undefined disposed:false
5411 silly placeDep ROOT color-convert@3.1.3 OK for: color@5.0.3 want: ^3.1.3
5412 silly placeDep ROOT color-string@2.1.4 OK for: color@5.0.3 want: ^2.1.3
5413 silly fetch manifest color-name@^2.0.0
5414 silly packumentCache full:https://registry.npmjs.org/color-name cache-miss
5415 silly fetch manifest color-name@^2.0.0
5416 silly packumentCache full:https://registry.npmjs.org/color-name cache-miss
5417 http cache https://registry.npmjs.org/color-name 36ms (cache hit)
5418 silly packumentCache full:https://registry.npmjs.org/color-name set size:20968 disposed:false
5419 http cache https://registry.npmjs.org/color-name 40ms (cache hit)
5420 silly packumentCache full:https://registry.npmjs.org/color-name set size:20968 disposed:false
5421 silly packumentCache full:https://registry.npmjs.org/color-name dispose
5422 silly placeDep node_modules/color-convert color-name@2.1.1 OK for: color-convert@3.1.3 want: ^2.0.0
5423 silly placeDep node_modules/color-string color-name@2.1.1 OK for: color-string@2.1.4 want: ^2.0.0
5424 silly placeDep node_modules/logform @colors/colors@1.6.0 OK for: logform@2.7.0 want: 1.6.0
5425 silly placeDep ROOT @types/triple-beam@1.3.5 OK for: logform@2.7.0 want: ^1.3.2
5426 silly placeDep ROOT fecha@4.2.3 OK for: logform@2.7.0 want: ^4.2.0
5427 silly placeDep ROOT fn.name@1.1.0 OK for: one-time@1.0.0 want: 1.x.x
5428 silly placeDep node_modules/winston-transport readable-stream@3.6.2 OK for: winston-transport@4.9.0 want: ^3.6.2
5429 silly placeDep node_modules/wrap-ansi strip-ansi@7.2.0 OK for: wrap-ansi@9.0.2 want: ^7.1.0
5430 silly placeDep ROOT imurmurhash@0.1.4 OK for: write-file-atomic@5.0.1 want: ^0.1.4
5431 silly placeDep node_modules/write-file-atomic signal-exit@4.1.0 OK for: write-file-atomic@5.0.1 want: ^4.0.1
5432 silly placeDep node_modules/xss commander@2.20.3 OK for: xss@1.0.15 want: ^2.20.3
5433 silly placeDep ROOT cssfilter@0.0.10 OK for: xss@1.0.15 want: 0.0.10
5434 silly placeDep ROOT cliui@8.0.1 OK for: yargs@17.7.3 want: ^8.0.1
5435 silly placeDep ROOT escalade@3.2.0 OK for: yargs@17.7.3 want: ^3.1.1
5436 silly placeDep ROOT get-caller-file@2.0.5 OK for: yargs@17.7.3 want: ^2.0.5
5437 silly placeDep ROOT require-directory@2.1.1 OK for: yargs@17.7.3 want: ^2.1.1
5438 silly placeDep node_modules/yargs string-width@4.2.3 OK for: yargs@17.7.3 want: ^4.2.3
5439 silly placeDep ROOT y18n@5.0.8 OK for: yargs@17.7.3 want: ^5.0.5
5440 silly placeDep ROOT yargs-parser@21.1.1 OK for: yargs@17.7.3 want: ^21.1.1
5441 silly fetch manifest wrap-ansi@^7.0.0
5442 silly packumentCache full:https://registry.npmjs.org/wrap-ansi cache-hit
5443 silly fetch manifest string-width@^4.2.0
5444 silly packumentCache full:https://registry.npmjs.org/string-width cache-hit
5445 silly placeDep node_modules/cliui string-width@4.2.3 OK for: cliui@8.0.1 want: ^4.2.0
5446 silly placeDep node_modules/cliui wrap-ansi@7.0.0 OK for: cliui@8.0.1 want: ^7.0.0
5447 silly placeDep ROOT pend@1.2.0 OK for: yauzl@3.4.0 want: ~1.2.0
5448 silly placeDep ROOT compress-commons@7.0.1 OK for: zip-stream@7.0.5 want: ^7.0.0
5449 silly fetch manifest crc-32@^1.2.0
5450 silly packumentCache full:https://registry.npmjs.org/crc-32 cache-miss
5451 silly fetch manifest crc32-stream@^7.0.1
5452 silly packumentCache full:https://registry.npmjs.org/crc32-stream cache-miss
5453 http fetch GET 200 https://registry.npmjs.org/crc-32 116ms (cache miss)
5454 silly packumentCache full:https://registry.npmjs.org/crc-32 set size:undefined disposed:false
5455 http fetch GET 200 https://registry.npmjs.org/crc32-stream 138ms (cache miss)
5456 silly packumentCache full:https://registry.npmjs.org/crc32-stream set size:undefined disposed:false
5457 silly placeDep ROOT crc-32@1.2.2 OK for: compress-commons@7.0.1 want: ^1.2.0
5458 silly placeDep ROOT crc32-stream@7.0.1 OK for: compress-commons@7.0.1 want: ^7.0.1
5459 silly placeDep node_modules/@mapbox/node-pre-gyp agent-base@7.1.4 OK for: https-proxy-agent@7.0.6 want: ^7.1.2
5460 silly placeDep ROOT whatwg-url@5.0.0 OK for: node-fetch@2.7.0 want: ^5.0.0
5461 silly fetch manifest tr46@~0.0.3
5462 silly packumentCache full:https://registry.npmjs.org/tr46 cache-miss
5463 silly fetch manifest webidl-conversions@^3.0.0
5464 silly packumentCache full:https://registry.npmjs.org/webidl-conversions cache-miss
5465 http fetch GET 200 https://registry.npmjs.org/webidl-conversions 67ms (cache miss)
5466 silly packumentCache full:https://registry.npmjs.org/webidl-conversions set size:undefined disposed:false
5467 http fetch GET 200 https://registry.npmjs.org/tr46 74ms (cache miss)
5468 silly packumentCache full:https://registry.npmjs.org/tr46 set size:undefined disposed:false
5469 silly placeDep ROOT tr46@0.0.3 OK for: whatwg-url@5.0.0 want: ~0.0.3
5470 silly placeDep ROOT webidl-conversions@3.0.1 OK for: whatwg-url@5.0.0 want: ^3.0.0
5471 silly placeDep node_modules/@netlify/build-info locate-path@7.2.0 OK for: find-up@7.0.0 want: ^7.2.0
5472 silly placeDep node_modules/@netlify/build-info unicorn-magic@0.1.0 OK for: find-up@7.0.0 want: ^0.1.0
5473 silly placeDep node_modules/@netlify/build get-stream@8.0.1 OK for: execa@8.0.1 want: ^8.0.1
5474 silly placeDep node_modules/@netlify/build human-signals@5.0.0 OK for: execa@8.0.1 want: ^5.0.0
5475 silly placeDep node_modules/@netlify/build is-stream@3.0.0 OK for: execa@8.0.1 want: ^3.0.0
5476 silly placeDep node_modules/@netlify/build npm-run-path@5.3.0 OK for: execa@8.0.1 want: ^5.1.0
5477 silly placeDep node_modules/@netlify/build onetime@6.0.0 OK for: execa@8.0.1 want: ^6.0.0
5478 silly placeDep node_modules/@netlify/build signal-exit@4.1.0 OK for: execa@8.0.1 want: ^4.1.0
5479 silly placeDep node_modules/@netlify/build strip-final-newline@3.0.0 OK for: execa@8.0.1 want: ^3.0.0
5480 silly fetch manifest path-key@^4.0.0
5481 silly packumentCache full:https://registry.npmjs.org/path-key cache-miss
5482 http cache https://registry.npmjs.org/path-key 15ms (cache hit)
5483 silly packumentCache full:https://registry.npmjs.org/path-key set size:16975 disposed:false
5484 silly placeDep node_modules/@netlify/build path-key@4.0.0 OK for: npm-run-path@5.3.0 want: ^4.0.0
5485 silly placeDep node_modules/@netlify/build supports-hyperlinks@3.2.0 OK for: terminal-link@4.0.0 want: ^3.2.0
5486 silly fetch manifest has-flag@^4.0.0
5487 silly packumentCache full:https://registry.npmjs.org/has-flag cache-miss
5488 silly fetch manifest supports-color@^7.0.0
5489 silly packumentCache full:https://registry.npmjs.org/supports-color cache-hit
5490 http cache https://registry.npmjs.org/has-flag 21ms (cache hit)
5491 silly packumentCache full:https://registry.npmjs.org/has-flag set size:15180 disposed:false
5492 silly placeDep node_modules/@netlify/build has-flag@4.0.0 OK for: supports-hyperlinks@3.2.0 want: ^4.0.0
5493 silly placeDep node_modules/@netlify/build/node_modules/supports-hyperlinks supports-color@7.2.0 OK for: supports-hyperlinks@3.2.0 want: ^7.0.0
5494 silly placeDep node_modules/@netlify/config get-stream@8.0.1 OK for: execa@8.0.1 want: ^8.0.1
5495 silly placeDep node_modules/@netlify/config human-signals@5.0.0 OK for: execa@8.0.1 want: ^5.0.0
5496 silly placeDep node_modules/@netlify/config is-stream@3.0.0 OK for: execa@8.0.1 want: ^3.0.0
5497 silly placeDep node_modules/@netlify/config npm-run-path@5.3.0 OK for: execa@8.0.1 want: ^5.1.0
5498 silly placeDep node_modules/@netlify/config onetime@6.0.0 OK for: execa@8.0.1 want: ^6.0.0
5499 silly placeDep node_modules/@netlify/config signal-exit@4.1.0 OK for: execa@8.0.1 want: ^4.1.0
5500 silly placeDep node_modules/@netlify/config strip-final-newline@3.0.0 OK for: execa@8.0.1 want: ^3.0.0
5501 silly placeDep node_modules/@netlify/config locate-path@7.2.0 OK for: find-up@7.0.0 want: ^7.2.0
5502 silly placeDep node_modules/@netlify/config unicorn-magic@0.1.0 OK for: find-up@7.0.0 want: ^0.1.0
5503 silly placeDep node_modules/@netlify/config path-key@4.0.0 OK for: npm-run-path@5.3.0 want: ^4.0.0
5504 silly placeDep node_modules/@netlify/edge-bundler get-stream@8.0.1 OK for: execa@8.0.1 want: ^8.0.1
5505 silly placeDep node_modules/@netlify/edge-bundler human-signals@5.0.0 OK for: execa@8.0.1 want: ^5.0.0
5506 silly placeDep node_modules/@netlify/edge-bundler is-stream@3.0.0 OK for: execa@8.0.1 want: ^3.0.0
5507 silly placeDep node_modules/@netlify/edge-bundler npm-run-path@5.3.0 OK for: execa@8.0.1 want: ^5.1.0
5508 silly placeDep node_modules/@netlify/edge-bundler onetime@6.0.0 OK for: execa@8.0.1 want: ^6.0.0
5509 silly placeDep node_modules/@netlify/edge-bundler signal-exit@4.1.0 OK for: execa@8.0.1 want: ^4.1.0
5510 silly placeDep node_modules/@netlify/edge-bundler strip-final-newline@3.0.0 OK for: execa@8.0.1 want: ^3.0.0
5511 silly placeDep node_modules/@netlify/edge-bundler locate-path@7.2.0 OK for: find-up@7.0.0 want: ^7.2.0
5512 silly placeDep node_modules/@netlify/edge-bundler unicorn-magic@0.1.0 OK for: find-up@7.0.0 want: ^0.1.0
5513 silly placeDep node_modules/@netlify/edge-bundler path-key@4.0.0 OK for: npm-run-path@5.3.0 want: ^4.0.0
5514 silly placeDep node_modules/@netlify/run-utils get-stream@8.0.1 OK for: execa@8.0.1 want: ^8.0.1
5515 silly placeDep node_modules/@netlify/run-utils human-signals@5.0.0 OK for: execa@8.0.1 want: ^5.0.0
5516 silly placeDep node_modules/@netlify/run-utils is-stream@3.0.0 OK for: execa@8.0.1 want: ^3.0.0
5517 silly placeDep node_modules/@netlify/run-utils npm-run-path@5.3.0 OK for: execa@8.0.1 want: ^5.1.0
5518 silly placeDep node_modules/@netlify/run-utils onetime@6.0.0 OK for: execa@8.0.1 want: ^6.0.0
5519 silly placeDep node_modules/@netlify/run-utils signal-exit@4.1.0 OK for: execa@8.0.1 want: ^4.1.0
5520 silly placeDep node_modules/@netlify/run-utils strip-final-newline@3.0.0 OK for: execa@8.0.1 want: ^3.0.0
5521 silly placeDep node_modules/@netlify/run-utils path-key@4.0.0 OK for: npm-run-path@5.3.0 want: ^4.0.0
5522 silly placeDep node_modules/@netlify/zip-it-and-ship-it @netlify/types@2.8.0 OK for: @netlify/serverless-functions-api@2.18.0 want: ^2.8.0
5523 silly placeDep node_modules/@netlify/zip-it-and-ship-it get-stream@8.0.1 OK for: execa@8.0.1 want: ^8.0.1
5524 silly placeDep node_modules/@netlify/zip-it-and-ship-it human-signals@5.0.0 OK for: execa@8.0.1 want: ^5.0.0
5525 silly placeDep node_modules/@netlify/zip-it-and-ship-it is-stream@3.0.0 OK for: execa@8.0.1 want: ^3.0.0
5526 silly placeDep node_modules/@netlify/zip-it-and-ship-it npm-run-path@5.3.0 OK for: execa@8.0.1 want: ^5.1.0
5527 silly placeDep node_modules/@netlify/zip-it-and-ship-it onetime@6.0.0 OK for: execa@8.0.1 want: ^6.0.0
5528 silly placeDep node_modules/@netlify/zip-it-and-ship-it signal-exit@4.1.0 OK for: execa@8.0.1 want: ^4.1.0
5529 silly placeDep node_modules/@netlify/zip-it-and-ship-it strip-final-newline@3.0.0 OK for: execa@8.0.1 want: ^3.0.0
5530 silly placeDep node_modules/@netlify/zip-it-and-ship-it unicorn-magic@0.1.0 OK for: find-up@7.0.0 want: ^0.1.0
5531 silly placeDep node_modules/@netlify/zip-it-and-ship-it path-key@4.0.0 OK for: npm-run-path@5.3.0 want: ^4.0.0
5532 silly placeDep node_modules/@octokit/plugin-paginate-rest @octokit/openapi-types@27.0.0 OK for: @octokit/types@16.0.0 want: ^27.0.0
5533 silly placeDep node_modules/@octokit/plugin-rest-endpoint-methods @octokit/openapi-types@27.0.0 OK for: @octokit/types@16.0.0 want: ^27.0.0
5534 silly placeDep node_modules/ansi-align emoji-regex@8.0.0 OK for: string-width@4.2.3 want: ^8.0.0
5535 silly placeDep node_modules/ansi-align is-fullwidth-code-point@3.0.0 OK for: string-width@4.2.3 want: ^3.0.0
5536 silly placeDep node_modules/better-ajv-errors ansi-styles@4.3.0 OK for: chalk@4.1.2 want: ^4.1.0
5537 silly placeDep node_modules/better-ajv-errors supports-color@7.2.0 OK for: chalk@4.1.2 want: ^7.1.0
5538 silly fetch manifest color-convert@^2.0.1
5539 silly packumentCache full:https://registry.npmjs.org/color-convert cache-miss
5540 http cache https://registry.npmjs.org/color-convert 22ms (cache hit)
5541 silly packumentCache full:https://registry.npmjs.org/color-convert set size:72663 disposed:false
5542 silly placeDep node_modules/better-ajv-errors color-convert@2.0.1 OK for: ansi-styles@4.3.0 want: ^2.0.1
5543 silly placeDep node_modules/better-ajv-errors has-flag@4.0.0 OK for: supports-color@7.2.0 want: ^4.0.0
5544 silly placeDep ROOT util-deprecate@1.0.2 OK for: readable-stream@3.6.2 want: ^1.0.1
5545 silly placeDep ROOT unpipe@1.0.0 OK for: raw-body@3.0.2 want: ~1.0.0
5546 silly placeDep node_modules/cliui emoji-regex@8.0.0 OK for: string-width@4.2.3 want: ^8.0.0
5547 silly placeDep node_modules/cliui is-fullwidth-code-point@3.0.0 OK for: string-width@4.2.3 want: ^3.0.0
5548 silly placeDep node_modules/cliui ansi-styles@4.3.0 OK for: wrap-ansi@7.0.0 want: ^4.0.0
5549 silly placeDep node_modules/cliui color-convert@2.0.1 OK for: ansi-styles@4.3.0 want: ^2.0.1
5550 silly placeDep node_modules/csso mdn-data@2.0.28 OK for: css-tree@2.2.1 want: 2.0.28
5551 silly placeDep ROOT tagged-tag@1.0.0 OK for: type-fest@5.10.0 want: ^1.0.0
5552 silly placeDep ROOT core-util-is@1.0.3 OK for: readable-stream@2.3.8 want: ~1.0.0
5553 silly placeDep node_modules/from2 isarray@1.0.0 OK for: readable-stream@2.3.8 want: ~1.0.0
5554 silly placeDep ROOT process-nextick-args@2.0.1 OK for: readable-stream@2.3.8 want: ~2.0.0
5555 silly placeDep node_modules/from2 safe-buffer@5.1.2 OK for: readable-stream@2.3.8 want: ~5.1.1
5556 silly placeDep node_modules/from2 string_decoder@1.1.1 OK for: readable-stream@2.3.8 want: ~1.1.1
5557 silly placeDep node_modules/inquirer-autocomplete-prompt type-fest@0.21.3 OK for: ansi-escapes@4.3.2 want: ^0.21.3
5558 silly placeDep node_modules/inquirer-autocomplete-prompt ansi-styles@4.3.0 OK for: chalk@4.1.2 want: ^4.1.0
5559 silly placeDep node_modules/inquirer-autocomplete-prompt supports-color@7.2.0 OK for: chalk@4.1.2 want: ^7.1.0
5560 silly placeDep node_modules/inquirer-autocomplete-prompt color-convert@2.0.1 OK for: ansi-styles@4.3.0 want: ^2.0.1
5561 silly placeDep node_modules/inquirer-autocomplete-prompt escape-string-regexp@1.0.5 OK for: figures@3.2.0 want: ^1.0.5
5562 silly placeDep node_modules/inquirer-autocomplete-prompt tslib@1.14.1 OK for: rxjs@6.6.7 want: ^1.9.0
5563 silly placeDep node_modules/inquirer-autocomplete-prompt has-flag@4.0.0 OK for: supports-color@7.2.0 want: ^4.0.0
5564 silly placeDep node_modules/inquirer type-fest@0.21.3 OK for: ansi-escapes@4.3.2 want: ^0.21.3
5565 silly placeDep node_modules/inquirer ansi-styles@4.3.0 OK for: chalk@4.1.2 want: ^4.1.0
5566 silly placeDep node_modules/inquirer supports-color@7.2.0 OK for: chalk@4.1.2 want: ^7.1.0
5567 silly placeDep node_modules/inquirer color-convert@2.0.1 OK for: ansi-styles@4.3.0 want: ^2.0.1
5568 silly placeDep node_modules/inquirer escape-string-regexp@1.0.5 OK for: figures@3.2.0 want: ^1.0.5
5569 silly placeDep node_modules/inquirer emoji-regex@8.0.0 OK for: string-width@4.2.3 want: ^8.0.0
5570 silly placeDep node_modules/inquirer is-fullwidth-code-point@3.0.0 OK for: string-width@4.2.3 want: ^3.0.0
5571 silly placeDep node_modules/inquirer has-flag@4.0.0 OK for: supports-color@7.2.0 want: ^4.0.0
5572 silly placeDep node_modules/ipx @netlify/dev-utils@5.0.0 OK for: @netlify/blobs@10.7.13 want: 5.0.0
5573 silly placeDep node_modules/ipx @netlify/otel@6.0.6 OK for: @netlify/blobs@10.7.13 want: ^6.0.6
5574 silly placeDep node_modules/ipx @netlify/runtime-utils@2.3.0 OK for: @netlify/blobs@10.7.13 want: 2.3.0
5575 silly fetch manifest chokidar@^4.0.1
5576 silly packumentCache full:https://registry.npmjs.org/chokidar cache-miss
5577 silly fetch manifest @opentelemetry/core@2.8.0
5578 silly packumentCache full:https://registry.npmjs.org/@opentelemetry%2fcore cache-miss
5579 silly fetch manifest @opentelemetry/resources@2.9.0
5580 silly packumentCache full:https://registry.npmjs.org/@opentelemetry%2fresources cache-miss
5581 http cache https://registry.npmjs.org/chokidar 43ms (cache hit)
5582 silly packumentCache full:https://registry.npmjs.org/chokidar set size:255902 disposed:false
5583 silly fetch manifest @opentelemetry/sdk-trace-node@2.9.0
5584 silly packumentCache full:https://registry.npmjs.org/@opentelemetry%2fsdk-trace-node cache-miss
5585 http cache https://registry.npmjs.org/@opentelemetry%2fcore 57ms (cache hit)
5586 silly packumentCache full:https://registry.npmjs.org/@opentelemetry%2fcore set size:843345 disposed:false
5587 silly fetch manifest @opentelemetry/instrumentation@^0.220.0
5588 silly packumentCache full:https://registry.npmjs.org/@opentelemetry%2finstrumentation cache-miss
5589 http cache https://registry.npmjs.org/@opentelemetry%2fresources 87ms (cache hit)
5590 silly packumentCache full:https://registry.npmjs.org/@opentelemetry%2fresources set size:747652 disposed:false
5591 http cache https://registry.npmjs.org/@opentelemetry%2fsdk-trace-node 73ms (cache hit)
5592 silly packumentCache full:https://registry.npmjs.org/@opentelemetry%2fsdk-trace-node set size:296320 disposed:false
5593 http cache https://registry.npmjs.org/@opentelemetry%2finstrumentation 65ms (cache hit)
5594 silly packumentCache full:https://registry.npmjs.org/@opentelemetry%2finstrumentation set size:729348 disposed:false
5595 silly placeDep node_modules/ipx/node_modules/@netlify/dev-utils chokidar@4.0.3 OK for: @netlify/dev-utils@5.0.0 want: ^4.0.1
5596 silly placeDep node_modules/ipx dot-prop@9.0.0 OK for: @netlify/dev-utils@5.0.0 want: 9.0.0
5597 silly placeDep node_modules/ipx env-paths@3.0.0 OK for: @netlify/dev-utils@5.0.0 want: ^3.0.0
5598 silly fetch manifest readdirp@^4.0.1
5599 silly packumentCache full:https://registry.npmjs.org/readdirp cache-hit
5600 silly placeDep node_modules/ipx @opentelemetry/core@2.8.0 OK for: @netlify/otel@6.0.6 want: 2.8.0
5601 silly placeDep node_modules/ipx @opentelemetry/instrumentation@0.220.0 OK for: @netlify/otel@6.0.6 want: ^0.220.0
5602 silly placeDep node_modules/ipx @opentelemetry/resources@2.9.0 OK for: @netlify/otel@6.0.6 want: 2.9.0
5603 silly placeDep node_modules/ipx @opentelemetry/sdk-trace-node@2.9.0 OK for: @netlify/otel@6.0.6 want: 2.9.0
5604 silly fetch manifest @opentelemetry/api-logs@0.220.0
5605 silly packumentCache full:https://registry.npmjs.org/@opentelemetry%2fapi-logs cache-miss
5606 silly fetch manifest @opentelemetry/core@2.9.0
5607 silly packumentCache full:https://registry.npmjs.org/@opentelemetry%2fcore cache-hit
5608 silly fetch manifest @opentelemetry/core@2.9.0
5609 silly packumentCache full:https://registry.npmjs.org/@opentelemetry%2fcore cache-hit
5610 silly fetch manifest @opentelemetry/sdk-trace-base@2.9.0
5611 silly packumentCache full:https://registry.npmjs.org/@opentelemetry%2fsdk-trace-base cache-miss
5612 silly fetch manifest @opentelemetry/context-async-hooks@2.9.0
5613 silly packumentCache full:https://registry.npmjs.org/@opentelemetry%2fcontext-async-hooks cache-miss
5614 http cache https://registry.npmjs.org/@opentelemetry%2fcontext-async-hooks 44ms (cache hit)
5615 silly packumentCache full:https://registry.npmjs.org/@opentelemetry%2fcontext-async-hooks set size:470598 disposed:false
5616 http cache https://registry.npmjs.org/@opentelemetry%2fapi-logs 66ms (cache hit)
5617 silly packumentCache full:https://registry.npmjs.org/@opentelemetry%2fapi-logs set size:238364 disposed:false
5618 http cache https://registry.npmjs.org/@opentelemetry%2fsdk-trace-base 70ms (cache hit)
5619 silly packumentCache full:https://registry.npmjs.org/@opentelemetry%2fsdk-trace-base set size:348223 disposed:false
5620 silly placeDep node_modules/ipx @opentelemetry/api-logs@0.220.0 OK for: @opentelemetry/instrumentation@0.220.0 want: 0.220.0
5621 silly placeDep node_modules/ipx/node_modules/@opentelemetry/resources @opentelemetry/core@2.9.0 OK for: @opentelemetry/resources@2.9.0 want: 2.9.0
5622 silly placeDep node_modules/ipx @opentelemetry/context-async-hooks@2.9.0 OK for: @opentelemetry/sdk-trace-node@2.9.0 want: 2.9.0
5623 silly placeDep node_modules/ipx/node_modules/@opentelemetry/sdk-trace-node @opentelemetry/core@2.9.0 OK for: @opentelemetry/sdk-trace-node@2.9.0 want: 2.9.0
5624 silly placeDep node_modules/ipx @opentelemetry/sdk-trace-base@2.9.0 OK for: @opentelemetry/sdk-trace-node@2.9.0 want: 2.9.0
5625 silly fetch manifest @opentelemetry/sdk-trace@2.9.0
5626 silly packumentCache full:https://registry.npmjs.org/@opentelemetry%2fsdk-trace cache-miss
5627 http cache https://registry.npmjs.org/@opentelemetry%2fsdk-trace 15ms (cache hit)
5628 silly packumentCache full:https://registry.npmjs.org/@opentelemetry%2fsdk-trace set size:23973 disposed:false
5629 silly placeDep node_modules/ipx/node_modules/@opentelemetry/sdk-trace-base @opentelemetry/core@2.9.0 OK for: @opentelemetry/sdk-trace-base@2.9.0 want: 2.9.0
5630 silly placeDep node_modules/ipx @opentelemetry/sdk-trace@2.9.0 OK for: @opentelemetry/sdk-trace-base@2.9.0 want: 2.9.0
5631 silly placeDep node_modules/ipx/node_modules/@opentelemetry/sdk-trace @opentelemetry/core@2.9.0 OK for: @opentelemetry/sdk-trace@2.9.0 want: 2.9.0
5632 silly placeDep ROOT anymatch@3.1.3 OK for: unstorage@1.17.5 want: ^3.1.3
5633 silly placeDep node_modules/ipx lru-cache@11.5.3 OK for: unstorage@1.17.5 want: ^11.2.7
5634 silly fetch manifest picomatch@^2.0.4
5635 silly packumentCache full:https://registry.npmjs.org/picomatch cache-hit
5636 silly placeDep node_modules/anymatch picomatch@2.3.2 OK for: anymatch@3.1.3 want: ^2.0.4
5637 silly placeDep node_modules/lazystream isarray@1.0.0 OK for: readable-stream@2.3.8 want: ~1.0.0
5638 silly placeDep node_modules/lazystream safe-buffer@5.1.2 OK for: readable-stream@2.3.8 want: ~5.1.1
5639 silly placeDep node_modules/lazystream string_decoder@1.1.1 OK for: readable-stream@2.3.8 want: ~1.1.1
5640 silly placeDep node_modules/log-symbols ansi-styles@4.3.0 OK for: chalk@4.1.2 want: ^4.1.0
5641 silly placeDep node_modules/log-symbols supports-color@7.2.0 OK for: chalk@4.1.2 want: ^7.1.0
5642 silly placeDep node_modules/log-symbols color-convert@2.0.1 OK for: ansi-styles@4.3.0 want: ^2.0.1
5643 silly placeDep node_modules/log-symbols has-flag@4.0.0 OK for: supports-color@7.2.0 want: ^4.0.0
5644 silly placeDep node_modules/log-update restore-cursor@5.1.0 OK for: cli-cursor@5.0.0 want: ^5.0.0
5645 silly fetch manifest onetime@^7.0.0
5646 silly packumentCache full:https://registry.npmjs.org/onetime cache-hit
5647 silly placeDep node_modules/log-update onetime@7.0.0 OK for: restore-cursor@5.1.0 want: ^7.0.0
5648 silly placeDep node_modules/log-update signal-exit@4.1.0 OK for: restore-cursor@5.1.0 want: ^4.1.0
5649 silly fetch manifest mimic-function@^5.0.0
5650 silly packumentCache full:https://registry.npmjs.org/mimic-function cache-miss
5651 http fetch GET 200 https://registry.npmjs.org/mimic-function 72ms (cache miss)
5652 silly packumentCache full:https://registry.npmjs.org/mimic-function set size:undefined disposed:false
5653 silly placeDep ROOT mimic-function@5.0.1 OK for: onetime@7.0.0 want: ^5.0.0
5654 silly placeDep node_modules/log-update ansi-regex@6.4.0 OK for: strip-ansi@7.2.0 want: ^6.2.2
5655 silly placeDep node_modules/multiparty statuses@2.0.1 OK for: http-errors@2.0.0 want: 2.0.1
5656 silly placeDep node_modules/ora ansi-styles@4.3.0 OK for: chalk@4.1.2 want: ^4.1.0
5657 silly placeDep node_modules/ora supports-color@7.2.0 OK for: chalk@4.1.2 want: ^7.1.0
5658 silly placeDep node_modules/ora color-convert@2.0.1 OK for: ansi-styles@4.3.0 want: ^2.0.1
5659 silly placeDep node_modules/ora has-flag@4.0.0 OK for: supports-color@7.2.0 want: ^4.0.0
5660 silly placeDep node_modules/parallel-transform isarray@1.0.0 OK for: readable-stream@2.3.8 want: ~1.0.0
5661 silly placeDep node_modules/parallel-transform safe-buffer@5.1.2 OK for: readable-stream@2.3.8 want: ~5.1.1
5662 silly placeDep node_modules/parallel-transform string_decoder@1.1.1 OK for: readable-stream@2.3.8 want: ~1.1.1
5663 silly placeDep node_modules/read-package-up normalize-package-data@8.0.0 OK for: read-pkg@10.1.0 want: ^8.0.0
5664 silly placeDep node_modules/read-package-up unicorn-magic@0.4.1 OK for: read-pkg@10.1.0 want: ^0.4.0
5665 silly fetch manifest hosted-git-info@^9.0.0
5666 silly packumentCache full:https://registry.npmjs.org/hosted-git-info cache-hit
5667 silly placeDep node_modules/read-package-up hosted-git-info@9.0.3 OK for: normalize-package-data@8.0.0 want: ^9.0.0
5668 silly fetch manifest lru-cache@^11.1.0
5669 silly packumentCache full:https://registry.npmjs.org/lru-cache cache-hit
5670 silly placeDep node_modules/read-package-up lru-cache@11.5.3 OK for: hosted-git-info@9.0.3 want: ^11.1.0
5671 silly placeDep node_modules/read-pkg hosted-git-info@7.0.2 OK for: normalize-package-data@6.0.2 want: ^7.0.0
5672 silly placeDep node_modules/string-width ansi-regex@6.4.0 OK for: strip-ansi@7.2.0 want: ^6.2.2
5673 silly placeDep node_modules/through2 isarray@1.0.0 OK for: readable-stream@2.3.8 want: ~1.0.0
5674 silly placeDep node_modules/through2 safe-buffer@5.1.2 OK for: readable-stream@2.3.8 want: ~5.1.1
5675 silly placeDep node_modules/through2 string_decoder@1.1.1 OK for: readable-stream@2.3.8 want: ~1.1.1
5676 silly placeDep ROOT remove-trailing-separator@1.1.0 OK for: normalize-path@2.1.1 want: ^1.0.1
5677 silly placeDep node_modules/windows-release get-stream@8.0.1 OK for: execa@8.0.1 want: ^8.0.1
5678 silly placeDep node_modules/windows-release human-signals@5.0.0 OK for: execa@8.0.1 want: ^5.0.0
5679 silly placeDep node_modules/windows-release is-stream@3.0.0 OK for: execa@8.0.1 want: ^3.0.0
5680 silly placeDep node_modules/windows-release npm-run-path@5.3.0 OK for: execa@8.0.1 want: ^5.1.0
5681 silly placeDep node_modules/windows-release onetime@6.0.0 OK for: execa@8.0.1 want: ^6.0.0
5682 silly placeDep node_modules/windows-release signal-exit@4.1.0 OK for: execa@8.0.1 want: ^4.1.0
5683 silly placeDep node_modules/windows-release strip-final-newline@3.0.0 OK for: execa@8.0.1 want: ^3.0.0
5684 silly placeDep node_modules/windows-release path-key@4.0.0 OK for: npm-run-path@5.3.0 want: ^4.0.0
5685 silly placeDep node_modules/wrap-ansi ansi-regex@6.4.0 OK for: strip-ansi@7.2.0 want: ^6.2.2
5686 silly placeDep node_modules/yargs emoji-regex@8.0.0 OK for: string-width@4.2.3 want: ^8.0.0
5687 silly placeDep node_modules/yargs is-fullwidth-code-point@3.0.0 OK for: string-width@4.2.3 want: ^3.0.0
5688 silly placeDep node_modules/ipx readdirp@4.1.2 OK for: chokidar@4.0.3 want: ^4.0.1
5689 silly reify moves {}
5690 http cache @parcel/watcher-wasm@https://registry.npmjs.org/@parcel/watcher-wasm/-/watcher-wasm-2.6.0.tgz 0ms (cache hit)
5691 silly tarball no local data for @parcel/watcher-wasm@https://registry.npmjs.org/@parcel/watcher-wasm/-/watcher-wasm-2.6.0.tgz. Extracting by manifest.
5692 http fetch GET 200 https://registry.npmjs.org/@parcel/watcher-wasm/-/watcher-wasm-2.6.0.tgz 829ms (cache miss)
5693 http cache mimic-function@https://registry.npmjs.org/mimic-function/-/mimic-function-5.0.1.tgz 0ms (cache hit)
5694 http cache anymatch@https://registry.npmjs.org/anymatch/-/anymatch-3.1.3.tgz 0ms (cache hit)
5695 http cache core-util-is@https://registry.npmjs.org/core-util-is/-/core-util-is-1.0.3.tgz 0ms (cache hit)
5696 http cache tagged-tag@https://registry.npmjs.org/tagged-tag/-/tagged-tag-1.0.0.tgz 0ms (cache hit)
5697 http cache unpipe@https://registry.npmjs.org/unpipe/-/unpipe-1.0.0.tgz 0ms (cache hit)
5698 http cache process-nextick-args@https://registry.npmjs.org/process-nextick-args/-/process-nextick-args-2.0.1.tgz 0ms (cache hit)
5699 http cache util-deprecate@https://registry.npmjs.org/util-deprecate/-/util-deprecate-1.0.2.tgz 0ms (cache hit)
5700 http cache webidl-conversions@https://registry.npmjs.org/webidl-conversions/-/webidl-conversions-3.0.1.tgz 0ms (cache hit)
5701 http cache remove-trailing-separator@https://registry.npmjs.org/remove-trailing-separator/-/remove-trailing-separator-1.1.0.tgz 0ms (cache hit)
5702 http cache whatwg-url@https://registry.npmjs.org/whatwg-url/-/whatwg-url-5.0.0.tgz 0ms (cache hit)
5703 http cache crc32-stream@https://registry.npmjs.org/crc32-stream/-/crc32-stream-7.0.1.tgz 0ms (cache hit)
5704 http cache compress-commons@https://registry.npmjs.org/compress-commons/-/compress-commons-7.0.1.tgz 0ms (cache hit)
5705 http cache crc-32@https://registry.npmjs.org/crc-32/-/crc-32-1.2.2.tgz 0ms (cache hit)
5706 http cache yargs-parser@https://registry.npmjs.org/yargs-parser/-/yargs-parser-21.1.1.tgz 0ms (cache hit)
5707 http cache y18n@https://registry.npmjs.org/y18n/-/y18n-5.0.8.tgz 0ms (cache hit)
5708 http cache require-directory@https://registry.npmjs.org/require-directory/-/require-directory-2.1.1.tgz 0ms (cache hit)
5709 http cache get-caller-file@https://registry.npmjs.org/get-caller-file/-/get-caller-file-2.0.5.tgz 0ms (cache hit)
5710 http cache escalade@https://registry.npmjs.org/escalade/-/escalade-3.2.0.tgz 0ms (cache hit)
5711 http cache pend@https://registry.npmjs.org/pend/-/pend-1.2.0.tgz 0ms (cache hit)
5712 http cache cssfilter@https://registry.npmjs.org/cssfilter/-/cssfilter-0.0.10.tgz 0ms (cache hit)
5713 http cache cliui@https://registry.npmjs.org/cliui/-/cliui-8.0.1.tgz 0ms (cache hit)
5714 http cache imurmurhash@https://registry.npmjs.org/imurmurhash/-/imurmurhash-0.1.4.tgz 0ms (cache hit)
5715 http cache fn.name@https://registry.npmjs.org/fn.name/-/fn.name-1.1.0.tgz 0ms (cache hit)
5716 http cache @types/triple-beam@https://registry.npmjs.org/@types/triple-beam/-/triple-beam-1.3.5.tgz 0ms (cache hit)
5717 http cache color-string@https://registry.npmjs.org/color-string/-/color-string-2.1.4.tgz 0ms (cache hit)
5718 http cache tr46@https://registry.npmjs.org/tr46/-/tr46-0.0.3.tgz 0ms (cache hit)
5719 http cache fecha@https://registry.npmjs.org/fecha/-/fecha-4.2.3.tgz 0ms (cache hit)
5720 http cache text-hex@https://registry.npmjs.org/text-hex/-/text-hex-1.0.0.tgz 1ms (cache hit)
5721 http cache color-convert@https://registry.npmjs.org/color-convert/-/color-convert-3.1.3.tgz 0ms (cache hit)
5722 http cache color@https://registry.npmjs.org/color/-/color-5.0.3.tgz 0ms (cache hit)
5723 http cache kuler@https://registry.npmjs.org/kuler/-/kuler-2.0.0.tgz 0ms (cache hit)
5724 http cache enabled@https://registry.npmjs.org/enabled/-/enabled-2.0.0.tgz 1ms (cache hit)
5725 http cache triple-beam@https://registry.npmjs.org/triple-beam/-/triple-beam-1.4.1.tgz 1ms (cache hit)
5726 http cache @so-ric/colorspace@https://registry.npmjs.org/@so-ric/colorspace/-/colorspace-1.1.6.tgz 0ms (cache hit)
5727 http cache winston-transport@https://registry.npmjs.org/winston-transport/-/winston-transport-4.9.0.tgz 0ms (cache hit)
5728 http cache stack-trace@https://registry.npmjs.org/stack-trace/-/stack-trace-0.0.10.tgz 0ms (cache hit)
5729 http cache one-time@https://registry.npmjs.org/one-time/-/one-time-1.0.0.tgz 0ms (cache hit)
5730 http cache logform@https://registry.npmjs.org/logform/-/logform-2.7.0.tgz 0ms (cache hit)
5731 http cache @colors/colors@https://registry.npmjs.org/@colors/colors/-/colors-1.6.1.tgz 0ms (cache hit)
5732 http cache @dabh/diagnostics@https://registry.npmjs.org/@dabh/diagnostics/-/diagnostics-2.0.9.tgz 0ms (cache hit)
5733 http cache is-weakset@https://registry.npmjs.org/is-weakset/-/is-weakset-2.0.4.tgz 0ms (cache hit)
5734 http cache is-weakmap@https://registry.npmjs.org/is-weakmap/-/is-weakmap-2.0.2.tgz 0ms (cache hit)
5735 http cache is-map@https://registry.npmjs.org/is-map/-/is-map-2.0.3.tgz 0ms (cache hit)
5736 http cache async-function@https://registry.npmjs.org/async-function/-/async-function-1.0.0.tgz 0ms (cache hit)
5737 http cache generator-function@https://registry.npmjs.org/generator-function/-/generator-function-2.0.1.tgz 0ms (cache hit)
5738 http cache which-collection@https://registry.npmjs.org/which-collection/-/which-collection-1.0.2.tgz 0ms (cache hit)
5739 http cache is-generator-function@https://registry.npmjs.org/is-generator-function/-/is-generator-function-1.1.2.tgz 0ms (cache hit)
5740 http cache is-finalizationregistry@https://registry.npmjs.org/is-finalizationregistry/-/is-finalizationregistry-1.1.1.tgz 0ms (cache hit)
5741 http cache is-async-function@https://registry.npmjs.org/is-async-function/-/is-async-function-2.1.1.tgz 0ms (cache hit)
5742 http cache is-number-object@https://registry.npmjs.org/is-number-object/-/is-number-object-1.1.1.tgz 0ms (cache hit)
5743 http cache is-boolean-object@https://registry.npmjs.org/is-boolean-object/-/is-boolean-object-1.2.2.tgz 1ms (cache hit)
5744 http cache is-bigint@https://registry.npmjs.org/is-bigint/-/is-bigint-1.1.0.tgz 0ms (cache hit)
5745 http cache clone@https://registry.npmjs.org/clone/-/clone-1.0.4.tgz 1ms (cache hit)
5746 http cache defaults@https://registry.npmjs.org/defaults/-/defaults-1.0.4.tgz 0ms (cache hit)
5747 http cache spdx-expression-parse@https://registry.npmjs.org/spdx-expression-parse/-/spdx-expression-parse-3.0.1.tgz 0ms (cache hit)
5748 http cache spdx-license-ids@https://registry.npmjs.org/spdx-license-ids/-/spdx-license-ids-3.0.24.tgz 0ms (cache hit)
5749 http cache spdx-exceptions@https://registry.npmjs.org/spdx-exceptions/-/spdx-exceptions-2.5.0.tgz 0ms (cache hit)
5750 http cache spdx-correct@https://registry.npmjs.org/spdx-correct/-/spdx-correct-3.2.0.tgz 0ms (cache hit)
5751 http cache deep-extend@https://registry.npmjs.org/deep-extend/-/deep-extend-0.6.0.tgz 0ms (cache hit)
5752 http cache strip-json-comments@https://registry.npmjs.org/strip-json-comments/-/strip-json-comments-2.0.1.tgz 0ms (cache hit)
5753 http cache rc@https://registry.npmjs.org/rc/-/rc-1.2.8.tgz 0ms (cache hit)
5754 http cache proto-list@https://registry.npmjs.org/proto-list/-/proto-list-1.2.4.tgz 0ms (cache hit)
5755 http cache @pnpm/network.ca-file@https://registry.npmjs.org/@pnpm/network.ca-file/-/network.ca-file-1.0.2.tgz 0ms (cache hit)
5756 http cache config-chain@https://registry.npmjs.org/config-chain/-/config-chain-1.1.13.tgz 0ms (cache hit)
5757 http cache @pnpm/config.env-replace@https://registry.npmjs.org/@pnpm/config.env-replace/-/config.env-replace-1.1.0.tgz 0ms (cache hit)
5758 http cache @pnpm/npm-conf@https://registry.npmjs.org/@pnpm/npm-conf/-/npm-conf-3.0.3.tgz 0ms (cache hit)
5759 http cache escape-goat@https://registry.npmjs.org/escape-goat/-/escape-goat-4.0.0.tgz 0ms (cache hit)
5760 http cache registry-url@https://registry.npmjs.org/registry-url/-/registry-url-6.0.1.tgz 0ms (cache hit)
5761 http cache ky@https://registry.npmjs.org/ky/-/ky-1.14.3.tgz 0ms (cache hit)
5762 http cache registry-auth-token@https://registry.npmjs.org/registry-auth-token/-/registry-auth-token-5.1.1.tgz 0ms (cache hit)
5763 http cache package-json@https://registry.npmjs.org/package-json/-/package-json-10.0.1.tgz 0ms (cache hit)
5764 http cache global-directory@https://registry.npmjs.org/global-directory/-/global-directory-4.0.1.tgz 0ms (cache hit)
5765 http cache xdg-basedir@https://registry.npmjs.org/xdg-basedir/-/xdg-basedir-5.1.0.tgz 0ms (cache hit)
5766 http cache is-npm@https://registry.npmjs.org/is-npm/-/is-npm-6.1.0.tgz 1ms (cache hit)
5767 http cache is-installed-globally@https://registry.npmjs.org/is-installed-globally/-/is-installed-globally-1.0.1.tgz 0ms (cache hit)
5768 http cache latest-version@https://registry.npmjs.org/latest-version/-/latest-version-9.0.0.tgz 0ms (cache hit)
5769 http cache is-in-ci@https://registry.npmjs.org/is-in-ci/-/is-in-ci-1.0.0.tgz 0ms (cache hit)
5770 http cache nan@https://registry.npmjs.org/nan/-/nan-2.29.0.tgz 0ms (cache hit)
5771 http cache configstore@https://registry.npmjs.org/configstore/-/configstore-7.1.0.tgz 0ms (cache hit)
5772 http cache which-boxed-primitive@https://registry.npmjs.org/which-boxed-primitive/-/which-boxed-primitive-1.1.1.tgz 0ms (cache hit)
5773 http cache which-builtin-type@https://registry.npmjs.org/which-builtin-type/-/which-builtin-type-1.2.1.tgz 1ms (cache hit)
5774 http cache random-bytes@https://registry.npmjs.org/random-bytes/-/random-bytes-1.0.0.tgz 0ms (cache hit)
5775 http cache has-bigints@https://registry.npmjs.org/has-bigints/-/has-bigints-1.1.0.tgz 0ms (cache hit)
5776 http cache pupa@https://registry.npmjs.org/pupa/-/pupa-3.3.0.tgz 0ms (cache hit)
5777 http cache reflect.getprototypeof@https://registry.npmjs.org/reflect.getprototypeof/-/reflect.getprototypeof-1.0.10.tgz 0ms (cache hit)
5778 http cache for-each@https://registry.npmjs.org/for-each/-/for-each-0.3.5.tgz 0ms (cache hit)
5779 http cache media-typer@https://registry.npmjs.org/media-typer/-/media-typer-1.1.1.tgz 0ms (cache hit)
5780 http cache @jridgewell/resolve-uri@https://registry.npmjs.org/@jridgewell/resolve-uri/-/resolve-uri-3.1.2.tgz 0ms (cache hit)
5781 http cache @jridgewell/trace-mapping@https://registry.npmjs.org/@jridgewell/trace-mapping/-/trace-mapping-0.3.9.tgz 0ms (cache hit)
5782 http cache yn@https://registry.npmjs.org/yn/-/yn-3.1.1.tgz 0ms (cache hit)
5783 http cache v8-compile-cache-lib@https://registry.npmjs.org/v8-compile-cache-lib/-/v8-compile-cache-lib-3.0.1.tgz 0ms (cache hit)
5784 http cache make-error@https://registry.npmjs.org/make-error/-/make-error-1.3.6.tgz 0ms (cache hit)
5785 http cache create-require@https://registry.npmjs.org/create-require/-/create-require-1.1.1.tgz 0ms (cache hit)
5786 http cache diff@https://registry.npmjs.org/diff/-/diff-4.0.4.tgz 0ms (cache hit)
5787 http cache arg@https://registry.npmjs.org/arg/-/arg-4.1.3.tgz 0ms (cache hit)
5788 http cache acorn-walk@https://registry.npmjs.org/acorn-walk/-/acorn-walk-8.3.5.tgz 1ms (cache hit)
5789 http cache @tsconfig/node16@https://registry.npmjs.org/@tsconfig/node16/-/node16-1.0.4.tgz 2ms (cache hit)
5790 http cache @tsconfig/node14@https://registry.npmjs.org/@tsconfig/node14/-/node14-1.0.3.tgz 0ms (cache hit)
5791 http cache @tsconfig/node12@https://registry.npmjs.org/@tsconfig/node12/-/node12-1.0.11.tgz 0ms (cache hit)
5792 http cache @tsconfig/node10@https://registry.npmjs.org/@tsconfig/node10/-/node10-1.0.13.tgz 0ms (cache hit)
5793 http cache is-number@https://registry.npmjs.org/is-number/-/is-number-7.0.0.tgz 0ms (cache hit)
5794 http cache @cspotcode/source-map-support@https://registry.npmjs.org/@cspotcode/source-map-support/-/source-map-support-0.8.1.tgz 0ms (cache hit)
5795 http cache tmp@https://registry.npmjs.org/tmp/-/tmp-0.2.7.tgz 0ms (cache hit)
5796 http cache supports-hyperlinks@https://registry.npmjs.org/supports-hyperlinks/-/supports-hyperlinks-4.6.0.tgz 0ms (cache hit)
5797 http cache has-flag@https://registry.npmjs.org/has-flag/-/has-flag-5.0.1.tgz 0ms (cache hit)
5798 http cache events-universal@https://registry.npmjs.org/events-universal/-/events-universal-1.0.1.tgz 0ms (cache hit)
5799 http cache text-decoder@https://registry.npmjs.org/text-decoder/-/text-decoder-1.2.7.tgz 0ms (cache hit)
5800 http cache teex@https://registry.npmjs.org/teex/-/teex-1.0.1.tgz 0ms (cache hit)
5801 http cache bare-url@https://registry.npmjs.org/bare-url/-/bare-url-2.5.4.tgz 0ms (cache hit)
5802 http cache bare-events@https://registry.npmjs.org/bare-events/-/bare-events-2.9.2.tgz 0ms (cache hit)
5803 http cache bare-stream@https://registry.npmjs.org/bare-stream/-/bare-stream-2.13.4.tgz 0ms (cache hit)
5804 http cache bare-path@https://registry.npmjs.org/bare-path/-/bare-path-3.1.2.tgz 0ms (cache hit)
5805 http cache streamx@https://registry.npmjs.org/streamx/-/streamx-2.28.1.tgz 0ms (cache hit)
5806 http cache bare-fs@https://registry.npmjs.org/bare-fs/-/bare-fs-4.8.2.tgz 0ms (cache hit)
5807 http cache fast-fifo@https://registry.npmjs.org/fast-fifo/-/fast-fifo-1.3.2.tgz 0ms (cache hit)
5808 http cache b4a@https://registry.npmjs.org/b4a/-/b4a-1.9.0.tgz 0ms (cache hit)
5809 http cache yallist@https://registry.npmjs.org/yallist/-/yallist-5.0.0.tgz 0ms (cache hit)
5810 http cache minizlib@https://registry.npmjs.org/minizlib/-/minizlib-3.1.0.tgz 0ms (cache hit)
5811 http cache dom-serializer@https://registry.npmjs.org/dom-serializer/-/dom-serializer-2.0.0.tgz 0ms (cache hit)
5812 http cache @isaacs/fs-minipass@https://registry.npmjs.org/@isaacs/fs-minipass/-/fs-minipass-4.0.1.tgz 0ms (cache hit)
5813 http cache domelementtype@https://registry.npmjs.org/domelementtype/-/domelementtype-2.3.0.tgz 0ms (cache hit)
5814 http cache mdn-data@https://registry.npmjs.org/mdn-data/-/mdn-data-2.27.1.tgz 0ms (cache hit)
5815 http cache chownr@https://registry.npmjs.org/chownr/-/chownr-3.0.0.tgz 0ms (cache hit)
5816 http cache domutils@https://registry.npmjs.org/domutils/-/domutils-3.2.2.tgz 0ms (cache hit)
5817 http cache domhandler@https://registry.npmjs.org/domhandler/-/domhandler-5.0.3.tgz 0ms (cache hit)
5818 http cache boolbase@https://registry.npmjs.org/boolbase/-/boolbase-1.0.0.tgz 0ms (cache hit)
5819 http cache sax@https://registry.npmjs.org/sax/-/sax-1.6.1.tgz 0ms (cache hit)
5820 http cache csso@https://registry.npmjs.org/csso/-/csso-5.0.5.tgz 0ms (cache hit)
5821 http cache css-tree@https://registry.npmjs.org/css-tree/-/css-tree-3.2.1.tgz 0ms (cache hit)
5822 http cache css-select@https://registry.npmjs.org/css-select/-/css-select-6.0.0.tgz 0ms (cache hit)
5823 http cache stubborn-utils@https://registry.npmjs.org/stubborn-utils/-/stubborn-utils-1.0.2.tgz 0ms (cache hit)
5824 http cache ansi-regex@https://registry.npmjs.org/ansi-regex/-/ansi-regex-5.0.1.tgz 0ms (cache hit)
5825 http cache emoji-regex@https://registry.npmjs.org/emoji-regex/-/emoji-regex-10.6.0.tgz 0ms (cache hit)
5826 http cache buffer-from@https://registry.npmjs.org/buffer-from/-/buffer-from-1.1.2.tgz 0ms (cache hit)
5827 http cache get-east-asian-width@https://registry.npmjs.org/get-east-asian-width/-/get-east-asian-width-1.7.0.tgz 0ms (cache hit)
5828 http cache is-fullwidth-code-point@https://registry.npmjs.org/is-fullwidth-code-point/-/is-fullwidth-code-point-5.1.0.tgz 0ms (cache hit)
5829 http cache ansi-styles@https://registry.npmjs.org/ansi-styles/-/ansi-styles-6.2.3.tgz 0ms (cache hit)
5830 http cache side-channel-weakmap@https://registry.npmjs.org/side-channel-weakmap/-/side-channel-weakmap-1.0.2.tgz 0ms (cache hit)
5831 http cache side-channel-map@https://registry.npmjs.org/side-channel-map/-/side-channel-map-1.0.1.tgz 1ms (cache hit)
5832 http cache side-channel-list@https://registry.npmjs.org/side-channel-list/-/side-channel-list-1.0.1.tgz 0ms (cache hit)
5833 http cache shebang-regex@https://registry.npmjs.org/shebang-regex/-/shebang-regex-3.0.0.tgz 0ms (cache hit)
5834 http cache @img/sharp-win32-x64@https://registry.npmjs.org/@img/sharp-win32-x64/-/sharp-win32-x64-0.34.5.tgz 0ms (cache hit)
5835 http cache @img/colour@https://registry.npmjs.org/@img/colour/-/colour-1.1.0.tgz 0ms (cache hit)
5836 http cache ret@https://registry.npmjs.org/ret/-/ret-0.5.0.tgz 0ms (cache hit)
5837 http cache isarray@https://registry.npmjs.org/isarray/-/isarray-2.0.5.tgz 0ms (cache hit)
5838 http cache queue-microtask@https://registry.npmjs.org/queue-microtask/-/queue-microtask-1.2.3.tgz 0ms (cache hit)
5839 http cache path-to-regexp@https://registry.npmjs.org/path-to-regexp/-/path-to-regexp-8.4.2.tgz 0ms (cache hit)
5840 http cache is-promise@https://registry.npmjs.org/is-promise/-/is-promise-4.0.0.tgz 0ms (cache hit)
5841 http cache set-function-name@https://registry.npmjs.org/set-function-name/-/set-function-name-2.0.2.tgz 0ms (cache hit)
5842 http cache dunder-proto@https://registry.npmjs.org/dunder-proto/-/dunder-proto-1.0.1.tgz 0ms (cache hit)
5843 http cache is-document.all@https://registry.npmjs.org/is-document.all/-/is-document.all-1.0.0.tgz 1ms (cache hit)
5844 http cache functions-have-names@https://registry.npmjs.org/functions-have-names/-/functions-have-names-1.2.3.tgz 0ms (cache hit)
5845 http cache is-symbol@https://registry.npmjs.org/is-symbol/-/is-symbol-1.1.1.tgz 0ms (cache hit)
5846 http cache is-date-object@https://registry.npmjs.org/is-date-object/-/is-date-object-1.1.0.tgz 0ms (cache hit)
5847 http cache es-abstract-get@https://registry.npmjs.org/es-abstract-get/-/es-abstract-get-1.0.0.tgz 0ms (cache hit)
5848 http cache has-tostringtag@https://registry.npmjs.org/has-tostringtag/-/has-tostringtag-1.0.2.tgz 1ms (cache hit)
5849 http cache possible-typed-array-names@https://registry.npmjs.org/possible-typed-array-names/-/possible-typed-array-names-1.1.0.tgz 0ms (cache hit)
5850 http cache which-typed-array@https://registry.npmjs.org/which-typed-array/-/which-typed-array-1.1.24.tgz 0ms (cache hit)
5851 http cache unbox-primitive@https://registry.npmjs.org/unbox-primitive/-/unbox-primitive-1.1.0.tgz 0ms (cache hit)
5852 http cache typed-array-length@https://registry.npmjs.org/typed-array-length/-/typed-array-length-1.0.8.tgz 0ms (cache hit)
5853 http cache typed-array-byte-offset@https://registry.npmjs.org/typed-array-byte-offset/-/typed-array-byte-offset-1.0.5.tgz 1ms (cache hit)
5854 http cache typed-array-byte-length@https://registry.npmjs.org/typed-array-byte-length/-/typed-array-byte-length-1.0.3.tgz 0ms (cache hit)
5855 http cache typed-array-buffer@https://registry.npmjs.org/typed-array-buffer/-/typed-array-buffer-1.0.3.tgz 0ms (cache hit)
5856 http cache string.prototype.trimstart@https://registry.npmjs.org/string.prototype.trimstart/-/string.prototype.trimstart-1.0.8.tgz 0ms (cache hit)
5857 http cache string.prototype.trimend@https://registry.npmjs.org/string.prototype.trimend/-/string.prototype.trimend-1.0.10.tgz 0ms (cache hit)
5858 http cache string.prototype.trim@https://registry.npmjs.org/string.prototype.trim/-/string.prototype.trim-1.2.11.tgz 0ms (cache hit)
5859 http cache stop-iteration-iterator@https://registry.npmjs.org/stop-iteration-iterator/-/stop-iteration-iterator-1.1.0.tgz 0ms (cache hit)
5860 http cache set-proto@https://registry.npmjs.org/set-proto/-/set-proto-1.0.0.tgz 0ms (cache hit)
5861 http cache safe-regex-test@https://registry.npmjs.org/safe-regex-test/-/safe-regex-test-1.1.0.tgz 0ms (cache hit)
5862 http cache safe-push-apply@https://registry.npmjs.org/safe-push-apply/-/safe-push-apply-1.0.0.tgz 0ms (cache hit)
5863 http cache safe-array-concat@https://registry.npmjs.org/safe-array-concat/-/safe-array-concat-1.1.4.tgz 0ms (cache hit)
5864 http cache regexp.prototype.flags@https://registry.npmjs.org/regexp.prototype.flags/-/regexp.prototype.flags-1.5.4.tgz 0ms (cache hit)
5865 http cache object.assign@https://registry.npmjs.org/object.assign/-/object.assign-4.1.7.tgz 0ms (cache hit)
5866 http cache object-inspect@https://registry.npmjs.org/object-inspect/-/object-inspect-1.13.4.tgz 0ms (cache hit)
5867 http cache math-intrinsics@https://registry.npmjs.org/math-intrinsics/-/math-intrinsics-1.1.0.tgz 0ms (cache hit)
5868 http cache is-weakref@https://registry.npmjs.org/is-weakref/-/is-weakref-1.1.1.tgz 0ms (cache hit)
5869 http cache is-typed-array@https://registry.npmjs.org/is-typed-array/-/is-typed-array-1.1.15.tgz 0ms (cache hit)
5870 http cache is-string@https://registry.npmjs.org/is-string/-/is-string-1.1.1.tgz 0ms (cache hit)
5871 http cache is-shared-array-buffer@https://registry.npmjs.org/is-shared-array-buffer/-/is-shared-array-buffer-1.0.4.tgz 0ms (cache hit)
5872 http cache is-set@https://registry.npmjs.org/is-set/-/is-set-2.0.3.tgz 0ms (cache hit)
5873 http cache is-regex@https://registry.npmjs.org/is-regex/-/is-regex-1.2.1.tgz 0ms (cache hit)
5874 http cache is-negative-zero@https://registry.npmjs.org/is-negative-zero/-/is-negative-zero-2.0.3.tgz 0ms (cache hit)
5875 http cache is-data-view@https://registry.npmjs.org/is-data-view/-/is-data-view-1.0.2.tgz 0ms (cache hit)
5876 http cache is-callable@https://registry.npmjs.org/is-callable/-/is-callable-1.2.7.tgz 0ms (cache hit)
5877 http cache is-array-buffer@https://registry.npmjs.org/is-array-buffer/-/is-array-buffer-3.0.5.tgz 0ms (cache hit)
5878 http cache internal-slot@https://registry.npmjs.org/internal-slot/-/internal-slot-1.1.0.tgz 0ms (cache hit)
5879 http cache has-symbols@https://registry.npmjs.org/has-symbols/-/has-symbols-1.1.0.tgz 0ms (cache hit)
5880 http cache has-proto@https://registry.npmjs.org/has-proto/-/has-proto-1.2.0.tgz 0ms (cache hit)
5881 http cache globalthis@https://registry.npmjs.org/globalthis/-/globalthis-1.0.4.tgz 0ms (cache hit)
5882 http cache get-symbol-description@https://registry.npmjs.org/get-symbol-description/-/get-symbol-description-1.1.0.tgz 0ms (cache hit)
5883 http cache get-proto@https://registry.npmjs.org/get-proto/-/get-proto-1.0.1.tgz 0ms (cache hit)
5884 http cache function.prototype.name@https://registry.npmjs.org/function.prototype.name/-/function.prototype.name-1.2.0.tgz 0ms (cache hit)
5885 http cache es-to-primitive@https://registry.npmjs.org/es-to-primitive/-/es-to-primitive-1.3.4.tgz 0ms (cache hit)
5886 http cache es-set-tostringtag@https://registry.npmjs.org/es-set-tostringtag/-/es-set-tostringtag-2.1.0.tgz 0ms (cache hit)
5887 http cache es-object-atoms@https://registry.npmjs.org/es-object-atoms/-/es-object-atoms-1.1.2.tgz 0ms (cache hit)
5888 http cache data-view-byte-offset@https://registry.npmjs.org/data-view-byte-offset/-/data-view-byte-offset-1.0.1.tgz 0ms (cache hit)
5889 http cache data-view-byte-length@https://registry.npmjs.org/data-view-byte-length/-/data-view-byte-length-1.0.2.tgz 0ms (cache hit)
5890 http cache data-view-buffer@https://registry.npmjs.org/data-view-buffer/-/data-view-buffer-1.0.2.tgz 0ms (cache hit)
5891 http cache call-bound@https://registry.npmjs.org/call-bound/-/call-bound-1.0.4.tgz 0ms (cache hit)
5892 http cache available-typed-arrays@https://registry.npmjs.org/available-typed-arrays/-/available-typed-arrays-1.0.7.tgz 0ms (cache hit)
5893 http cache arraybuffer.prototype.slice@https://registry.npmjs.org/arraybuffer.prototype.slice/-/arraybuffer.prototype.slice-1.0.4.tgz 0ms (cache hit)
5894 http cache array-buffer-byte-length@https://registry.npmjs.org/array-buffer-byte-length/-/array-buffer-byte-length-1.0.2.tgz 0ms (cache hit)
5895 http cache gopd@https://registry.npmjs.org/gopd/-/gopd-1.2.0.tgz 1ms (cache hit)
5896 http cache has-property-descriptors@https://registry.npmjs.org/has-property-descriptors/-/has-property-descriptors-1.0.2.tgz 0ms (cache hit)
5897 http cache define-data-property@https://registry.npmjs.org/define-data-property/-/define-data-property-1.1.4.tgz 0ms (cache hit)
5898 http cache set-function-length@https://registry.npmjs.org/set-function-length/-/set-function-length-1.2.2.tgz 0ms (cache hit)
5899 http cache get-intrinsic@https://registry.npmjs.org/get-intrinsic/-/get-intrinsic-1.3.0.tgz 0ms (cache hit)
5900 http cache call-bind-apply-helpers@https://registry.npmjs.org/call-bind-apply-helpers/-/call-bind-apply-helpers-1.0.2.tgz 0ms (cache hit)
5901 http cache es-shim-unscopables@https://registry.npmjs.org/es-shim-unscopables/-/es-shim-unscopables-1.1.0.tgz 0ms (cache hit)
5902 http cache es-abstract@https://registry.npmjs.org/es-abstract/-/es-abstract-1.24.2.tgz 0ms (cache hit)
5903 http cache define-properties@https://registry.npmjs.org/define-properties/-/define-properties-1.2.1.tgz 0ms (cache hit)
5904 http cache call-bind@https://registry.npmjs.org/call-bind/-/call-bind-1.0.9.tgz 0ms (cache hit)
5905 http cache object.entries@https://registry.npmjs.org/object.entries/-/object.entries-1.1.9.tgz 0ms (cache hit)
5906 http cache array.prototype.flatmap@https://registry.npmjs.org/array.prototype.flatmap/-/array.prototype.flatmap-1.3.3.tgz 0ms (cache hit)
5907 http cache function-bind@https://registry.npmjs.org/function-bind/-/function-bind-1.1.2.tgz 0ms (cache hit)
5908 http cache hasown@https://registry.npmjs.org/hasown/-/hasown-2.0.4.tgz 0ms (cache hit)
5909 http cache supports-preserve-symlinks-flag@https://registry.npmjs.org/supports-preserve-symlinks-flag/-/supports-preserve-symlinks-flag-1.0.0.tgz 0ms (cache hit)
5910 http cache path-parse@https://registry.npmjs.org/path-parse/-/path-parse-1.0.7.tgz 0ms (cache hit)
5911 http cache object-keys@https://registry.npmjs.org/object-keys/-/object-keys-1.1.1.tgz 0ms (cache hit)
5912 http cache node-exports-info@https://registry.npmjs.org/node-exports-info/-/node-exports-info-1.6.2.tgz 0ms (cache hit)
5913 http cache is-core-module@https://registry.npmjs.org/is-core-module/-/is-core-module-2.17.0.tgz 0ms (cache hit)
5914 http cache es-errors@https://registry.npmjs.org/es-errors/-/es-errors-1.3.0.tgz 0ms (cache hit)
5915 http cache string_decoder@https://registry.npmjs.org/string_decoder/-/string_decoder-1.3.0.tgz 0ms (cache hit)
5916 http cache process@https://registry.npmjs.org/process/-/process-0.11.10.tgz 0ms (cache hit)
5917 http cache events@https://registry.npmjs.org/events/-/events-3.3.0.tgz 0ms (cache hit)
5918 http cache abort-controller@https://registry.npmjs.org/abort-controller/-/abort-controller-3.0.0.tgz 0ms (cache hit)
5919 http cache @types/normalize-package-data@https://registry.npmjs.org/@types/normalize-package-data/-/normalize-package-data-2.4.4.tgz 0ms (cache hit)
5920 http cache index-to-position@https://registry.npmjs.org/index-to-position/-/index-to-position-1.2.0.tgz 0ms (cache hit)
5921 http cache parse-json@https://registry.npmjs.org/parse-json/-/parse-json-8.3.0.tgz 0ms (cache hit)
5922 http cache side-channel@https://registry.npmjs.org/side-channel/-/side-channel-1.1.1.tgz 0ms (cache hit)
5923 http cache event-target-shim@https://registry.npmjs.org/event-target-shim/-/event-target-shim-5.0.1.tgz 0ms (cache hit)
5924 http cache es-define-property@https://registry.npmjs.org/es-define-property/-/es-define-property-1.0.1.tgz 0ms (cache hit)
5925 http cache end-of-stream@https://registry.npmjs.org/end-of-stream/-/end-of-stream-1.4.5.tgz 0ms (cache hit)
5926 http cache forwarded@https://registry.npmjs.org/forwarded/-/forwarded-0.2.0.tgz 0ms (cache hit)
5927 http cache colors@https://registry.npmjs.org/colors/-/colors-1.4.0.tgz 0ms (cache hit)
5928 http cache parse-ms@https://registry.npmjs.org/parse-ms/-/parse-ms-4.0.0.tgz 0ms (cache hit)
5929 http cache quote-unquote@https://registry.npmjs.org/quote-unquote/-/quote-unquote-1.0.0.tgz 0ms (cache hit)
5930 http cache color-name@https://registry.npmjs.org/color-name/-/color-name-1.1.4.tgz 0ms (cache hit)
5931 http cache nanoid@https://registry.npmjs.org/nanoid/-/nanoid-3.3.19.tgz 0ms (cache hit)
5932 http cache @jridgewell/sourcemap-codec@https://registry.npmjs.org/@jridgewell/sourcemap-codec/-/sourcemap-codec-1.6.0.tgz 1ms (cache hit)
5933 http cache source-map@https://registry.npmjs.org/source-map/-/source-map-0.6.1.tgz 0ms (cache hit)
5934 http cache esutils@https://registry.npmjs.org/esutils/-/esutils-2.0.3.tgz 0ms (cache hit)
5935 http cache estraverse@https://registry.npmjs.org/estraverse/-/estraverse-5.3.0.tgz 0ms (cache hit)
5936 http cache source-map-js@https://registry.npmjs.org/source-map-js/-/source-map-js-1.2.2.tgz 0ms (cache hit)
5937 http cache magic-string@https://registry.npmjs.org/magic-string/-/magic-string-0.30.21.tgz 0ms (cache hit)
5938 http cache @vue/shared@https://registry.npmjs.org/@vue/shared/-/shared-3.5.43.tgz 1ms (cache hit)
5939 http cache @vue/compiler-ssr@https://registry.npmjs.org/@vue/compiler-ssr/-/compiler-ssr-3.5.43.tgz 1ms (cache hit)
5940 http cache @vue/compiler-dom@https://registry.npmjs.org/@vue/compiler-dom/-/compiler-dom-3.5.43.tgz 0ms (cache hit)
5941 http cache @vue/compiler-core@https://registry.npmjs.org/@vue/compiler-core/-/compiler-core-3.5.43.tgz 0ms (cache hit)
5942 http cache css-what@https://registry.npmjs.org/css-what/-/css-what-7.0.0.tgz 0ms (cache hit)
5943 http cache eslint-visitor-keys@https://registry.npmjs.org/eslint-visitor-keys/-/eslint-visitor-keys-5.0.1.tgz 0ms (cache hit)
5944 http cache @vue/compiler-sfc@https://registry.npmjs.org/@vue/compiler-sfc/-/compiler-sfc-3.5.43.tgz 0ms (cache hit)
5945 http cache ts-api-utils@https://registry.npmjs.org/ts-api-utils/-/ts-api-utils-2.5.0.tgz 0ms (cache hit)
5946 http cache tinyglobby@https://registry.npmjs.org/tinyglobby/-/tinyglobby-0.2.17.tgz 0ms (cache hit)
5947 http cache @typescript-eslint/visitor-keys@https://registry.npmjs.org/@typescript-eslint/visitor-keys/-/visitor-keys-8.71.0.tgz 0ms (cache hit)
5948 http cache @typescript-eslint/types@https://registry.npmjs.org/@typescript-eslint/types/-/types-8.71.0.tgz 0ms (cache hit)
5949 http cache @typescript-eslint/tsconfig-utils@https://registry.npmjs.org/@typescript-eslint/tsconfig-utils/-/tsconfig-utils-8.71.0.tgz 0ms (cache hit)
5950 http cache @typescript-eslint/project-service@https://registry.npmjs.org/@typescript-eslint/project-service/-/project-service-8.71.0.tgz 0ms (cache hit)
5951 http cache @typescript-eslint/typescript-estree@https://registry.npmjs.org/@typescript-eslint/typescript-estree/-/typescript-estree-8.71.0.tgz 0ms (cache hit)
5952 http cache postcss-values-parser@https://registry.npmjs.org/postcss-values-parser/-/postcss-values-parser-6.0.2.tgz 0ms (cache hit)
5953 http cache is-url-superb@https://registry.npmjs.org/is-url-superb/-/is-url-superb-4.0.0.tgz 0ms (cache hit)
5954 http cache get-amd-module-type@https://registry.npmjs.org/get-amd-module-type/-/get-amd-module-type-6.0.2.tgz 0ms (cache hit)
5955 http cache escodegen@https://registry.npmjs.org/escodegen/-/escodegen-2.1.0.tgz 0ms (cache hit)
5956 http cache ast-module-types@https://registry.npmjs.org/ast-module-types/-/ast-module-types-6.0.2.tgz 0ms (cache hit)
5957 http cache gonzales-pe@https://registry.npmjs.org/gonzales-pe/-/gonzales-pe-4.3.0.tgz 0ms (cache hit)
5958 http cache node-source-walk@https://registry.npmjs.org/node-source-walk/-/node-source-walk-7.0.2.tgz 0ms (cache hit)
5959 http cache module-definition@https://registry.npmjs.org/module-definition/-/module-definition-6.0.2.tgz 0ms (cache hit)
5960 http cache detective-vue2@https://registry.npmjs.org/detective-vue2/-/detective-vue2-2.3.0.tgz 0ms (cache hit)
5961 http cache detective-typescript@https://registry.npmjs.org/detective-typescript/-/detective-typescript-14.1.2.tgz 0ms (cache hit)
5962 http cache detective-stylus@https://registry.npmjs.org/detective-stylus/-/detective-stylus-5.0.1.tgz 0ms (cache hit)
5963 http cache detective-sass@https://registry.npmjs.org/detective-sass/-/detective-sass-6.0.2.tgz 1ms (cache hit)
5964 http cache detective-scss@https://registry.npmjs.org/detective-scss/-/detective-scss-5.0.2.tgz 0ms (cache hit)
5965 http cache detective-postcss@https://registry.npmjs.org/detective-postcss/-/detective-postcss-8.0.4.tgz 0ms (cache hit)
5966 http cache postcss@https://registry.npmjs.org/postcss/-/postcss-8.5.28.tgz 0ms (cache hit)
5967 http cache detective-es6@https://registry.npmjs.org/detective-es6/-/detective-es6-5.0.2.tgz 0ms (cache hit)
5968 http cache detective-cjs@https://registry.npmjs.org/detective-cjs/-/detective-cjs-6.1.1.tgz 0ms (cache hit)
5969 http cache xtend@https://registry.npmjs.org/xtend/-/xtend-4.0.2.tgz 0ms (cache hit)
5970 http cache own-keys@https://registry.npmjs.org/own-keys/-/own-keys-1.0.2.tgz 0ms (cache hit)
5971 http cache nth-check@https://registry.npmjs.org/nth-check/-/nth-check-2.1.1.tgz 0ms (cache hit)
5972 http cache thread-stream@https://registry.npmjs.org/thread-stream/-/thread-stream-4.2.0.tgz 0ms (cache hit)
5973 http cache sonic-boom@https://registry.npmjs.org/sonic-boom/-/sonic-boom-4.2.1.tgz 0ms (cache hit)
5974 http cache safe-stable-stringify@https://registry.npmjs.org/safe-stable-stringify/-/safe-stable-stringify-2.5.0.tgz 0ms (cache hit)
5975 http cache detective-amd@https://registry.npmjs.org/detective-amd/-/detective-amd-6.1.0.tgz 0ms (cache hit)
5976 http cache real-require@https://registry.npmjs.org/real-require/-/real-require-0.2.0.tgz 0ms (cache hit)
5977 http cache quick-format-unescaped@https://registry.npmjs.org/quick-format-unescaped/-/quick-format-unescaped-4.0.4.tgz 3ms (cache hit)
5978 http cache pino-std-serializers@https://registry.npmjs.org/pino-std-serializers/-/pino-std-serializers-7.1.0.tgz 1ms (cache hit)
5979 http cache pino-abstract-transport@https://registry.npmjs.org/pino-abstract-transport/-/pino-abstract-transport-3.0.0.tgz 0ms (cache hit)
5980 http cache @pinojs/redact@https://registry.npmjs.org/@pinojs/redact/-/redact-0.4.0.tgz 0ms (cache hit)
5981 http cache atomic-sleep@https://registry.npmjs.org/atomic-sleep/-/atomic-sleep-1.0.0.tgz 0ms (cache hit)
5982 http cache on-exit-leak-free@https://registry.npmjs.org/on-exit-leak-free/-/on-exit-leak-free-2.1.2.tgz 14ms (cache hit)
5983 http cache postgres-interval@https://registry.npmjs.org/postgres-interval/-/postgres-interval-1.2.0.tgz 0ms (cache hit)
5984 http cache postgres-date@https://registry.npmjs.org/postgres-date/-/postgres-date-1.0.7.tgz 0ms (cache hit)
5985 http cache pg-int8@https://registry.npmjs.org/pg-int8/-/pg-int8-1.0.1.tgz 0ms (cache hit)
5986 http cache postgres-array@https://registry.npmjs.org/postgres-array/-/postgres-array-2.0.0.tgz 0ms (cache hit)
5987 http cache pgpass@https://registry.npmjs.org/pgpass/-/pgpass-1.0.5.tgz 0ms (cache hit)
5988 http cache pg-types@https://registry.npmjs.org/pg-types/-/pg-types-2.2.0.tgz 0ms (cache hit)
5989 http cache pg-pool@https://registry.npmjs.org/pg-pool/-/pg-pool-3.14.0.tgz 0ms (cache hit)
5990 http cache pg-protocol@https://registry.npmjs.org/pg-protocol/-/pg-protocol-1.16.1.tgz 0ms (cache hit)
5991 http cache pg-connection-string@https://registry.npmjs.org/pg-connection-string/-/pg-connection-string-2.14.1.tgz 0ms (cache hit)
5992 http cache pg-cloudflare@https://registry.npmjs.org/pg-cloudflare/-/pg-cloudflare-1.4.1.tgz 0ms (cache hit)
5993 http cache slashes@https://registry.npmjs.org/slashes/-/slashes-3.0.12.tgz 0ms (cache hit)
5994 http cache cyclist@https://registry.npmjs.org/cyclist/-/cyclist-1.0.2.tgz 0ms (cache hit)
5995 http cache find-up-simple@https://registry.npmjs.org/find-up-simple/-/find-up-simple-1.0.1.tgz 0ms (cache hit)
5996 http cache retry@https://registry.npmjs.org/retry/-/retry-0.13.1.tgz 0ms (cache hit)
5997 http cache is-network-error@https://registry.npmjs.org/is-network-error/-/is-network-error-1.3.2.tgz 1ms (cache hit)
5998 http cache @types/retry@https://registry.npmjs.org/@types/retry/-/retry-0.12.2.tgz 0ms (cache hit)
5999 http cache yocto-queue@https://registry.npmjs.org/yocto-queue/-/yocto-queue-1.2.2.tgz 0ms (cache hit)
6000 http cache p-limit@https://registry.npmjs.org/p-limit/-/p-limit-4.0.0.tgz 0ms (cache hit)
6001 http cache p-timeout@https://registry.npmjs.org/p-timeout/-/p-timeout-6.1.4.tgz 0ms (cache hit)
6002 http cache windows-release@https://registry.npmjs.org/windows-release/-/windows-release-6.1.0.tgz 0ms (cache hit)
6003 http cache macos-release@https://registry.npmjs.org/macos-release/-/macos-release-3.5.1.tgz 0ms (cache hit)
6004 http cache ieee754@https://registry.npmjs.org/ieee754/-/ieee754-1.2.1.tgz 0ms (cache hit)
6005 http cache base64-js@https://registry.npmjs.org/base64-js/-/base64-js-1.5.1.tgz 0ms (cache hit)
6006 http cache buffer@https://registry.npmjs.org/buffer/-/buffer-5.7.1.tgz 0ms (cache hit)
6007 http cache wcwidth@https://registry.npmjs.org/wcwidth/-/wcwidth-1.0.1.tgz 0ms (cache hit)
6008 http cache log-symbols@https://registry.npmjs.org/log-symbols/-/log-symbols-4.1.0.tgz 0ms (cache hit)
6009 http cache is-interactive@https://registry.npmjs.org/is-interactive/-/is-interactive-1.0.0.tgz 0ms (cache hit)
6010 http cache cli-spinners@https://registry.npmjs.org/cli-spinners/-/cli-spinners-2.9.2.tgz 0ms (cache hit)
6011 http cache bl@https://registry.npmjs.org/bl/-/bl-4.1.0.tgz 0ms (cache hit)
6012 http cache default-browser-id@https://registry.npmjs.org/default-browser-id/-/default-browser-id-5.0.1.tgz 0ms (cache hit)
6013 http cache wsl-utils@https://registry.npmjs.org/wsl-utils/-/wsl-utils-1.0.1.tgz 0ms (cache hit)
6014 http cache powershell-utils@https://registry.npmjs.org/powershell-utils/-/powershell-utils-0.2.1.tgz 0ms (cache hit)
6015 http cache is-in-ssh@https://registry.npmjs.org/is-in-ssh/-/is-in-ssh-1.0.0.tgz 0ms (cache hit)
6016 http cache bundle-name@https://registry.npmjs.org/bundle-name/-/bundle-name-4.1.1.tgz 0ms (cache hit)
6017 http cache run-applescript@https://registry.npmjs.org/run-applescript/-/run-applescript-7.1.0.tgz 0ms (cache hit)
6018 http cache define-lazy-prop@https://registry.npmjs.org/define-lazy-prop/-/define-lazy-prop-3.0.0.tgz 4ms (cache hit)
6019 http cache default-browser@https://registry.npmjs.org/default-browser/-/default-browser-5.5.1.tgz 0ms (cache hit)
6020 http cache wrappy@https://registry.npmjs.org/wrappy/-/wrappy-1.0.2.tgz 0ms (cache hit)
6021 http cache ee-first@https://registry.npmjs.org/ee-first/-/ee-first-1.1.1.tgz 0ms (cache hit)
6022 http cache node-fetch-native@https://registry.npmjs.org/node-fetch-native/-/node-fetch-native-1.6.7.tgz 0ms (cache hit)
6023 http cache lru-cache@https://registry.npmjs.org/lru-cache/-/lru-cache-10.4.3.tgz 0ms (cache hit)
6024 http cache validate-npm-package-license@https://registry.npmjs.org/validate-npm-package-license/-/validate-npm-package-license-3.0.4.tgz 0ms (cache hit)
6025 http cache hosted-git-info@https://registry.npmjs.org/hosted-git-info/-/hosted-git-info-8.1.0.tgz 0ms (cache hit)
6026 http cache abbrev@https://registry.npmjs.org/abbrev/-/abbrev-3.0.1.tgz 0ms (cache hit)
6027 http cache node-domexception@https://registry.npmjs.org/node-domexception/-/node-domexception-1.0.0.tgz 0ms (cache hit)
6028 http cache web-streams-polyfill@https://registry.npmjs.org/web-streams-polyfill/-/web-streams-polyfill-3.3.3.tgz 0ms (cache hit)
6029 http cache formdata-polyfill@https://registry.npmjs.org/formdata-polyfill/-/formdata-polyfill-4.0.10.tgz 0ms (cache hit)
6030 http cache fetch-blob@https://registry.npmjs.org/fetch-blob/-/fetch-blob-3.2.0.tgz 0ms (cache hit)
6031 http cache data-uri-to-buffer@https://registry.npmjs.org/data-uri-to-buffer/-/data-uri-to-buffer-4.0.1.tgz 0ms (cache hit)
6032 http cache uid-safe@https://registry.npmjs.org/uid-safe/-/uid-safe-2.1.5.tgz 0ms (cache hit)
6033 http cache balanced-match@https://registry.npmjs.org/balanced-match/-/balanced-match-4.0.4.tgz 1ms (cache hit)
6034 http cache brace-expansion@https://registry.npmjs.org/brace-expansion/-/brace-expansion-5.0.12.tgz 0ms (cache hit)
6035 http cache mime-db@https://registry.npmjs.org/mime-db/-/mime-db-1.54.0.tgz 0ms (cache hit)
6036 http cache to-regex-range@https://registry.npmjs.org/to-regex-range/-/to-regex-range-5.0.1.tgz 0ms (cache hit)
6037 http cache fill-range@https://registry.npmjs.org/fill-range/-/fill-range-7.1.1.tgz 1ms (cache hit)
6038 http cache braces@https://registry.npmjs.org/braces/-/braces-3.0.3.tgz 0ms (cache hit)
6039 http cache fast-stringify@https://registry.npmjs.org/fast-stringify/-/fast-stringify-4.0.2.tgz 6ms (cache hit)
6040 http cache fast-equals@https://registry.npmjs.org/fast-equals/-/fast-equals-5.4.3.tgz 0ms (cache hit)
6041 http cache through2@https://registry.npmjs.org/through2/-/through2-2.0.5.tgz 0ms (cache hit)
6042 http cache split2@https://registry.npmjs.org/split2/-/split2-1.1.1.tgz 0ms (cache hit)
6043 http cache slice-ansi@https://registry.npmjs.org/slice-ansi/-/slice-ansi-9.0.1.tgz 0ms (cache hit)
6044 http cache set-error-message@https://registry.npmjs.org/set-error-message/-/set-error-message-2.0.1.tgz 0ms (cache hit)
6045 http cache normalize-exception@https://registry.npmjs.org/normalize-exception/-/normalize-exception-3.0.0.tgz 0ms (cache hit)
6046 http cache is-error-instance@https://registry.npmjs.org/is-error-instance/-/is-error-instance-2.0.0.tgz 0ms (cache hit)
6047 http cache uqr@https://registry.npmjs.org/uqr/-/uqr-0.1.3.tgz 0ms (cache hit)
6048 http cache untun@https://registry.npmjs.org/untun/-/untun-0.2.2.tgz 0ms (cache hit)
6049 http cache tinyclip@https://registry.npmjs.org/tinyclip/-/tinyclip-0.1.15.tgz 0ms (cache hit)
6050 http cache std-env@https://registry.npmjs.org/std-env/-/std-env-4.3.0.tgz 0ms (cache hit)
6051 http cache node-forge@https://registry.npmjs.org/node-forge/-/node-forge-1.4.0.tgz 0ms (cache hit)
6052 http cache jiti@https://registry.npmjs.org/jiti/-/jiti-2.7.0.tgz 0ms (cache hit)
6053 http cache get-port-please@https://registry.npmjs.org/get-port-please/-/get-port-please-3.2.0.tgz 0ms (cache hit)
6054 http cache winston@https://registry.npmjs.org/winston/-/winston-3.19.0.tgz 0ms (cache hit)
6055 http cache set-cookie-parser@https://registry.npmjs.org/set-cookie-parser/-/set-cookie-parser-2.7.2.tgz 0ms (cache hit)
6056 http cache http-shutdown@https://registry.npmjs.org/http-shutdown/-/http-shutdown-1.2.2.tgz 0ms (cache hit)
6057 http cache ecdsa-sig-formatter@https://registry.npmjs.org/ecdsa-sig-formatter/-/ecdsa-sig-formatter-1.0.11.tgz 0ms (cache hit)
6058 http cache mimic-fn@https://registry.npmjs.org/mimic-fn/-/mimic-fn-4.0.0.tgz 0ms (cache hit)
6059 http cache buffer-equal-constant-time@https://registry.npmjs.org/buffer-equal-constant-time/-/buffer-equal-constant-time-1.0.1.tgz 0ms (cache hit)
6060 http cache safe-buffer@https://registry.npmjs.org/safe-buffer/-/safe-buffer-5.2.1.tgz 0ms (cache hit)
6061 http cache jwa@https://registry.npmjs.org/jwa/-/jwa-2.0.1.tgz 0ms (cache hit)
6062 http cache lodash.once@https://registry.npmjs.org/lodash.once/-/lodash.once-4.1.1.tgz 0ms (cache hit)
6063 http cache lodash.isstring@https://registry.npmjs.org/lodash.isstring/-/lodash.isstring-4.0.1.tgz 0ms (cache hit)
6064 http cache lodash.isnumber@https://registry.npmjs.org/lodash.isnumber/-/lodash.isnumber-3.0.3.tgz 0ms (cache hit)
6065 http cache lodash.isinteger@https://registry.npmjs.org/lodash.isinteger/-/lodash.isinteger-4.0.4.tgz 0ms (cache hit)
6066 http cache lodash.isboolean@https://registry.npmjs.org/lodash.isboolean/-/lodash.isboolean-3.0.3.tgz 0ms (cache hit)
6067 http cache lodash.includes@https://registry.npmjs.org/lodash.includes/-/lodash.includes-4.3.0.tgz 0ms (cache hit)
6068 http cache is-inside-container@https://registry.npmjs.org/is-inside-container/-/is-inside-container-1.0.0.tgz 0ms (cache hit)
6069 http cache jws@https://registry.npmjs.org/jws/-/jws-4.0.1.tgz 0ms (cache hit)
6070 http cache is-extglob@https://registry.npmjs.org/is-extglob/-/is-extglob-2.1.1.tgz 0ms (cache hit)
6071 http cache uncrypto@https://registry.npmjs.org/uncrypto/-/uncrypto-0.1.3.tgz 0ms (cache hit)
6072 http cache radix3@https://registry.npmjs.org/radix3/-/radix3-1.1.2.tgz 0ms (cache hit)
6073 http cache node-mock-http@https://registry.npmjs.org/node-mock-http/-/node-mock-http-1.0.5.tgz 0ms (cache hit)
6074 http cache iron-webcrypto@https://registry.npmjs.org/iron-webcrypto/-/iron-webcrypto-1.2.1.tgz 0ms (cache hit)
6075 http cache crossws@https://registry.npmjs.org/crossws/-/crossws-0.3.5.tgz 0ms (cache hit)
6076 http cache cookie-es@https://registry.npmjs.org/cookie-es/-/cookie-es-1.2.3.tgz 0ms (cache hit)
6077 http cache xss@https://registry.npmjs.org/xss/-/xss-1.0.15.tgz 0ms (cache hit)
6078 http cache ufo@https://registry.npmjs.org/ufo/-/ufo-1.6.4.tgz 0ms (cache hit)
6079 http cache svgo@https://registry.npmjs.org/svgo/-/svgo-4.1.0.tgz 0ms (cache hit)
6080 http cache sharp@https://registry.npmjs.org/sharp/-/sharp-0.34.5.tgz 0ms (cache hit)
6081 http cache pathe@https://registry.npmjs.org/pathe/-/pathe-2.0.3.tgz 0ms (cache hit)
6082 http cache ofetch@https://registry.npmjs.org/ofetch/-/ofetch-1.5.1.tgz 0ms (cache hit)
6083 http cache image-meta@https://registry.npmjs.org/image-meta/-/image-meta-0.2.2.tgz 0ms (cache hit)
6084 http cache h3@https://registry.npmjs.org/h3/-/h3-1.15.11.tgz 0ms (cache hit)
6085 http cache defu@https://registry.npmjs.org/defu/-/defu-6.1.7.tgz 0ms (cache hit)
6086 http cache destr@https://registry.npmjs.org/destr/-/destr-2.0.5.tgz 0ms (cache hit)
6087 http cache citty@https://registry.npmjs.org/citty/-/citty-0.1.6.tgz 0ms (cache hit)
6088 http cache restore-cursor@https://registry.npmjs.org/restore-cursor/-/restore-cursor-3.1.0.tgz 0ms (cache hit)
6089 http cache chardet@https://registry.npmjs.org/chardet/-/chardet-2.2.0.tgz 0ms (cache hit)
6090 http cache listhen@https://registry.npmjs.org/listhen/-/listhen-1.10.1.tgz 0ms (cache hit)
6091 http cache through@https://registry.npmjs.org/through/-/through-2.3.8.tgz 0ms (cache hit)
6092 http cache rxjs@https://registry.npmjs.org/rxjs/-/rxjs-7.8.2.tgz 0ms (cache hit)
6093 http cache run-async@https://registry.npmjs.org/run-async/-/run-async-2.4.1.tgz 0ms (cache hit)
6094 http cache ora@https://registry.npmjs.org/ora/-/ora-5.4.1.tgz 0ms (cache hit)
6095 http cache mute-stream@https://registry.npmjs.org/mute-stream/-/mute-stream-0.0.8.tgz 0ms (cache hit)
6096 http cache lodash@https://registry.npmjs.org/lodash/-/lodash-4.18.1.tgz 0ms (cache hit)
6097 http cache cli-width@https://registry.npmjs.org/cli-width/-/cli-width-3.0.0.tgz 0ms (cache hit)
6098 http cache cli-cursor@https://registry.npmjs.org/cli-cursor/-/cli-cursor-3.1.0.tgz 0ms (cache hit)
6099 http cache @inquirer/external-editor@https://registry.npmjs.org/@inquirer/external-editor/-/external-editor-1.0.3.tgz 0ms (cache hit)
6100 http cache module-details-from-path@https://registry.npmjs.org/module-details-from-path/-/module-details-from-path-1.0.4.tgz 0ms (cache hit)
6101 http cache cjs-module-lexer@https://registry.npmjs.org/cjs-module-lexer/-/cjs-module-lexer-2.2.1.tgz 0ms (cache hit)
6102 http cache safer-buffer@https://registry.npmjs.org/safer-buffer/-/safer-buffer-2.1.2.tgz 1ms (cache hit)
6103 http cache agent-base@https://registry.npmjs.org/agent-base/-/agent-base-8.0.0.tgz 0ms (cache hit)
6104 http cache @types/http-proxy@https://registry.npmjs.org/@types/http-proxy/-/http-proxy-1.17.17.tgz 0ms (cache hit)
6105 http cache is-plain-object@https://registry.npmjs.org/is-plain-object/-/is-plain-object-5.1.0.tgz 0ms (cache hit)
6106 http cache requires-port@https://registry.npmjs.org/requires-port/-/requires-port-1.0.0.tgz 0ms (cache hit)
6107 http cache follow-redirects@https://registry.npmjs.org/follow-redirects/-/follow-redirects-1.16.0.tgz 0ms (cache hit)
6108 http cache eventemitter3@https://registry.npmjs.org/eventemitter3/-/eventemitter3-4.0.7.tgz 0ms (cache hit)
6109 http cache toidentifier@https://registry.npmjs.org/toidentifier/-/toidentifier-1.0.1.tgz 0ms (cache hit)
6110 http cache unix-dgram@https://registry.npmjs.org/unix-dgram/-/unix-dgram-2.0.7.tgz 0ms (cache hit)
6111 http cache setprototypeof@https://registry.npmjs.org/setprototypeof/-/setprototypeof-1.2.0.tgz 0ms (cache hit)
6112 http cache is-glob@https://registry.npmjs.org/is-glob/-/is-glob-4.0.3.tgz 0ms (cache hit)
6113 http cache path-scurry@https://registry.npmjs.org/path-scurry/-/path-scurry-2.0.2.tgz 0ms (cache hit)
6114 http cache minipass@https://registry.npmjs.org/minipass/-/minipass-7.1.3.tgz 0ms (cache hit)
6115 http cache @sec-ant/readable-stream@https://registry.npmjs.org/@sec-ant/readable-stream/-/readable-stream-0.4.1.tgz 0ms (cache hit)
6116 http cache ini@https://registry.npmjs.org/ini/-/ini-1.3.8.tgz 0ms (cache hit)
6117 http cache inherits@https://registry.npmjs.org/inherits/-/inherits-2.0.4.tgz 0ms (cache hit)
6118 http cache from2@https://registry.npmjs.org/from2/-/from2-2.3.0.tgz 0ms (cache hit)
6119 http cache unicorn-magic@https://registry.npmjs.org/unicorn-magic/-/unicorn-magic-0.3.0.tgz 0ms (cache hit)
6120 http cache safe-regex2@https://registry.npmjs.org/safe-regex2/-/safe-regex2-5.1.1.tgz 0ms (cache hit)
6121 http cache fast-querystring@https://registry.npmjs.org/fast-querystring/-/fast-querystring-1.1.2.tgz 0ms (cache hit)
6122 http cache is-unicode-supported@https://registry.npmjs.org/is-unicode-supported/-/is-unicode-supported-2.1.0.tgz 0ms (cache hit)
6123 http cache json-schema-ref-resolver@https://registry.npmjs.org/json-schema-ref-resolver/-/json-schema-ref-resolver-3.0.0.tgz 0ms (cache hit)
6124 http cache reusify@https://registry.npmjs.org/reusify/-/reusify-1.1.0.tgz 0ms (cache hit)
6125 http cache dequal@https://registry.npmjs.org/dequal/-/dequal-2.0.3.tgz 0ms (cache hit)
6126 http cache @fastify/merge-json-schemas@https://registry.npmjs.org/@fastify/merge-json-schemas/-/merge-json-schemas-0.2.1.tgz 0ms (cache hit)
6127 http cache ipaddr.js@https://registry.npmjs.org/ipaddr.js/-/ipaddr.js-2.5.0.tgz 0ms (cache hit)
6128 http cache @fastify/forwarded@https://registry.npmjs.org/@fastify/forwarded/-/forwarded-3.0.2.tgz 0ms (cache hit)
6129 http cache ajv-formats@https://registry.npmjs.org/ajv-formats/-/ajv-formats-3.0.1.tgz 0ms (cache hit)
6130 http cache toad-cache@https://registry.npmjs.org/toad-cache/-/toad-cache-3.7.4.tgz 0ms (cache hit)
6131 http cache secure-json-parse@https://registry.npmjs.org/secure-json-parse/-/secure-json-parse-4.1.0.tgz 0ms (cache hit)
6132 http cache pino@https://registry.npmjs.org/pino/-/pino-10.3.1.tgz 0ms (cache hit)
6133 http cache process-warning@https://registry.npmjs.org/process-warning/-/process-warning-5.1.0.tgz 0ms (cache hit)
6134 http cache light-my-request@https://registry.npmjs.org/light-my-request/-/light-my-request-6.6.0.tgz 0ms (cache hit)
6135 http cache find-my-way@https://registry.npmjs.org/find-my-way/-/find-my-way-9.9.0.tgz 0ms (cache hit)
6136 http cache fast-json-stringify@https://registry.npmjs.org/fast-json-stringify/-/fast-json-stringify-7.0.1.tgz 0ms (cache hit)
6137 http cache avvio@https://registry.npmjs.org/avvio/-/avvio-9.3.0.tgz 0ms (cache hit)
6138 http cache abstract-logging@https://registry.npmjs.org/abstract-logging/-/abstract-logging-2.0.1.tgz 0ms (cache hit)
6139 http cache @fastify/proxy-addr@https://registry.npmjs.org/@fastify/proxy-addr/-/proxy-addr-5.1.1.tgz 0ms (cache hit)
6140 http cache postgres-bytea@https://registry.npmjs.org/postgres-bytea/-/postgres-bytea-1.0.1.tgz 0ms (cache hit)
6141 http cache @dependents/detective-less@https://registry.npmjs.org/@dependents/detective-less/-/detective-less-5.0.3.tgz 0ms (cache hit)
6142 http cache fast-string-truncated-width@https://registry.npmjs.org/fast-string-truncated-width/-/fast-string-truncated-width-3.0.3.tgz 0ms (cache hit)
6143 http cache @nodelib/fs.scandir@https://registry.npmjs.org/@nodelib/fs.scandir/-/fs.scandir-2.1.5.tgz 0ms (cache hit)
6144 http cache merge2@https://registry.npmjs.org/merge2/-/merge2-1.4.1.tgz 0ms (cache hit)
6145 http cache run-parallel@https://registry.npmjs.org/run-parallel/-/run-parallel-1.2.0.tgz 0ms (cache hit)
6146 http cache @nodelib/fs.walk@https://registry.npmjs.org/@nodelib/fs.walk/-/fs.walk-1.2.8.tgz 0ms (cache hit)
6147 http cache glob-parent@https://registry.npmjs.org/glob-parent/-/glob-parent-5.1.2.tgz 0ms (cache hit)
6148 http cache @nodelib/fs.stat@https://registry.npmjs.org/@nodelib/fs.stat/-/fs.stat-2.0.5.tgz 0ms (cache hit)
6149 http cache on-headers@https://registry.npmjs.org/on-headers/-/on-headers-1.1.0.tgz 0ms (cache hit)
6150 http cache iconv-lite@https://registry.npmjs.org/iconv-lite/-/iconv-lite-0.7.3.tgz 0ms (cache hit)
6151 http cache negotiator@https://registry.npmjs.org/negotiator/-/negotiator-1.1.0.tgz 0ms (cache hit)
6152 http cache vary@https://registry.npmjs.org/vary/-/vary-1.1.2.tgz 0ms (cache hit)
6153 http cache bytes@https://registry.npmjs.org/bytes/-/bytes-3.1.2.tgz 0ms (cache hit)
6154 http cache statuses@https://registry.npmjs.org/statuses/-/statuses-2.0.2.tgz 0ms (cache hit)
6155 http cache type-is@https://registry.npmjs.org/type-is/-/type-is-2.1.0.tgz 0ms (cache hit)
6156 http cache send@https://registry.npmjs.org/send/-/send-1.2.1.tgz 0ms (cache hit)
6157 http cache serve-static@https://registry.npmjs.org/serve-static/-/serve-static-2.2.1.tgz 0ms (cache hit)
6158 http cache router@https://registry.npmjs.org/router/-/router-2.2.0.tgz 0ms (cache hit)
6159 http cache range-parser@https://registry.npmjs.org/range-parser/-/range-parser-1.3.0.tgz 0ms (cache hit)
6160 http cache qs@https://registry.npmjs.org/qs/-/qs-6.16.0.tgz 0ms (cache hit)
6161 http cache proxy-addr@https://registry.npmjs.org/proxy-addr/-/proxy-addr-2.0.8.tgz 0ms (cache hit)
6162 http cache parseurl@https://registry.npmjs.org/parseurl/-/parseurl-1.3.3.tgz 0ms (cache hit)
6163 http cache once@https://registry.npmjs.org/once/-/once-1.4.0.tgz 0ms (cache hit)
6164 http cache on-finished@https://registry.npmjs.org/on-finished/-/on-finished-2.4.1.tgz 0ms (cache hit)
6165 http cache merge-descriptors@https://registry.npmjs.org/merge-descriptors/-/merge-descriptors-2.0.0.tgz 0ms (cache hit)
6166 http cache fresh@https://registry.npmjs.org/fresh/-/fresh-2.0.0.tgz 0ms (cache hit)
6167 http cache encodeurl@https://registry.npmjs.org/encodeurl/-/encodeurl-2.0.0.tgz 0ms (cache hit)
6168 http cache finalhandler@https://registry.npmjs.org/finalhandler/-/finalhandler-2.1.1.tgz 0ms (cache hit)
6169 http cache depd@https://registry.npmjs.org/depd/-/depd-2.0.0.tgz 0ms (cache hit)
6170 http cache cookie-signature@https://registry.npmjs.org/cookie-signature/-/cookie-signature-1.2.2.tgz 0ms (cache hit)
6171 http cache body-parser@https://registry.npmjs.org/body-parser/-/body-parser-2.3.0.tgz 0ms (cache hit)
6172 http cache accepts@https://registry.npmjs.org/accepts/-/accepts-2.0.0.tgz 0ms (cache hit)
6173 http cache shebang-command@https://registry.npmjs.org/shebang-command/-/shebang-command-2.0.0.tgz 0ms (cache hit)
6174 http cache path-key@https://registry.npmjs.org/path-key/-/path-key-3.1.1.tgz 0ms (cache hit)
6175 http cache which@https://registry.npmjs.org/which/-/which-2.0.2.tgz 0ms (cache hit)
6176 http cache strip-final-newline@https://registry.npmjs.org/strip-final-newline/-/strip-final-newline-2.0.0.tgz 0ms (cache hit)
6177 http cache signal-exit@https://registry.npmjs.org/signal-exit/-/signal-exit-3.0.7.tgz 0ms (cache hit)
6178 http cache onetime@https://registry.npmjs.org/onetime/-/onetime-5.1.2.tgz 0ms (cache hit)
6179 http cache npm-run-path@https://registry.npmjs.org/npm-run-path/-/npm-run-path-4.0.1.tgz 0ms (cache hit)
6180 http cache merge-stream@https://registry.npmjs.org/merge-stream/-/merge-stream-2.0.0.tgz 0ms (cache hit)
6181 http cache human-signals@https://registry.npmjs.org/human-signals/-/human-signals-2.1.0.tgz 0ms (cache hit)
6182 http cache @esbuild/win32-x64@https://registry.npmjs.org/@esbuild/win32-x64/-/win32-x64-0.28.1.tgz 0ms (cache hit)
6183 http cache stackframe@https://registry.npmjs.org/stackframe/-/stackframe-1.3.4.tgz 0ms (cache hit)
6184 http cache cross-spawn@https://registry.npmjs.org/cross-spawn/-/cross-spawn-7.0.6.tgz 0ms (cache hit)
6185 http cache is-safe-filename@https://registry.npmjs.org/is-safe-filename/-/is-safe-filename-0.1.1.tgz 0ms (cache hit)
6186 http cache strip-ansi@https://registry.npmjs.org/strip-ansi/-/strip-ansi-6.0.1.tgz 0ms (cache hit)
6187 http cache callsite@https://registry.npmjs.org/callsite/-/callsite-1.0.0.tgz 0ms (cache hit)
6188 http cache ms@https://registry.npmjs.org/ms/-/ms-2.1.3.tgz 1ms (cache hit)
6189 http cache ansi-colors@https://registry.npmjs.org/ansi-colors/-/ansi-colors-4.1.3.tgz 0ms (cache hit)
6190 http cache luxon@https://registry.npmjs.org/luxon/-/luxon-3.7.2.tgz 0ms (cache hit)
6191 http cache esprima@https://registry.npmjs.org/esprima/-/esprima-4.0.1.tgz 0ms (cache hit)
6192 http cache p-event@https://registry.npmjs.org/p-event/-/p-event-6.0.1.tgz 0ms (cache hit)
6193 http cache @fastify/fast-json-stringify-compiler@https://registry.npmjs.org/@fastify/fast-json-stringify-compiler/-/fast-json-stringify-compiler-5.1.0.tgz 0ms (cache hit)
6194 http cache array-timsort@https://registry.npmjs.org/array-timsort/-/array-timsort-1.0.3.tgz 0ms (cache hit)
6195 http cache lodash.isplainobject@https://registry.npmjs.org/lodash.isplainobject/-/lodash.isplainobject-4.0.6.tgz 0ms (cache hit)
6196 http cache lodash.isempty@https://registry.npmjs.org/lodash.isempty/-/lodash.isempty-4.4.0.tgz 0ms (cache hit)
6197 http cache lodash.transform@https://registry.npmjs.org/lodash.transform/-/lodash.transform-4.6.0.tgz 0ms (cache hit)
6198 http cache wrap-ansi@https://registry.npmjs.org/wrap-ansi/-/wrap-ansi-9.0.2.tgz 0ms (cache hit)
6199 http cache widest-line@https://registry.npmjs.org/widest-line/-/widest-line-5.0.0.tgz 0ms (cache hit)
6200 http cache type-fest@https://registry.npmjs.org/type-fest/-/type-fest-4.41.0.tgz 0ms (cache hit)
6201 http cache string-width@https://registry.npmjs.org/string-width/-/string-width-7.2.0.tgz 0ms (cache hit)
6202 http cache cli-boxes@https://registry.npmjs.org/cli-boxes/-/cli-boxes-3.0.0.tgz 0ms (cache hit)
6203 http cache camelcase@https://registry.npmjs.org/camelcase/-/camelcase-8.0.0.tgz 0ms (cache hit)
6204 http cache ansi-align@https://registry.npmjs.org/ansi-align/-/ansi-align-3.0.1.tgz 0ms (cache hit)
6205 http cache file-uri-to-path@https://registry.npmjs.org/file-uri-to-path/-/file-uri-to-path-1.0.0.tgz 0ms (cache hit)
6206 http cache picocolors@https://registry.npmjs.org/picocolors/-/picocolors-1.1.1.tgz 0ms (cache hit)
6207 http cache leven@https://registry.npmjs.org/leven/-/leven-3.1.0.tgz 0ms (cache hit)
6208 http cache @humanwhocodes/momoa@https://registry.npmjs.org/@humanwhocodes/momoa/-/momoa-2.0.4.tgz 0ms (cache hit)
6209 http cache js-tokens@https://registry.npmjs.org/js-tokens/-/js-tokens-4.0.0.tgz 0ms (cache hit)
6210 http cache jsonpointer@https://registry.npmjs.org/jsonpointer/-/jsonpointer-5.0.1.tgz 0ms (cache hit)
6211 http cache precond@https://registry.npmjs.org/precond/-/precond-0.2.3.tgz 0ms (cache hit)
6212 http cache @babel/code-frame@https://registry.npmjs.org/@babel/code-frame/-/code-frame-7.29.7.tgz 0ms (cache hit)
6213 http cache when-exit@https://registry.npmjs.org/when-exit/-/when-exit-2.1.5.tgz 0ms (cache hit)
6214 http cache zip-stream@https://registry.npmjs.org/zip-stream/-/zip-stream-7.0.5.tgz 0ms (cache hit)
6215 http cache tar-stream@https://registry.npmjs.org/tar-stream/-/tar-stream-3.2.1.tgz 0ms (cache hit)
6216 http cache stubborn-fs@https://registry.npmjs.org/stubborn-fs/-/stubborn-fs-2.0.0.tgz 0ms (cache hit)
6217 http cache readdir-glob@https://registry.npmjs.org/readdir-glob/-/readdir-glob-3.0.0.tgz 0ms (cache hit)
6218 http cache readable-stream@https://registry.npmjs.org/readable-stream/-/readable-stream-4.7.0.tgz 0ms (cache hit)
6219 http cache buffer-crc32@https://registry.npmjs.org/buffer-crc32/-/buffer-crc32-1.0.0.tgz 0ms (cache hit)
6220 http cache lazystream@https://registry.npmjs.org/lazystream/-/lazystream-1.0.1.tgz 0ms (cache hit)
6221 http cache async@https://registry.npmjs.org/async/-/async-3.2.6.tgz 0ms (cache hit)
6222 http cache require-from-string@https://registry.npmjs.org/require-from-string/-/require-from-string-2.0.2.tgz 0ms (cache hit)
6223 http cache entities@https://registry.npmjs.org/entities/-/entities-2.2.0.tgz 0ms (cache hit)
6224 http cache environment@https://registry.npmjs.org/environment/-/environment-1.1.0.tgz 0ms (cache hit)
6225 http cache json-schema-traverse@https://registry.npmjs.org/json-schema-traverse/-/json-schema-traverse-1.0.0.tgz 0ms (cache hit)
6226 http cache fast-uri@https://registry.npmjs.org/fast-uri/-/fast-uri-3.1.8.tgz 0ms (cache hit)
6227 http cache @fastify/busboy@https://registry.npmjs.org/@fastify/busboy/-/busboy-3.2.2.tgz 0ms (cache hit)
6228 http cache fast-deep-equal@https://registry.npmjs.org/fast-deep-equal/-/fast-deep-equal-3.1.3.tgz 0ms (cache hit)
6229 http cache @whatwg-node/node-fetch@https://registry.npmjs.org/@whatwg-node/node-fetch/-/node-fetch-0.8.6.tgz 0ms (cache hit)
6230 http cache @whatwg-node/promise-helpers@https://registry.npmjs.org/@whatwg-node/promise-helpers/-/promise-helpers-1.3.2.tgz 0ms (cache hit)
6231 http cache tslib@https://registry.npmjs.org/tslib/-/tslib-2.8.1.tgz 0ms (cache hit)
6232 http cache @whatwg-node/fetch@https://registry.npmjs.org/@whatwg-node/fetch/-/fetch-0.10.13.tgz 0ms (cache hit)
6233 http cache @whatwg-node/disposablestack@https://registry.npmjs.org/@whatwg-node/disposablestack/-/disposablestack-0.0.6.tgz 0ms (cache hit)
6234 http cache @envelop/instrumentation@https://registry.npmjs.org/@envelop/instrumentation/-/instrumentation-1.0.1.tgz 0ms (cache hit)
6235 http cache @types/estree@https://registry.npmjs.org/@types/estree/-/estree-1.0.9.tgz 0ms (cache hit)
6236 http cache nopt@https://registry.npmjs.org/nopt/-/nopt-8.1.0.tgz 0ms (cache hit)
6237 http cache detect-libc@https://registry.npmjs.org/detect-libc/-/detect-libc-2.1.2.tgz 0ms (cache hit)
6238 http cache consola@https://registry.npmjs.org/consola/-/consola-3.4.2.tgz 0ms (cache hit)
6239 http cache picomatch@https://registry.npmjs.org/picomatch/-/picomatch-4.0.7.tgz 0ms (cache hit)
6240 http cache node-gyp-build@https://registry.npmjs.org/node-gyp-build/-/node-gyp-build-4.8.4.tgz 0ms (cache hit)
6241 http cache resolve-from@https://registry.npmjs.org/resolve-from/-/resolve-from-5.0.0.tgz 0ms (cache hit)
6242 http cache graceful-fs@https://registry.npmjs.org/graceful-fs/-/graceful-fs-4.2.11.tgz 0ms (cache hit)
6243 http cache bindings@https://registry.npmjs.org/bindings/-/bindings-1.5.0.tgz 0ms (cache hit)
6244 http cache estree-walker@https://registry.npmjs.org/estree-walker/-/estree-walker-2.0.2.tgz 0ms (cache hit)
6245 http cache async-sema@https://registry.npmjs.org/async-sema/-/async-sema-3.1.1.tgz 0ms (cache hit)
6246 http cache acorn-import-attributes@https://registry.npmjs.org/acorn-import-attributes/-/acorn-import-attributes-1.9.5.tgz 0ms (cache hit)
6247 http cache @rollup/pluginutils@https://registry.npmjs.org/@rollup/pluginutils/-/pluginutils-5.4.0.tgz 0ms (cache hit)
6248 http cache @mapbox/node-pre-gyp@https://registry.npmjs.org/@mapbox/node-pre-gyp/-/node-pre-gyp-2.0.3.tgz 0ms (cache hit)
6249 http cache undici-types@https://registry.npmjs.org/undici-types/-/undici-types-8.9.0.tgz 0ms (cache hit)
6250 http cache @sindresorhus/transliterate@https://registry.npmjs.org/@sindresorhus/transliterate/-/transliterate-1.6.0.tgz 0ms (cache hit)
6251 http cache untildify@https://registry.npmjs.org/untildify/-/untildify-4.0.0.tgz 0ms (cache hit)
6252 http cache minimist@https://registry.npmjs.org/minimist/-/minimist-1.2.8.tgz 0ms (cache hit)
6253 http cache enquirer@https://registry.npmjs.org/enquirer/-/enquirer-2.4.1.tgz 0ms (cache hit)
6254 http cache @opentelemetry/sdk-trace-base@https://registry.npmjs.org/@opentelemetry/sdk-trace-base/-/sdk-trace-base-2.10.0.tgz 0ms (cache hit)
6255 http cache require-in-the-middle@https://registry.npmjs.org/require-in-the-middle/-/require-in-the-middle-8.0.1.tgz 0ms (cache hit)
6256 http cache @opentelemetry/context-async-hooks@https://registry.npmjs.org/@opentelemetry/context-async-hooks/-/context-async-hooks-2.10.0.tgz 0ms (cache hit)
6257 http cache import-in-the-middle@https://registry.npmjs.org/import-in-the-middle/-/import-in-the-middle-3.5.2.tgz 1ms (cache hit)
6258 http cache @opentelemetry/sdk-trace@https://registry.npmjs.org/@opentelemetry/sdk-trace/-/sdk-trace-2.10.0.tgz 0ms (cache hit)
6259 http cache @opentelemetry/api-logs@https://registry.npmjs.org/@opentelemetry/api-logs/-/api-logs-0.221.0.tgz 0ms (cache hit)
6260 http cache @opentelemetry/semantic-conventions@https://registry.npmjs.org/@opentelemetry/semantic-conventions/-/semantic-conventions-1.43.0.tgz 0ms (cache hit)
6261 http cache @octokit/openapi-types@https://registry.npmjs.org/@octokit/openapi-types/-/openapi-types-29.0.1.tgz 0ms (cache hit)
6262 http cache json-with-bigint@https://registry.npmjs.org/json-with-bigint/-/json-with-bigint-3.5.12.tgz 0ms (cache hit)
6263 http cache @octokit/endpoint@https://registry.npmjs.org/@octokit/endpoint/-/endpoint-11.0.5.tgz 0ms (cache hit)
6264 http cache before-after-hook@https://registry.npmjs.org/before-after-hook/-/before-after-hook-4.0.0.tgz 0ms (cache hit)
6265 http cache universal-user-agent@https://registry.npmjs.org/universal-user-agent/-/universal-user-agent-7.0.3.tgz 0ms (cache hit)
6266 http cache @octokit/types@https://registry.npmjs.org/@octokit/types/-/types-18.0.0.tgz 0ms (cache hit)
6267 http cache @octokit/plugin-request-log@https://registry.npmjs.org/@octokit/plugin-request-log/-/plugin-request-log-6.0.0.tgz 0ms (cache hit)
6268 http cache @octokit/request-error@https://registry.npmjs.org/@octokit/request-error/-/request-error-7.1.2.tgz 0ms (cache hit)
6269 http cache @octokit/auth-token@https://registry.npmjs.org/@octokit/auth-token/-/auth-token-6.0.0.tgz 0ms (cache hit)
6270 http cache @octokit/plugin-rest-endpoint-methods@https://registry.npmjs.org/@octokit/plugin-rest-endpoint-methods/-/plugin-rest-endpoint-methods-17.0.0.tgz 0ms (cache hit)
6271 http cache @octokit/core@https://registry.npmjs.org/@octokit/core/-/core-7.0.8.tgz 0ms (cache hit)
6272 http cache @octokit/plugin-paginate-rest@https://registry.npmjs.org/@octokit/plugin-paginate-rest/-/plugin-paginate-rest-14.0.0.tgz 0ms (cache hit)
6273 http cache @babel/helper-validator-identifier@https://registry.npmjs.org/@babel/helper-validator-identifier/-/helper-validator-identifier-7.29.7.tgz 0ms (cache hit)
6274 http cache @octokit/request@https://registry.npmjs.org/@octokit/request/-/request-10.0.16.tgz 0ms (cache hit)
6275 http cache @babel/helper-string-parser@https://registry.npmjs.org/@babel/helper-string-parser/-/helper-string-parser-7.29.7.tgz 0ms (cache hit)
6276 http cache precinct@https://registry.npmjs.org/precinct/-/precinct-12.3.2.tgz 0ms (cache hit)
6277 http cache require-package-name@https://registry.npmjs.org/require-package-name/-/require-package-name-2.0.1.tgz 0ms (cache hit)
6278 http cache path-exists@https://registry.npmjs.org/path-exists/-/path-exists-5.0.0.tgz 0ms (cache hit)
6279 http cache normalize-path@https://registry.npmjs.org/normalize-path/-/normalize-path-3.0.0.tgz 0ms (cache hit)
6280 http cache fast-glob@https://registry.npmjs.org/fast-glob/-/fast-glob-3.3.3.tgz 0ms (cache hit)
6281 http cache es-module-lexer@https://registry.npmjs.org/es-module-lexer/-/es-module-lexer-1.7.0.tgz 0ms (cache hit)
6282 http cache is-path-inside@https://registry.npmjs.org/is-path-inside/-/is-path-inside-4.0.0.tgz 1ms (cache hit)
6283 http cache copy-file@https://registry.npmjs.org/copy-file/-/copy-file-11.1.0.tgz 0ms (cache hit)
6284 http cache archiver@https://registry.npmjs.org/archiver/-/archiver-8.0.0.tgz 0ms (cache hit)
6285 http cache unixify@https://registry.npmjs.org/unixify/-/unixify-1.0.0.tgz 0ms (cache hit)
6286 http cache @netlify/binary-info@https://registry.npmjs.org/@netlify/binary-info/-/binary-info-1.0.0.tgz 0ms (cache hit)
6287 http cache @octokit/graphql@https://registry.npmjs.org/@octokit/graphql/-/graphql-9.0.5.tgz 0ms (cache hit)
6288 http cache @vercel/nft@https://registry.npmjs.org/@vercel/nft/-/nft-1.3.1.tgz 0ms (cache hit)
6289 http cache @babel/types@https://registry.npmjs.org/@babel/types/-/types-7.29.8.tgz 0ms (cache hit)
6290 http cache @babel/parser@https://registry.npmjs.org/@babel/parser/-/parser-7.29.9.tgz 0ms (cache hit)
6291 http cache @netlify/cache@https://registry.npmjs.org/@netlify/cache/-/cache-4.0.1.tgz 0ms (cache hit)
6292 http cache mime-types@https://registry.npmjs.org/mime-types/-/mime-types-3.0.2.tgz 0ms (cache hit)
6293 http cache @opentelemetry/sdk-trace-node@https://registry.npmjs.org/@opentelemetry/sdk-trace-node/-/sdk-trace-node-2.10.0.tgz 0ms (cache hit)
6294 http cache @netlify/serverless-functions-api@https://registry.npmjs.org/@netlify/serverless-functions-api/-/serverless-functions-api-2.23.0.tgz 0ms (cache hit)
6295 http cache @opentelemetry/resources@https://registry.npmjs.org/@opentelemetry/resources/-/resources-2.10.0.tgz 0ms (cache hit)
6296 http cache @opentelemetry/core@https://registry.npmjs.org/@opentelemetry/core/-/core-2.10.0.tgz 0ms (cache hit)
6297 http cache ipx@https://registry.npmjs.org/ipx/-/ipx-3.1.1.tgz 0ms (cache hit)
6298 http cache escape-string-regexp@https://registry.npmjs.org/escape-string-regexp/-/escape-string-regexp-5.0.0.tgz 0ms (cache hit)
6299 http cache @netlify/local-functions-proxy-win32-x64@https://registry.npmjs.org/@netlify/local-functions-proxy-win32-x64/-/local-functions-proxy-win32-x64-1.1.1.tgz 0ms (cache hit)
6300 http cache @opentelemetry/instrumentation@https://registry.npmjs.org/@opentelemetry/instrumentation/-/instrumentation-0.221.0.tgz 0ms (cache hit)
6301 http cache @netlify/functions@https://registry.npmjs.org/@netlify/functions/-/functions-6.0.1.tgz 1ms (cache hit)
6302 http cache @netlify/types@https://registry.npmjs.org/@netlify/types/-/types-3.1.0.tgz 0ms (cache hit)
6303 http cache micromatch@https://registry.npmjs.org/micromatch/-/micromatch-4.0.8.tgz 0ms (cache hit)
6304 http cache tinyexec@https://registry.npmjs.org/tinyexec/-/tinyexec-1.3.1.tgz 0ms (cache hit)
6305 http cache urlpattern-polyfill@https://registry.npmjs.org/urlpattern-polyfill/-/urlpattern-polyfill-8.0.2.tgz 0ms (cache hit)
6306 http cache micro-memoize@https://registry.npmjs.org/micro-memoize/-/micro-memoize-5.2.0.tgz 0ms (cache hit)
6307 http cache tar@https://registry.npmjs.org/tar/-/tar-7.5.22.tgz 0ms (cache hit)
6308 http cache tmp-promise@https://registry.npmjs.org/tmp-promise/-/tmp-promise-3.0.3.tgz 0ms (cache hit)
6309 http cache parse-imports@https://registry.npmjs.org/parse-imports/-/parse-imports-2.2.1.tgz 0ms (cache hit)
6310 http cache p-retry@https://registry.npmjs.org/p-retry/-/p-retry-6.2.1.tgz 0ms (cache hit)
6311 http cache node-stream-zip@https://registry.npmjs.org/node-stream-zip/-/node-stream-zip-1.16.0.tgz 0ms (cache hit)
6312 http cache common-path-prefix@https://registry.npmjs.org/common-path-prefix/-/common-path-prefix-3.0.0.tgz 0ms (cache hit)
6313 http cache esbuild@https://registry.npmjs.org/esbuild/-/esbuild-0.28.1.tgz 0ms (cache hit)
6314 http cache @fastify/ajv-compiler@https://registry.npmjs.org/@fastify/ajv-compiler/-/ajv-compiler-4.0.6.tgz 0ms (cache hit)
6315 http cache @import-maps/resolve@https://registry.npmjs.org/@import-maps/resolve/-/resolve-2.0.0.tgz 0ms (cache hit)
6316 http cache ajv@https://registry.npmjs.org/ajv/-/ajv-8.20.0.tgz 0ms (cache hit)
6317 http cache ajv-errors@https://registry.npmjs.org/ajv-errors/-/ajv-errors-3.0.0.tgz 0ms (cache hit)
6318 http cache acorn@https://registry.npmjs.org/acorn/-/acorn-8.18.0.tgz 0ms (cache hit)
6319 http cache parse-gitignore@https://registry.npmjs.org/parse-gitignore/-/parse-gitignore-2.0.0.tgz 0ms (cache hit)
6320 http cache @whatwg-node/server@https://registry.npmjs.org/@whatwg-node/server/-/server-0.11.0.tgz 0ms (cache hit)
6321 http cache empathic@https://registry.npmjs.org/empathic/-/empathic-2.1.0.tgz 0ms (cache hit)
6322 http cache @electric-sql/pglite@https://registry.npmjs.org/@electric-sql/pglite/-/pglite-0.3.16.tgz 0ms (cache hit)
6323 http cache atomically@https://registry.npmjs.org/atomically/-/atomically-2.1.1.tgz 0ms (cache hit)
6324 http cache dettle@https://registry.npmjs.org/dettle/-/dettle-1.0.5.tgz 0ms (cache hit)
6325 http cache pg-gateway@https://registry.npmjs.org/pg-gateway/-/pg-gateway-0.3.0-beta.4.tgz 0ms (cache hit)
6326 http cache @netlify/static@https://registry.npmjs.org/@netlify/static/-/static-4.0.0.tgz 0ms (cache hit)
6327 http cache @netlify/runtime@https://registry.npmjs.org/@netlify/runtime/-/runtime-5.0.6.tgz 0ms (cache hit)
6328 http cache @netlify/redirects@https://registry.npmjs.org/@netlify/redirects/-/redirects-4.0.3.tgz 0ms (cache hit)
6329 http cache @netlify/headers@https://registry.npmjs.org/@netlify/headers/-/headers-3.0.2.tgz 0ms (cache hit)
6330 http cache validate-npm-package-name@https://registry.npmjs.org/validate-npm-package-name/-/validate-npm-package-name-5.0.1.tgz 0ms (cache hit)
6331 http cache @netlify/edge-functions-dev@https://registry.npmjs.org/@netlify/edge-functions-dev/-/edge-functions-dev-2.0.2.tgz 0ms (cache hit)
6332 http cache @netlify/functions-dev@https://registry.npmjs.org/@netlify/functions-dev/-/functions-dev-2.0.9.tgz 0ms (cache hit)
6333 http cache path-type@https://registry.npmjs.org/path-type/-/path-type-6.0.0.tgz 0ms (cache hit)
6334 http cache @netlify/database-dev@https://registry.npmjs.org/@netlify/database-dev/-/database-dev-1.0.1.tgz 0ms (cache hit)
6335 http cache p-locate@https://registry.npmjs.org/p-locate/-/p-locate-6.0.0.tgz 1ms (cache hit)
6336 http cache map-obj@https://registry.npmjs.org/map-obj/-/map-obj-5.0.2.tgz 0ms (cache hit)
6337 http cache is-plain-obj@https://registry.npmjs.org/is-plain-obj/-/is-plain-obj-4.1.0.tgz 0ms (cache hit)
6338 http cache filter-obj@https://registry.npmjs.org/filter-obj/-/filter-obj-6.1.0.tgz 0ms (cache hit)
6339 http cache fast-safe-stringify@https://registry.npmjs.org/fast-safe-stringify/-/fast-safe-stringify-2.1.1.tgz 0ms (cache hit)
6340 http cache deepmerge@https://registry.npmjs.org/deepmerge/-/deepmerge-4.3.1.tgz 0ms (cache hit)
6341 http cache get-stream@https://registry.npmjs.org/get-stream/-/get-stream-9.0.1.tgz 0ms (cache hit)
6342 http cache junk@https://registry.npmjs.org/junk/-/junk-4.0.1.tgz 0ms (cache hit)
6343 http cache smol-toml@https://registry.npmjs.org/smol-toml/-/smol-toml-1.9.0.tgz 0ms (cache hit)
6344 http cache read-pkg@https://registry.npmjs.org/read-pkg/-/read-pkg-9.0.1.tgz 0ms (cache hit)
6345 http cache lockparse@https://registry.npmjs.org/lockparse/-/lockparse-0.5.2.tgz 0ms (cache hit)
6346 http cache pump@https://registry.npmjs.org/pump/-/pump-3.0.4.tgz 0ms (cache hit)
6347 http cache byline@https://registry.npmjs.org/byline/-/byline-5.0.0.tgz 0ms (cache hit)
6348 http cache iserror@https://registry.npmjs.org/iserror/-/iserror-0.0.2.tgz 0ms (cache hit)
6349 http cache stack-generator@https://registry.npmjs.org/stack-generator/-/stack-generator-2.0.10.tgz 0ms (cache hit)
6350 http cache error-stack-parser@https://registry.npmjs.org/error-stack-parser/-/error-stack-parser-2.1.4.tgz 0ms (cache hit)
6351 http cache @bugsnag/safe-json-stringify@https://registry.npmjs.org/@bugsnag/safe-json-stringify/-/safe-json-stringify-6.1.0.tgz 0ms (cache hit)
6352 http cache @bugsnag/cuid@https://registry.npmjs.org/@bugsnag/cuid/-/cuid-3.2.2.tgz 0ms (cache hit)
6353 http cache @bugsnag/node@https://registry.npmjs.org/@bugsnag/node/-/node-8.10.0.tgz 0ms (cache hit)
6354 http cache @bugsnag/core@https://registry.npmjs.org/@bugsnag/core/-/core-8.9.0.tgz 0ms (cache hit)
6355 http cache @bugsnag/browser@https://registry.npmjs.org/@bugsnag/browser/-/browser-8.10.0.tgz 0ms (cache hit)
6356 http cache @types/node@https://registry.npmjs.org/@types/node/-/node-26.6.3.tgz 0ms (cache hit)
6357 http cache zod@https://registry.npmjs.org/zod/-/zod-4.6.5.tgz 0ms (cache hit)
6358 http cache yargs@https://registry.npmjs.org/yargs/-/yargs-17.7.3.tgz 1ms (cache hit)
6359 http cache yaml@https://registry.npmjs.org/yaml/-/yaml-2.9.1.tgz 0ms (cache hit)
6360 http cache typescript@https://registry.npmjs.org/typescript/-/typescript-5.9.3.tgz 0ms (cache hit)
6361 http cache ts-node@https://registry.npmjs.org/ts-node/-/ts-node-10.9.2.tgz 0ms (cache hit)
6362 http cache supports-color@https://registry.npmjs.org/supports-color/-/supports-color-11.0.0.tgz 0ms (cache hit)
6363 http cache safe-json-stringify@https://registry.npmjs.org/safe-json-stringify/-/safe-json-stringify-1.2.0.tgz 0ms (cache hit)
6364 http cache rfdc@https://registry.npmjs.org/rfdc/-/rfdc-1.4.1.tgz 0ms (cache hit)
6365 http cache resolve@https://registry.npmjs.org/resolve/-/resolve-2.0.0-next.7.tgz 0ms (cache hit)
6366 http cache ps-list@https://registry.npmjs.org/ps-list/-/ps-list-8.1.1.tgz 0ms (cache hit)
6367 http cache pretty-ms@https://registry.npmjs.org/pretty-ms/-/pretty-ms-9.3.1.tgz 0ms (cache hit)
6368 http cache package-directory@https://registry.npmjs.org/package-directory/-/package-directory-8.2.0.tgz 0ms (cache hit)
6369 http cache p-reduce@https://registry.npmjs.org/p-reduce/-/p-reduce-3.0.0.tgz 0ms (cache hit)
6370 http cache os-name@https://registry.npmjs.org/os-name/-/os-name-6.1.0.tgz 0ms (cache hit)
6371 http cache minimatch@https://registry.npmjs.org/minimatch/-/minimatch-10.2.6.tgz 0ms (cache hit)
6372 http cache memoize-one@https://registry.npmjs.org/memoize-one/-/memoize-one-6.0.0.tgz 0ms (cache hit)
6373 http cache log-process-errors@https://registry.npmjs.org/log-process-errors/-/log-process-errors-11.0.1.tgz 0ms (cache hit)
6374 http cache keep-func-props@https://registry.npmjs.org/keep-func-props/-/keep-func-props-6.0.0.tgz 0ms (cache hit)
6375 http cache indent-string@https://registry.npmjs.org/indent-string/-/indent-string-5.0.0.tgz 0ms (cache hit)
6376 http cache ignore@https://registry.npmjs.org/ignore/-/ignore-7.0.11.tgz 1ms (cache hit)
6377 http cache hot-shots@https://registry.npmjs.org/hot-shots/-/hot-shots-11.4.0.tgz 0ms (cache hit)
6378 http cache figures@https://registry.npmjs.org/figures/-/figures-6.1.0.tgz 0ms (cache hit)
6379 http cache fdir@https://registry.npmjs.org/fdir/-/fdir-6.5.0.tgz 0ms (cache hit)
6380 http cache fast-string-width@https://registry.npmjs.org/fast-string-width/-/fast-string-width-3.0.2.tgz 0ms (cache hit)
6381 http cache ansis@https://registry.npmjs.org/ansis/-/ansis-4.4.0.tgz 0ms (cache hit)
6382 http cache @sindresorhus/slugify@https://registry.npmjs.org/@sindresorhus/slugify/-/slugify-2.2.1.tgz 0ms (cache hit)
6383 http cache @netlify/run-utils@https://registry.npmjs.org/@netlify/run-utils/-/run-utils-7.1.0.tgz 0ms (cache hit)
6384 http cache @netlify/plugins-list@https://registry.npmjs.org/@netlify/plugins-list/-/plugins-list-6.81.11.tgz 0ms (cache hit)
6385 http cache @netlify/git-utils@https://registry.npmjs.org/@netlify/git-utils/-/git-utils-7.1.1.tgz 0ms (cache hit)
6386 http cache @netlify/opentelemetry-utils@https://registry.npmjs.org/@netlify/opentelemetry-utils/-/opentelemetry-utils-4.0.0.tgz 0ms (cache hit)
6387 http cache @netlify/functions-utils@https://registry.npmjs.org/@netlify/functions-utils/-/functions-utils-7.1.15.tgz 0ms (cache hit)
6388 http cache @netlify/cache-utils@https://registry.npmjs.org/@netlify/cache-utils/-/cache-utils-7.1.2.tgz 0ms (cache hit)
6389 http cache @bugsnag/js@https://registry.npmjs.org/@bugsnag/js/-/js-8.10.0.tgz 0ms (cache hit)
6390 http cache @netlify/runtime-utils@https://registry.npmjs.org/@netlify/runtime-utils/-/runtime-utils-3.0.0.tgz 0ms (cache hit)
6391 http cache @netlify/otel@https://registry.npmjs.org/@netlify/otel/-/otel-7.0.3.tgz 0ms (cache hit)
6392 http cache picoquery@https://registry.npmjs.org/picoquery/-/picoquery-2.5.0.tgz 0ms (cache hit)
6393 http cache @netlify/open-api@https://registry.npmjs.org/@netlify/open-api/-/open-api-2.60.0.tgz 0ms (cache hit)
6394 http cache mime@https://registry.npmjs.org/mime/-/mime-3.0.0.tgz 0ms (cache hit)
6395 http cache http-errors@https://registry.npmjs.org/http-errors/-/http-errors-2.0.1.tgz 0ms (cache hit)
6396 http cache fast-decode-uri-component@https://registry.npmjs.org/fast-decode-uri-component/-/fast-decode-uri-component-1.0.1.tgz 0ms (cache hit)
6397 http cache @lukeed/ms@https://registry.npmjs.org/@lukeed/ms/-/ms-2.0.2.tgz 0ms (cache hit)
6398 http cache escape-html@https://registry.npmjs.org/escape-html/-/escape-html-1.0.3.tgz 0ms (cache hit)
6399 http cache glob@https://registry.npmjs.org/glob/-/glob-13.0.6.tgz 0ms (cache hit)
6400 http cache fastify-plugin@https://registry.npmjs.org/fastify-plugin/-/fastify-plugin-6.0.0.tgz 0ms (cache hit)
6401 http cache fastq@https://registry.npmjs.org/fastq/-/fastq-1.20.3.tgz 0ms (cache hit)
6402 http cache content-disposition@https://registry.npmjs.org/content-disposition/-/content-disposition-3.0.0.tgz 0ms (cache hit)
6403 http cache @fastify/send@https://registry.npmjs.org/@fastify/send/-/send-4.1.1.tgz 0ms (cache hit)
6404 http cache yauzl@https://registry.npmjs.org/yauzl/-/yauzl-3.4.0.tgz 0ms (cache hit)
6405 http cache @fastify/error@https://registry.npmjs.org/@fastify/error/-/error-4.2.0.tgz 0ms (cache hit)
6406 http cache @fastify/accept-negotiator@https://registry.npmjs.org/@fastify/accept-negotiator/-/accept-negotiator-2.1.0.tgz 0ms (cache hit)
6407 http cache ws@https://registry.npmjs.org/ws/-/ws-8.22.0.tgz 0ms (cache hit)
6408 http cache write-file-atomic@https://registry.npmjs.org/write-file-atomic/-/write-file-atomic-5.0.1.tgz 0ms (cache hit)
6409 http cache update-notifier@https://registry.npmjs.org/update-notifier/-/update-notifier-7.3.1.tgz 0ms (cache hit)
6410 http cache ulid@https://registry.npmjs.org/ulid/-/ulid-3.0.2.tgz 0ms (cache hit)
6411 http cache tomlify-j0.4@https://registry.npmjs.org/tomlify-j0.4/-/tomlify-j0.4-3.0.0.tgz 0ms (cache hit)
6412 http cache toml@https://registry.npmjs.org/toml/-/toml-4.3.0.tgz 0ms (cache hit)
6413 http cache terminal-link@https://registry.npmjs.org/terminal-link/-/terminal-link-5.0.0.tgz 0ms (cache hit)
6414 http cache source-map-support@https://registry.npmjs.org/source-map-support/-/source-map-support-0.5.21.tgz 1ms (cache hit)
6415 http cache readdirp@https://registry.npmjs.org/readdirp/-/readdirp-5.1.1.tgz 0ms (cache hit)
6416 http cache read-package-up@https://registry.npmjs.org/read-package-up/-/read-package-up-12.0.0.tgz 0ms (cache hit)
6417 http cache prettyjson@https://registry.npmjs.org/prettyjson/-/prettyjson-1.2.5.tgz 0ms (cache hit)
6418 http cache raw-body@https://registry.npmjs.org/raw-body/-/raw-body-4.0.0.tgz 0ms (cache hit)
6419 http cache semver@https://registry.npmjs.org/semver/-/semver-7.8.5.tgz 0ms (cache hit)
6420 http cache pg@https://registry.npmjs.org/pg/-/pg-8.23.1.tgz 0ms (cache hit)
6421 http cache parse-github-url@https://registry.npmjs.org/parse-github-url/-/parse-github-url-1.0.4.tgz 0ms (cache hit)
6422 http cache parse-duration@https://registry.npmjs.org/parse-duration/-/parse-duration-2.1.9.tgz 0ms (cache hit)
6423 http cache parallel-transform@https://registry.npmjs.org/parallel-transform/-/parallel-transform-1.2.0.tgz 0ms (cache hit)
6424 http cache p-wait-for@https://registry.npmjs.org/p-wait-for/-/p-wait-for-6.0.0.tgz 0ms (cache hit)
6425 http cache p-map@https://registry.npmjs.org/p-map/-/p-map-7.0.8.tgz 0ms (cache hit)
6426 http cache p-filter@https://registry.npmjs.org/p-filter/-/p-filter-4.1.0.tgz 0ms (cache hit)
6427 http cache open@https://registry.npmjs.org/open/-/open-11.0.4.tgz 0ms (cache hit)
6428 http cache normalize-package-data@https://registry.npmjs.org/normalize-package-data/-/normalize-package-data-7.0.1.tgz 0ms (cache hit)
6429 http cache node-fetch@https://registry.npmjs.org/node-fetch/-/node-fetch-3.3.2.tgz 0ms (cache hit)
6430 http cache nanospinner@https://registry.npmjs.org/nanospinner/-/nanospinner-1.2.2.tgz 0ms (cache hit)
6431 http cache netlify-redirector@https://registry.npmjs.org/netlify-redirector/-/netlify-redirector-0.5.0.tgz 0ms (cache hit)
6432 http cache multiparty@https://registry.npmjs.org/multiparty/-/multiparty-4.3.1.tgz 0ms (cache hit)
6433 http cache modern-tar@https://registry.npmjs.org/modern-tar/-/modern-tar-0.8.5.tgz 0ms (cache hit)
6434 http cache maxstache-stream@https://registry.npmjs.org/maxstache-stream/-/maxstache-stream-1.0.4.tgz 0ms (cache hit)
6435 http cache maxstache@https://registry.npmjs.org/maxstache/-/maxstache-1.0.7.tgz 0ms (cache hit)
6436 http cache log-update@https://registry.npmjs.org/log-update/-/log-update-8.0.0.tgz 0ms (cache hit)
6437 http cache locate-path@https://registry.npmjs.org/locate-path/-/locate-path-8.0.0.tgz 0ms (cache hit)
6438 http cache lambda-local@https://registry.npmjs.org/lambda-local/-/lambda-local-2.2.0.tgz 0ms (cache hit)
6439 http cache jwt-decode@https://registry.npmjs.org/jwt-decode/-/jwt-decode-4.0.0.tgz 0ms (cache hit)
6440 http cache jsonwebtoken@https://registry.npmjs.org/jsonwebtoken/-/jsonwebtoken-9.0.3.tgz 0ms (cache hit)
6441 http cache isexe@https://registry.npmjs.org/isexe/-/isexe-4.0.0.tgz 0ms (cache hit)
6442 http cache is-wsl@https://registry.npmjs.org/is-wsl/-/is-wsl-3.1.1.tgz 0ms (cache hit)
6443 http cache is-stream@https://registry.npmjs.org/is-stream/-/is-stream-4.0.1.tgz 0ms (cache hit)
6444 http cache is-docker@https://registry.npmjs.org/is-docker/-/is-docker-4.0.0.tgz 0ms (cache hit)
6445 http cache inquirer-autocomplete-prompt@https://registry.npmjs.org/inquirer-autocomplete-prompt/-/inquirer-autocomplete-prompt-1.4.0.tgz 0ms (cache hit)
6446 http cache inquirer@https://registry.npmjs.org/inquirer/-/inquirer-8.2.7.tgz 0ms (cache hit)
6447 http cache https-proxy-agent@https://registry.npmjs.org/https-proxy-agent/-/https-proxy-agent-8.0.0.tgz 0ms (cache hit)
6448 http cache http-proxy-middleware@https://registry.npmjs.org/http-proxy-middleware/-/http-proxy-middleware-3.0.7.tgz 0ms (cache hit)
6449 http cache http-proxy@https://registry.npmjs.org/http-proxy/-/http-proxy-1.18.1.tgz 0ms (cache hit)
6450 http cache gitconfiglocal@https://registry.npmjs.org/gitconfiglocal/-/gitconfiglocal-2.1.0.tgz 0ms (cache hit)
6451 http cache git-repo-info@https://registry.npmjs.org/git-repo-info/-/git-repo-info-2.1.1.tgz 0ms (cache hit)
6452 http cache get-port@https://registry.npmjs.org/get-port/-/get-port-5.1.1.tgz 0ms (cache hit)
6453 http cache fuzzy@https://registry.npmjs.org/fuzzy/-/fuzzy-0.1.3.tgz 0ms (cache hit)
6454 http cache fastify@https://registry.npmjs.org/fastify/-/fastify-5.12.5.tgz 1ms (cache hit)
6455 http cache find-up@https://registry.npmjs.org/find-up/-/find-up-8.0.0.tgz 0ms (cache hit)
6456 http cache folder-walker@https://registry.npmjs.org/folder-walker/-/folder-walker-3.2.0.tgz 0ms (cache hit)
6457 http cache fastest-levenshtein@https://registry.npmjs.org/fastest-levenshtein/-/fastest-levenshtein-1.0.16.tgz 0ms (cache hit)
6458 http cache express-logging@https://registry.npmjs.org/express-logging/-/express-logging-1.1.1.tgz 0ms (cache hit)
6459 http cache execa@https://registry.npmjs.org/execa/-/execa-5.1.1.tgz 0ms (cache hit)
6460 http cache express@https://registry.npmjs.org/express/-/express-5.2.1.tgz 0ms (cache hit)
6461 http cache envinfo@https://registry.npmjs.org/envinfo/-/envinfo-7.21.0.tgz 0ms (cache hit)
6462 http cache etag@https://registry.npmjs.org/etag/-/etag-1.8.1.tgz 0ms (cache hit)
6463 http cache env-paths@https://registry.npmjs.org/env-paths/-/env-paths-4.0.0.tgz 0ms (cache hit)
6464 http cache dotenv@https://registry.npmjs.org/dotenv/-/dotenv-17.4.2.tgz 0ms (cache hit)
6465 http cache decache@https://registry.npmjs.org/decache/-/decache-4.6.2.tgz 0ms (cache hit)
6466 http cache dot-prop@https://registry.npmjs.org/dot-prop/-/dot-prop-10.2.0.tgz 0ms (cache hit)
6467 http cache debug@https://registry.npmjs.org/debug/-/debug-4.4.3.tgz 0ms (cache hit)
6468 http cache cron-parser@https://registry.npmjs.org/cron-parser/-/cron-parser-5.10.1.tgz 3ms (cache hit)
6469 http cache cookie@https://registry.npmjs.org/cookie/-/cookie-2.0.1.tgz 0ms (cache hit)
6470 http cache content-type@https://registry.npmjs.org/content-type/-/content-type-1.0.5.tgz 0ms (cache hit)
6471 http cache comment-json@https://registry.npmjs.org/comment-json/-/comment-json-5.0.0.tgz 0ms (cache hit)
6472 http cache commander@https://registry.npmjs.org/commander/-/commander-12.1.0.tgz 1ms (cache hit)
6473 http cache clean-deep@https://registry.npmjs.org/clean-deep/-/clean-deep-3.4.0.tgz 0ms (cache hit)
6474 http cache chokidar@https://registry.npmjs.org/chokidar/-/chokidar-5.0.0.tgz 0ms (cache hit)
6475 http cache better-ajv-errors@https://registry.npmjs.org/better-ajv-errors/-/better-ajv-errors-1.2.0.tgz 0ms (cache hit)
6476 http cache merge-options@https://registry.npmjs.org/merge-options/-/merge-options-3.0.4.tgz 0ms (cache hit)
6477 http cache boxen@https://registry.npmjs.org/boxen/-/boxen-8.0.1.tgz 0ms (cache hit)
6478 http cache backoff@https://registry.npmjs.org/backoff/-/backoff-2.5.0.tgz 0ms (cache hit)
6479 http cache @octokit/rest@https://registry.npmjs.org/@octokit/rest/-/rest-22.0.1.tgz 0ms (cache hit)
6480 http cache ascii-table@https://registry.npmjs.org/ascii-table/-/ascii-table-0.0.9.tgz 0ms (cache hit)
6481 http cache ansi-to-html@https://registry.npmjs.org/ansi-to-html/-/ansi-to-html-0.7.2.tgz 0ms (cache hit)
6482 http cache ansi-escapes@https://registry.npmjs.org/ansi-escapes/-/ansi-escapes-7.3.0.tgz 0ms (cache hit)
6483 http cache @netlify/zip-it-and-ship-it@https://registry.npmjs.org/@netlify/zip-it-and-ship-it/-/zip-it-and-ship-it-16.2.3.tgz 0ms (cache hit)
6484 http cache @netlify/server-dev@https://registry.npmjs.org/@netlify/server-dev/-/server-dev-0.1.2.tgz 0ms (cache hit)
6485 http cache @netlify/redirect-parser@https://registry.npmjs.org/@netlify/redirect-parser/-/redirect-parser-16.1.1.tgz 0ms (cache hit)
6486 http cache @netlify/local-functions-proxy@https://registry.npmjs.org/@netlify/local-functions-proxy/-/local-functions-proxy-2.0.3.tgz 0ms (cache hit)
6487 http cache @netlify/images@https://registry.npmjs.org/@netlify/images/-/images-2.0.2.tgz 0ms (cache hit)
6488 http cache @netlify/headers-parser@https://registry.npmjs.org/@netlify/headers-parser/-/headers-parser-10.1.1.tgz 0ms (cache hit)
6489 http cache @netlify/edge-functions-bootstrap@https://registry.npmjs.org/@netlify/edge-functions-bootstrap/-/edge-functions-bootstrap-3.2.0.tgz 0ms (cache hit)
6490 http cache @netlify/edge-functions@https://registry.npmjs.org/@netlify/edge-functions/-/edge-functions-4.0.1.tgz 0ms (cache hit)
6491 http cache @netlify/edge-bundler@https://registry.npmjs.org/@netlify/edge-bundler/-/edge-bundler-16.1.1.tgz 0ms (cache hit)
6492 http cache @netlify/dev-utils@https://registry.npmjs.org/@netlify/dev-utils/-/dev-utils-6.0.2.tgz 0ms (cache hit)
6493 http cache @netlify/dev@https://registry.npmjs.org/@netlify/dev/-/dev-5.1.4.tgz 0ms (cache hit)
6494 http cache @netlify/config@https://registry.npmjs.org/@netlify/config/-/config-25.2.6.tgz 0ms (cache hit)
6495 http cache @netlify/build-info@https://registry.npmjs.org/@netlify/build-info/-/build-info-11.3.0.tgz 1ms (cache hit)
6496 http cache @opentelemetry/api@https://registry.npmjs.org/@opentelemetry/api/-/api-1.9.1.tgz 0ms (cache hit)
6497 http cache @netlify/blobs@https://registry.npmjs.org/@netlify/blobs/-/blobs-11.1.2.tgz 0ms (cache hit)
6498 http cache @netlify/build@https://registry.npmjs.org/@netlify/build/-/build-37.3.3.tgz 0ms (cache hit)
6499 http cache @netlify/api@https://registry.npmjs.org/@netlify/api/-/api-15.1.2.tgz 0ms (cache hit)
6500 http cache @netlify/ai@https://registry.npmjs.org/@netlify/ai/-/ai-1.0.1.tgz 0ms (cache hit)
6501 http cache @fastify/static@https://registry.npmjs.org/@fastify/static/-/static-10.1.5.tgz 0ms (cache hit)
6502 http cache netlify-cli@https://registry.npmjs.org/netlify-cli/-/netlify-cli-27.10.2.tgz 0ms (cache hit)
6503 http cache @pnpm/tabtab@https://registry.npmjs.org/@pnpm/tabtab/-/tabtab-0.5.4.tgz 0ms (cache hit)
6504 http cache picomatch@https://registry.npmjs.org/picomatch/-/picomatch-2.3.2.tgz 0ms (cache hit)
6505 http cache ansi-styles@https://registry.npmjs.org/ansi-styles/-/ansi-styles-4.3.0.tgz 0ms (cache hit)
6506 http cache color-convert@https://registry.npmjs.org/color-convert/-/color-convert-2.0.1.tgz 0ms (cache hit)
6507 http cache is-fullwidth-code-point@https://registry.npmjs.org/is-fullwidth-code-point/-/is-fullwidth-code-point-3.0.0.tgz 1ms (cache hit)
6508 http cache emoji-regex@https://registry.npmjs.org/emoji-regex/-/emoji-regex-8.0.0.tgz 0ms (cache hit)
6509 http cache wrap-ansi@https://registry.npmjs.org/wrap-ansi/-/wrap-ansi-7.0.0.tgz 0ms (cache hit)
6510 http cache string-width@https://registry.npmjs.org/string-width/-/string-width-4.2.3.tgz 0ms (cache hit)
6511 http cache color-name@https://registry.npmjs.org/color-name/-/color-name-2.1.1.tgz 0ms (cache hit)
6512 http cache graceful-fs@https://registry.npmjs.org/graceful-fs/-/graceful-fs-4.2.10.tgz 0ms (cache hit)
6513 http cache ini@https://registry.npmjs.org/ini/-/ini-4.1.1.tgz 0ms (cache hit)
6514 http cache readable-stream@https://registry.npmjs.org/readable-stream/-/readable-stream-3.6.2.tgz 0ms (cache hit)
6515 http cache color-name@https://registry.npmjs.org/color-name/-/color-name-2.1.1.tgz 0ms (cache hit)
6516 http cache dot-prop@https://registry.npmjs.org/dot-prop/-/dot-prop-9.0.0.tgz 0ms (cache hit)
6517 http cache entities@https://registry.npmjs.org/entities/-/entities-4.5.0.tgz 0ms (cache hit)
6518 http cache @colors/colors@https://registry.npmjs.org/@colors/colors/-/colors-1.6.0.tgz 0ms (cache hit)
6519 http cache css-tree@https://registry.npmjs.org/css-tree/-/css-tree-2.2.1.tgz 0ms (cache hit)
6520 http cache supports-color@https://registry.npmjs.org/supports-color/-/supports-color-10.2.2.tgz 0ms (cache hit)
6521 http cache entities@https://registry.npmjs.org/entities/-/entities-7.0.1.tgz 1ms (cache hit)
6522 http cache semver@https://registry.npmjs.org/semver/-/semver-6.3.1.tgz 0ms (cache hit)
6523 http cache split2@https://registry.npmjs.org/split2/-/split2-4.2.0.tgz 0ms (cache hit)
6524 http cache split2@https://registry.npmjs.org/split2/-/split2-4.2.0.tgz 0ms (cache hit)
6525 http cache path-key@https://registry.npmjs.org/path-key/-/path-key-4.0.0.tgz 0ms (cache hit)
6526 http cache signal-exit@https://registry.npmjs.org/signal-exit/-/signal-exit-4.1.0.tgz 0ms (cache hit)
6527 http cache real-require@https://registry.npmjs.org/real-require/-/real-require-1.0.0.tgz 0ms (cache hit)
6528 http cache mdn-data@https://registry.npmjs.org/mdn-data/-/mdn-data-2.0.28.tgz 0ms (cache hit)
6529 http cache onetime@https://registry.npmjs.org/onetime/-/onetime-6.0.0.tgz 0ms (cache hit)
6530 http cache npm-run-path@https://registry.npmjs.org/npm-run-path/-/npm-run-path-5.3.0.tgz 0ms (cache hit)
6531 http cache is-stream@https://registry.npmjs.org/is-stream/-/is-stream-3.0.0.tgz 0ms (cache hit)
6532 http cache strip-final-newline@https://registry.npmjs.org/strip-final-newline/-/strip-final-newline-3.0.0.tgz 0ms (cache hit)
6533 http cache human-signals@https://registry.npmjs.org/human-signals/-/human-signals-5.0.0.tgz 0ms (cache hit)
6534 http cache color-convert@https://registry.npmjs.org/color-convert/-/color-convert-2.0.1.tgz 0ms (cache hit)
6535 http cache get-stream@https://registry.npmjs.org/get-stream/-/get-stream-8.0.1.tgz 1ms (cache hit)
6536 http cache execa@https://registry.npmjs.org/execa/-/execa-8.0.1.tgz 0ms (cache hit)
6537 http cache supports-color@https://registry.npmjs.org/supports-color/-/supports-color-7.2.0.tgz 0ms (cache hit)
6538 http cache readable-stream@https://registry.npmjs.org/readable-stream/-/readable-stream-3.6.2.tgz 0ms (cache hit)
6539 http cache ansi-styles@https://registry.npmjs.org/ansi-styles/-/ansi-styles-4.3.0.tgz 0ms (cache hit)
6540 http cache is-unicode-supported@https://registry.npmjs.org/is-unicode-supported/-/is-unicode-supported-0.1.0.tgz 0ms (cache hit)
6541 http cache has-flag@https://registry.npmjs.org/has-flag/-/has-flag-4.0.0.tgz 0ms (cache hit)
6542 http cache chalk@https://registry.npmjs.org/chalk/-/chalk-4.1.2.tgz 0ms (cache hit)
6543 http cache string_decoder@https://registry.npmjs.org/string_decoder/-/string_decoder-1.1.1.tgz 0ms (cache hit)
6544 http cache safe-buffer@https://registry.npmjs.org/safe-buffer/-/safe-buffer-5.1.2.tgz 1ms (cache hit)
6545 http cache is-docker@https://registry.npmjs.org/is-docker/-/is-docker-3.0.0.tgz 0ms (cache hit)
6546 http cache readable-stream@https://registry.npmjs.org/readable-stream/-/readable-stream-3.6.2.tgz 0ms (cache hit)
6547 http cache commander@https://registry.npmjs.org/commander/-/commander-2.20.3.tgz 0ms (cache hit)
6548 http cache commander@https://registry.npmjs.org/commander/-/commander-11.1.0.tgz 0ms (cache hit)
6549 http cache is-stream@https://registry.npmjs.org/is-stream/-/is-stream-2.0.1.tgz 0ms (cache hit)
6550 http cache readable-stream@https://registry.npmjs.org/readable-stream/-/readable-stream-2.3.8.tgz 0ms (cache hit)
6551 http cache isarray@https://registry.npmjs.org/isarray/-/isarray-1.0.0.tgz 0ms (cache hit)
6552 http cache crossws@https://registry.npmjs.org/crossws/-/crossws-0.4.12.tgz 0ms (cache hit)
6553 http cache citty@https://registry.npmjs.org/citty/-/citty-0.2.2.tgz 0ms (cache hit)
6554 http cache color-convert@https://registry.npmjs.org/color-convert/-/color-convert-2.0.1.tgz 0ms (cache hit)
6555 http cache has-flag@https://registry.npmjs.org/has-flag/-/has-flag-4.0.0.tgz 0ms (cache hit)
6556 http cache is-unicode-supported@https://registry.npmjs.org/is-unicode-supported/-/is-unicode-supported-0.1.0.tgz 0ms (cache hit)
6557 http cache ansi-styles@https://registry.npmjs.org/ansi-styles/-/ansi-styles-4.3.0.tgz 0ms (cache hit)
6558 http cache chalk@https://registry.npmjs.org/chalk/-/chalk-4.1.2.tgz 0ms (cache hit)
6559 http cache lru-cache@https://registry.npmjs.org/lru-cache/-/lru-cache-11.5.3.tgz 0ms (cache hit)
6560 http cache safe-buffer@https://registry.npmjs.org/safe-buffer/-/safe-buffer-5.1.2.tgz 0ms (cache hit)
6561 http cache string_decoder@https://registry.npmjs.org/string_decoder/-/string_decoder-1.1.1.tgz 0ms (cache hit)
6562 http cache isarray@https://registry.npmjs.org/isarray/-/isarray-1.0.0.tgz 0ms (cache hit)
6563 http cache readable-stream@https://registry.npmjs.org/readable-stream/-/readable-stream-2.3.8.tgz 0ms (cache hit)
6564 http cache process-warning@https://registry.npmjs.org/process-warning/-/process-warning-4.0.1.tgz 0ms (cache hit)
6565 http cache cookie@https://registry.npmjs.org/cookie/-/cookie-1.1.1.tgz 1ms (cache hit)
6566 http cache fast-uri@https://registry.npmjs.org/fast-uri/-/fast-uri-4.2.1.tgz 0ms (cache hit)
6567 http cache content-type@https://registry.npmjs.org/content-type/-/content-type-2.1.0.tgz 0ms (cache hit)
6568 http cache fast-uri@https://registry.npmjs.org/fast-uri/-/fast-uri-4.2.1.tgz 0ms (cache hit)
6569 http cache content-type@https://registry.npmjs.org/content-type/-/content-type-2.1.0.tgz 0ms (cache hit)
6570 http cache ipaddr.js@https://registry.npmjs.org/ipaddr.js/-/ipaddr.js-1.9.1.tgz 0ms (cache hit)
6571 http cache raw-body@https://registry.npmjs.org/raw-body/-/raw-body-3.0.2.tgz 0ms (cache hit)
6572 http cache mimic-fn@https://registry.npmjs.org/mimic-fn/-/mimic-fn-2.1.0.tgz 0ms (cache hit)
6573 http cache chalk@https://registry.npmjs.org/chalk/-/chalk-6.0.1.tgz 0ms (cache hit)
6574 http cache ansi-regex@https://registry.npmjs.org/ansi-regex/-/ansi-regex-6.4.0.tgz 0ms (cache hit)
6575 http cache is-fullwidth-code-point@https://registry.npmjs.org/is-fullwidth-code-point/-/is-fullwidth-code-point-3.0.0.tgz 1ms (cache hit)
6576 http cache strip-ansi@https://registry.npmjs.org/strip-ansi/-/strip-ansi-7.2.0.tgz 0ms (cache hit)
6577 http cache supports-color@https://registry.npmjs.org/supports-color/-/supports-color-7.2.0.tgz 0ms (cache hit)
6578 http cache ansi-regex@https://registry.npmjs.org/ansi-regex/-/ansi-regex-6.4.0.tgz 0ms (cache hit)
6579 http cache content-type@https://registry.npmjs.org/content-type/-/content-type-2.1.0.tgz 0ms (cache hit)
6580 http cache string-width@https://registry.npmjs.org/string-width/-/string-width-4.2.3.tgz 0ms (cache hit)
6581 http cache strip-ansi@https://registry.npmjs.org/strip-ansi/-/strip-ansi-7.2.0.tgz 0ms (cache hit)
6582 http cache buffer@https://registry.npmjs.org/buffer/-/buffer-6.0.3.tgz 0ms (cache hit)
6583 http cache string_decoder@https://registry.npmjs.org/string_decoder/-/string_decoder-1.1.1.tgz 0ms (cache hit)
6584 http cache isarray@https://registry.npmjs.org/isarray/-/isarray-1.0.0.tgz 0ms (cache hit)
6585 http cache safe-buffer@https://registry.npmjs.org/safe-buffer/-/safe-buffer-5.1.2.tgz 0ms (cache hit)
6586 http cache readable-stream@https://registry.npmjs.org/readable-stream/-/readable-stream-2.3.8.tgz 0ms (cache hit)
6587 http cache urlpattern-polyfill@https://registry.npmjs.org/urlpattern-polyfill/-/urlpattern-polyfill-10.1.0.tgz 0ms (cache hit)
6588 http cache agent-base@https://registry.npmjs.org/agent-base/-/agent-base-7.1.4.tgz 0ms (cache hit)
6589 http cache https-proxy-agent@https://registry.npmjs.org/https-proxy-agent/-/https-proxy-agent-7.0.6.tgz 0ms (cache hit)
6590 http cache node-fetch@https://registry.npmjs.org/node-fetch/-/node-fetch-2.7.0.tgz 0ms (cache hit)
6591 http cache es-module-lexer@https://registry.npmjs.org/es-module-lexer/-/es-module-lexer-3.0.2.tgz 0ms (cache hit)
6592 http cache content-type@https://registry.npmjs.org/content-type/-/content-type-3.1.1.tgz 0ms (cache hit)
6593 http cache emoji-regex@https://registry.npmjs.org/emoji-regex/-/emoji-regex-8.0.0.tgz 0ms (cache hit)
6594 http cache @octokit/openapi-types@https://registry.npmjs.org/@octokit/openapi-types/-/openapi-types-27.0.0.tgz 0ms (cache hit)
6595 http cache @octokit/types@https://registry.npmjs.org/@octokit/types/-/types-16.0.0.tgz 0ms (cache hit)
6596 http cache @octokit/openapi-types@https://registry.npmjs.org/@octokit/openapi-types/-/openapi-types-27.0.0.tgz 1ms (cache hit)
6597 http cache normalize-path@https://registry.npmjs.org/normalize-path/-/normalize-path-2.1.1.tgz 0ms (cache hit)
6598 http cache @octokit/types@https://registry.npmjs.org/@octokit/types/-/types-16.0.0.tgz 0ms (cache hit)
6599 http cache is-plain-obj@https://registry.npmjs.org/is-plain-obj/-/is-plain-obj-2.1.0.tgz 0ms (cache hit)
6600 http cache @netlify/types@https://registry.npmjs.org/@netlify/types/-/types-2.8.0.tgz 0ms (cache hit)
6601 http cache readdirp@https://registry.npmjs.org/readdirp/-/readdirp-4.1.2.tgz 0ms (cache hit)
6602 http cache @opentelemetry/sdk-trace@https://registry.npmjs.org/@opentelemetry/sdk-trace/-/sdk-trace-2.9.0.tgz 0ms (cache hit)
6603 http cache lru-cache@https://registry.npmjs.org/lru-cache/-/lru-cache-11.5.3.tgz 0ms (cache hit)
6604 http cache @opentelemetry/core@https://registry.npmjs.org/@opentelemetry/core/-/core-2.9.0.tgz 0ms (cache hit)
6605 http cache @opentelemetry/core@https://registry.npmjs.org/@opentelemetry/core/-/core-2.9.0.tgz 0ms (cache hit)
6606 http cache @opentelemetry/sdk-trace-base@https://registry.npmjs.org/@opentelemetry/sdk-trace-base/-/sdk-trace-base-2.9.0.tgz 1ms (cache hit)
6607 http cache @opentelemetry/api-logs@https://registry.npmjs.org/@opentelemetry/api-logs/-/api-logs-0.220.0.tgz 0ms (cache hit)
6608 http cache @opentelemetry/context-async-hooks@https://registry.npmjs.org/@opentelemetry/context-async-hooks/-/context-async-hooks-2.9.0.tgz 0ms (cache hit)
6609 http cache @opentelemetry/core@https://registry.npmjs.org/@opentelemetry/core/-/core-2.9.0.tgz 0ms (cache hit)
6610 http cache @opentelemetry/core@https://registry.npmjs.org/@opentelemetry/core/-/core-2.8.0.tgz 0ms (cache hit)
6611 http cache @opentelemetry/sdk-trace-node@https://registry.npmjs.org/@opentelemetry/sdk-trace-node/-/sdk-trace-node-2.9.0.tgz 0ms (cache hit)
6612 http cache @opentelemetry/instrumentation@https://registry.npmjs.org/@opentelemetry/instrumentation/-/instrumentation-0.220.0.tgz 0ms (cache hit)
6613 http cache env-paths@https://registry.npmjs.org/env-paths/-/env-paths-3.0.0.tgz 0ms (cache hit)
6614 http cache dot-prop@https://registry.npmjs.org/dot-prop/-/dot-prop-9.0.0.tgz 1ms (cache hit)
6615 http cache @opentelemetry/resources@https://registry.npmjs.org/@opentelemetry/resources/-/resources-2.9.0.tgz 0ms (cache hit)
6616 http cache @netlify/runtime-utils@https://registry.npmjs.org/@netlify/runtime-utils/-/runtime-utils-2.3.0.tgz 0ms (cache hit)
6617 http cache @netlify/dev-utils@https://registry.npmjs.org/@netlify/dev-utils/-/dev-utils-5.0.0.tgz 0ms (cache hit)
6618 http cache chokidar@https://registry.npmjs.org/chokidar/-/chokidar-4.0.3.tgz 0ms (cache hit)
6619 http cache @netlify/otel@https://registry.npmjs.org/@netlify/otel/-/otel-6.0.6.tgz 0ms (cache hit)
6620 http cache @netlify/blobs@https://registry.npmjs.org/@netlify/blobs/-/blobs-10.7.13.tgz 0ms (cache hit)
6621 http cache has-flag@https://registry.npmjs.org/has-flag/-/has-flag-4.0.0.tgz 0ms (cache hit)
6622 http cache supports-color@https://registry.npmjs.org/supports-color/-/supports-color-7.2.0.tgz 0ms (cache hit)
6623 http cache picomatch@https://registry.npmjs.org/picomatch/-/picomatch-2.3.2.tgz 0ms (cache hit)
6624 http cache ansi-styles@https://registry.npmjs.org/ansi-styles/-/ansi-styles-4.3.0.tgz 0ms (cache hit)
6625 http cache color-convert@https://registry.npmjs.org/color-convert/-/color-convert-2.0.1.tgz 0ms (cache hit)
6626 http cache @netlify/edge-functions-bootstrap@https://registry.npmjs.org/@netlify/edge-functions-bootstrap/-/edge-functions-bootstrap-2.16.0.tgz 0ms (cache hit)
6627 http cache chalk@https://registry.npmjs.org/chalk/-/chalk-4.1.2.tgz 0ms (cache hit)
6628 http cache get-port@https://registry.npmjs.org/get-port/-/get-port-7.2.0.tgz 0ms (cache hit)
6629 http cache hosted-git-info@https://registry.npmjs.org/hosted-git-info/-/hosted-git-info-7.0.2.tgz 0ms (cache hit)
6630 http cache @opentelemetry/core@https://registry.npmjs.org/@opentelemetry/core/-/core-2.9.0.tgz 1ms (cache hit)
6631 http cache unicorn-magic@https://registry.npmjs.org/unicorn-magic/-/unicorn-magic-0.1.0.tgz 1ms (cache hit)
6632 http cache ci-info@https://registry.npmjs.org/ci-info/-/ci-info-4.4.0.tgz 0ms (cache hit)
6633 http cache normalize-package-data@https://registry.npmjs.org/normalize-package-data/-/normalize-package-data-6.0.2.tgz 0ms (cache hit)
6634 http cache unstorage@https://registry.npmjs.org/unstorage/-/unstorage-1.17.5.tgz 0ms (cache hit)
6635 http cache path-key@https://registry.npmjs.org/path-key/-/path-key-4.0.0.tgz 0ms (cache hit)
6636 http cache strip-final-newline@https://registry.npmjs.org/strip-final-newline/-/strip-final-newline-3.0.0.tgz 0ms (cache hit)
6637 http cache string-width@https://registry.npmjs.org/string-width/-/string-width-4.2.3.tgz 0ms (cache hit)
6638 http cache emoji-regex@https://registry.npmjs.org/emoji-regex/-/emoji-regex-8.0.0.tgz 0ms (cache hit)
6639 http cache onetime@https://registry.npmjs.org/onetime/-/onetime-6.0.0.tgz 0ms (cache hit)
6640 http cache signal-exit@https://registry.npmjs.org/signal-exit/-/signal-exit-4.1.0.tgz 0ms (cache hit)
6641 http cache npm-run-path@https://registry.npmjs.org/npm-run-path/-/npm-run-path-5.3.0.tgz 0ms (cache hit)
6642 http cache is-stream@https://registry.npmjs.org/is-stream/-/is-stream-3.0.0.tgz 0ms (cache hit)
6643 http cache human-signals@https://registry.npmjs.org/human-signals/-/human-signals-5.0.0.tgz 0ms (cache hit)
6644 http cache get-stream@https://registry.npmjs.org/get-stream/-/get-stream-8.0.1.tgz 0ms (cache hit)
6645 http cache execa@https://registry.npmjs.org/execa/-/execa-8.0.1.tgz 7ms (cache hit)
6646 http cache signal-exit@https://registry.npmjs.org/signal-exit/-/signal-exit-4.1.0.tgz 0ms (cache hit)
6647 http cache chalk@https://registry.npmjs.org/chalk/-/chalk-5.6.2.tgz 0ms (cache hit)
6648 http cache lru-cache@https://registry.npmjs.org/lru-cache/-/lru-cache-11.5.3.tgz 0ms (cache hit)
6649 http cache hosted-git-info@https://registry.npmjs.org/hosted-git-info/-/hosted-git-info-9.0.3.tgz 0ms (cache hit)
6650 http cache unicorn-magic@https://registry.npmjs.org/unicorn-magic/-/unicorn-magic-0.4.1.tgz 0ms (cache hit)
6651 http cache normalize-package-data@https://registry.npmjs.org/normalize-package-data/-/normalize-package-data-8.0.0.tgz 0ms (cache hit)
6652 http cache type-fest@https://registry.npmjs.org/type-fest/-/type-fest-5.10.0.tgz 0ms (cache hit)
6653 http cache string_decoder@https://registry.npmjs.org/string_decoder/-/string_decoder-1.1.1.tgz 1ms (cache hit)
6654 http cache safe-buffer@https://registry.npmjs.org/safe-buffer/-/safe-buffer-5.1.2.tgz 0ms (cache hit)
6655 http cache read-pkg@https://registry.npmjs.org/read-pkg/-/read-pkg-10.1.0.tgz 0ms (cache hit)
6656 http cache isarray@https://registry.npmjs.org/isarray/-/isarray-1.0.0.tgz 0ms (cache hit)
6657 http cache statuses@https://registry.npmjs.org/statuses/-/statuses-2.0.1.tgz 0ms (cache hit)
6658 http cache readable-stream@https://registry.npmjs.org/readable-stream/-/readable-stream-2.3.8.tgz 0ms (cache hit)
6659 http cache http-errors@https://registry.npmjs.org/http-errors/-/http-errors-2.0.0.tgz 0ms (cache hit)
6660 http cache pump@https://registry.npmjs.org/pump/-/pump-1.0.3.tgz 0ms (cache hit)
6661 http cache ansi-regex@https://registry.npmjs.org/ansi-regex/-/ansi-regex-6.4.0.tgz 0ms (cache hit)
6662 http cache signal-exit@https://registry.npmjs.org/signal-exit/-/signal-exit-4.1.0.tgz 0ms (cache hit)
6663 http cache onetime@https://registry.npmjs.org/onetime/-/onetime-7.0.0.tgz 0ms (cache hit)
6664 http cache restore-cursor@https://registry.npmjs.org/restore-cursor/-/restore-cursor-5.1.0.tgz 0ms (cache hit)
6665 http cache wrap-ansi@https://registry.npmjs.org/wrap-ansi/-/wrap-ansi-10.0.2.tgz 0ms (cache hit)
6666 http cache strip-ansi@https://registry.npmjs.org/strip-ansi/-/strip-ansi-7.2.0.tgz 0ms (cache hit)
6667 http cache string-width@https://registry.npmjs.org/string-width/-/string-width-8.3.0.tgz 0ms (cache hit)
6668 http cache cli-cursor@https://registry.npmjs.org/cli-cursor/-/cli-cursor-5.0.0.tgz 0ms (cache hit)
6669 http cache dotenv@https://registry.npmjs.org/dotenv/-/dotenv-16.6.1.tgz 0ms (cache hit)
6670 http cache commander@https://registry.npmjs.org/commander/-/commander-10.0.1.tgz 0ms (cache hit)
6671 http cache has-flag@https://registry.npmjs.org/has-flag/-/has-flag-4.0.0.tgz 1ms (cache hit)
6672 http cache tslib@https://registry.npmjs.org/tslib/-/tslib-1.14.1.tgz 0ms (cache hit)
6673 http cache escape-string-regexp@https://registry.npmjs.org/escape-string-regexp/-/escape-string-regexp-1.0.5.tgz 0ms (cache hit)
6674 http cache color-convert@https://registry.npmjs.org/color-convert/-/color-convert-2.0.1.tgz 0ms (cache hit)
6675 http cache supports-color@https://registry.npmjs.org/supports-color/-/supports-color-7.2.0.tgz 0ms (cache hit)
6676 http cache ansi-styles@https://registry.npmjs.org/ansi-styles/-/ansi-styles-4.3.0.tgz 0ms (cache hit)
6677 http cache rxjs@https://registry.npmjs.org/rxjs/-/rxjs-6.6.7.tgz 0ms (cache hit)
6678 http cache figures@https://registry.npmjs.org/figures/-/figures-3.2.0.tgz 0ms (cache hit)
6679 http cache chalk@https://registry.npmjs.org/chalk/-/chalk-4.1.2.tgz 0ms (cache hit)
6680 http cache ansi-escapes@https://registry.npmjs.org/ansi-escapes/-/ansi-escapes-4.3.2.tgz 0ms (cache hit)
6681 http cache type-fest@https://registry.npmjs.org/type-fest/-/type-fest-0.21.3.tgz 1ms (cache hit)
6682 http cache is-fullwidth-code-point@https://registry.npmjs.org/is-fullwidth-code-point/-/is-fullwidth-code-point-3.0.0.tgz 0ms (cache hit)
6683 http cache has-flag@https://registry.npmjs.org/has-flag/-/has-flag-4.0.0.tgz 0ms (cache hit)
6684 http cache emoji-regex@https://registry.npmjs.org/emoji-regex/-/emoji-regex-8.0.0.tgz 0ms (cache hit)
6685 http cache escape-string-regexp@https://registry.npmjs.org/escape-string-regexp/-/escape-string-regexp-1.0.5.tgz 0ms (cache hit)
6686 http cache color-convert@https://registry.npmjs.org/color-convert/-/color-convert-2.0.1.tgz 0ms (cache hit)
6687 http cache supports-color@https://registry.npmjs.org/supports-color/-/supports-color-7.2.0.tgz 0ms (cache hit)
6688 http cache ansi-styles@https://registry.npmjs.org/ansi-styles/-/ansi-styles-4.3.0.tgz 0ms (cache hit)
6689 http cache type-fest@https://registry.npmjs.org/type-fest/-/type-fest-0.21.3.tgz 0ms (cache hit)
6690 http cache wrap-ansi@https://registry.npmjs.org/wrap-ansi/-/wrap-ansi-6.2.0.tgz 0ms (cache hit)
6691 http cache string-width@https://registry.npmjs.org/string-width/-/string-width-4.2.3.tgz 0ms (cache hit)
6692 http cache figures@https://registry.npmjs.org/figures/-/figures-3.2.0.tgz 0ms (cache hit)
6693 http cache chalk@https://registry.npmjs.org/chalk/-/chalk-4.1.2.tgz 0ms (cache hit)
6694 http cache ansi-escapes@https://registry.npmjs.org/ansi-escapes/-/ansi-escapes-4.3.2.tgz 0ms (cache hit)
6695 http cache cookie@https://registry.npmjs.org/cookie/-/cookie-0.7.2.tgz 0ms (cache hit)
6696 http cache is-stream@https://registry.npmjs.org/is-stream/-/is-stream-2.0.1.tgz 0ms (cache hit)
6697 http cache content-disposition@https://registry.npmjs.org/content-disposition/-/content-disposition-1.1.0.tgz 1ms (cache hit)
6698 http cache get-stream@https://registry.npmjs.org/get-stream/-/get-stream-6.0.1.tgz 0ms (cache hit)
6699 http cache chalk@https://registry.npmjs.org/chalk/-/chalk-5.6.2.tgz 0ms (cache hit)
6700 http cache path-key@https://registry.npmjs.org/path-key/-/path-key-4.0.0.tgz 0ms (cache hit)
6701 http cache unicorn-magic@https://registry.npmjs.org/unicorn-magic/-/unicorn-magic-0.1.0.tgz 0ms (cache hit)
6702 http cache onetime@https://registry.npmjs.org/onetime/-/onetime-6.0.0.tgz 0ms (cache hit)
6703 http cache strip-final-newline@https://registry.npmjs.org/strip-final-newline/-/strip-final-newline-3.0.0.tgz 0ms (cache hit)
6704 http cache npm-run-path@https://registry.npmjs.org/npm-run-path/-/npm-run-path-5.3.0.tgz 7ms (cache hit)
6705 http cache signal-exit@https://registry.npmjs.org/signal-exit/-/signal-exit-4.1.0.tgz 0ms (cache hit)
6706 http cache is-stream@https://registry.npmjs.org/is-stream/-/is-stream-3.0.0.tgz 0ms (cache hit)
6707 http cache human-signals@https://registry.npmjs.org/human-signals/-/human-signals-5.0.0.tgz 16ms (cache hit)
6708 http cache get-stream@https://registry.npmjs.org/get-stream/-/get-stream-8.0.1.tgz 0ms (cache hit)
6709 http cache @netlify/types@https://registry.npmjs.org/@netlify/types/-/types-2.8.0.tgz 0ms (cache hit)
6710 http cache locate-path@https://registry.npmjs.org/locate-path/-/locate-path-7.2.0.tgz 0ms (cache hit)
6711 http cache find-up@https://registry.npmjs.org/find-up/-/find-up-7.0.0.tgz 1ms (cache hit)
6712 http cache type-fest@https://registry.npmjs.org/type-fest/-/type-fest-5.10.0.tgz 0ms (cache hit)
6713 http cache execa@https://registry.npmjs.org/execa/-/execa-8.0.1.tgz 0ms (cache hit)
6714 http cache @netlify/serverless-functions-api@https://registry.npmjs.org/@netlify/serverless-functions-api/-/serverless-functions-api-2.18.0.tgz 0ms (cache hit)
6715 http cache get-port@https://registry.npmjs.org/get-port/-/get-port-7.2.0.tgz 0ms (cache hit)
6716 http cache path-key@https://registry.npmjs.org/path-key/-/path-key-4.0.0.tgz 0ms (cache hit)
6717 http cache locate-path@https://registry.npmjs.org/locate-path/-/locate-path-7.2.0.tgz 0ms (cache hit)
6718 http cache strip-final-newline@https://registry.npmjs.org/strip-final-newline/-/strip-final-newline-3.0.0.tgz 0ms (cache hit)
6719 http cache unicorn-magic@https://registry.npmjs.org/unicorn-magic/-/unicorn-magic-0.1.0.tgz 0ms (cache hit)
6720 http cache signal-exit@https://registry.npmjs.org/signal-exit/-/signal-exit-4.1.0.tgz 0ms (cache hit)
6721 http cache npm-run-path@https://registry.npmjs.org/npm-run-path/-/npm-run-path-5.3.0.tgz 0ms (cache hit)
6722 http cache is-stream@https://registry.npmjs.org/is-stream/-/is-stream-3.0.0.tgz 0ms (cache hit)
6723 http cache human-signals@https://registry.npmjs.org/human-signals/-/human-signals-5.0.0.tgz 0ms (cache hit)
6724 http cache get-stream@https://registry.npmjs.org/get-stream/-/get-stream-8.0.1.tgz 0ms (cache hit)
6725 http cache find-up@https://registry.npmjs.org/find-up/-/find-up-7.0.0.tgz 0ms (cache hit)
6726 http cache execa@https://registry.npmjs.org/execa/-/execa-8.0.1.tgz 0ms (cache hit)
6727 http cache env-paths@https://registry.npmjs.org/env-paths/-/env-paths-3.0.0.tgz 0ms (cache hit)
6728 http cache dot-prop@https://registry.npmjs.org/dot-prop/-/dot-prop-9.0.0.tgz 0ms (cache hit)
6729 http cache path-key@https://registry.npmjs.org/path-key/-/path-key-4.0.0.tgz 0ms (cache hit)
6730 http cache unicorn-magic@https://registry.npmjs.org/unicorn-magic/-/unicorn-magic-0.1.0.tgz 0ms (cache hit)
6731 http cache locate-path@https://registry.npmjs.org/locate-path/-/locate-path-7.2.0.tgz 0ms (cache hit)
6732 http cache strip-final-newline@https://registry.npmjs.org/strip-final-newline/-/strip-final-newline-3.0.0.tgz 0ms (cache hit)
6733 http cache signal-exit@https://registry.npmjs.org/signal-exit/-/signal-exit-4.1.0.tgz 1ms (cache hit)
6734 http cache onetime@https://registry.npmjs.org/onetime/-/onetime-6.0.0.tgz 0ms (cache hit)
6735 http cache npm-run-path@https://registry.npmjs.org/npm-run-path/-/npm-run-path-5.3.0.tgz 0ms (cache hit)
6736 http cache is-stream@https://registry.npmjs.org/is-stream/-/is-stream-3.0.0.tgz 0ms (cache hit)
6737 http cache human-signals@https://registry.npmjs.org/human-signals/-/human-signals-5.0.0.tgz 0ms (cache hit)
6738 http cache get-stream@https://registry.npmjs.org/get-stream/-/get-stream-8.0.1.tgz 0ms (cache hit)
6739 http cache read-package-up@https://registry.npmjs.org/read-package-up/-/read-package-up-11.0.0.tgz 0ms (cache hit)
6740 http cache unicorn-magic@https://registry.npmjs.org/unicorn-magic/-/unicorn-magic-0.1.0.tgz 0ms (cache hit)
6741 http cache execa@https://registry.npmjs.org/execa/-/execa-8.0.1.tgz 0ms (cache hit)
6742 http cache find-up@https://registry.npmjs.org/find-up/-/find-up-7.0.0.tgz 0ms (cache hit)
6743 http cache dot-prop@https://registry.npmjs.org/dot-prop/-/dot-prop-9.0.0.tgz 0ms (cache hit)
6744 http cache has-flag@https://registry.npmjs.org/has-flag/-/has-flag-4.0.0.tgz 0ms (cache hit)
6745 http cache locate-path@https://registry.npmjs.org/locate-path/-/locate-path-7.2.0.tgz 0ms (cache hit)
6746 http cache dot-prop@https://registry.npmjs.org/dot-prop/-/dot-prop-9.0.0.tgz 0ms (cache hit)
6747 http cache find-up@https://registry.npmjs.org/find-up/-/find-up-7.0.0.tgz 0ms (cache hit)
6748 http cache supports-color@https://registry.npmjs.org/supports-color/-/supports-color-7.2.0.tgz 0ms (cache hit)
6749 http cache supports-hyperlinks@https://registry.npmjs.org/supports-hyperlinks/-/supports-hyperlinks-3.2.0.tgz 0ms (cache hit)
6750 http cache path-key@https://registry.npmjs.org/path-key/-/path-key-4.0.0.tgz 0ms (cache hit)
6751 http cache strip-final-newline@https://registry.npmjs.org/strip-final-newline/-/strip-final-newline-3.0.0.tgz 0ms (cache hit)
6752 http cache signal-exit@https://registry.npmjs.org/signal-exit/-/signal-exit-4.1.0.tgz 1ms (cache hit)
6753 http cache isexe@https://registry.npmjs.org/isexe/-/isexe-2.0.0.tgz 0ms (cache hit)
6754 http cache is-fullwidth-code-point@https://registry.npmjs.org/is-fullwidth-code-point/-/is-fullwidth-code-point-3.0.0.tgz 0ms (cache hit)
6755 http cache npm-run-path@https://registry.npmjs.org/npm-run-path/-/npm-run-path-5.3.0.tgz 0ms (cache hit)
6756 http cache is-stream@https://registry.npmjs.org/is-stream/-/is-stream-3.0.0.tgz 0ms (cache hit)
6757 http cache human-signals@https://registry.npmjs.org/human-signals/-/human-signals-5.0.0.tgz 1ms (cache hit)
6758 http cache get-stream@https://registry.npmjs.org/get-stream/-/get-stream-8.0.1.tgz 0ms (cache hit)
6759 http cache terminal-link@https://registry.npmjs.org/terminal-link/-/terminal-link-4.0.0.tgz 0ms (cache hit)
6760 http cache readdirp@https://registry.npmjs.org/readdirp/-/readdirp-4.1.2.tgz 0ms (cache hit)
6761 silly tarball no local data for mimic-function@https://registry.npmjs.org/mimic-function/-/mimic-function-5.0.1.tgz. Extracting by manifest.
6762 silly tarball no local data for anymatch@https://registry.npmjs.org/anymatch/-/anymatch-3.1.3.tgz. Extracting by manifest.
6763 http cache read-package-up@https://registry.npmjs.org/read-package-up/-/read-package-up-11.0.0.tgz 0ms (cache hit)
6764 silly tarball no local data for core-util-is@https://registry.npmjs.org/core-util-is/-/core-util-is-1.0.3.tgz. Extracting by manifest.
6765 http cache execa@https://registry.npmjs.org/execa/-/execa-8.0.1.tgz 0ms (cache hit)
6766 silly tarball no local data for tagged-tag@https://registry.npmjs.org/tagged-tag/-/tagged-tag-1.0.0.tgz. Extracting by manifest.
6767 http cache onetime@https://registry.npmjs.org/onetime/-/onetime-6.0.0.tgz 0ms (cache hit)
6768 silly tarball no local data for unpipe@https://registry.npmjs.org/unpipe/-/unpipe-1.0.0.tgz. Extracting by manifest.
6769 http cache onetime@https://registry.npmjs.org/onetime/-/onetime-6.0.0.tgz 0ms (cache hit)
6770 silly tarball no local data for process-nextick-args@https://registry.npmjs.org/process-nextick-args/-/process-nextick-args-2.0.1.tgz. Extracting by manifest.
6771 silly tarball no local data for util-deprecate@https://registry.npmjs.org/util-deprecate/-/util-deprecate-1.0.2.tgz. Extracting by manifest.
6772 silly tarball no local data for webidl-conversions@https://registry.npmjs.org/webidl-conversions/-/webidl-conversions-3.0.1.tgz. Extracting by manifest.
6773 silly tarball no local data for remove-trailing-separator@https://registry.npmjs.org/remove-trailing-separator/-/remove-trailing-separator-1.1.0.tgz. Extracting by manifest.
6774 silly tarball no local data for whatwg-url@https://registry.npmjs.org/whatwg-url/-/whatwg-url-5.0.0.tgz. Extracting by manifest.
6775 silly tarball no local data for crc32-stream@https://registry.npmjs.org/crc32-stream/-/crc32-stream-7.0.1.tgz. Extracting by manifest.
6776 silly tarball no local data for compress-commons@https://registry.npmjs.org/compress-commons/-/compress-commons-7.0.1.tgz. Extracting by manifest.
6777 silly tarball no local data for crc-32@https://registry.npmjs.org/crc-32/-/crc-32-1.2.2.tgz. Extracting by manifest.
6778 silly tarball no local data for yargs-parser@https://registry.npmjs.org/yargs-parser/-/yargs-parser-21.1.1.tgz. Extracting by manifest.
6779 silly tarball no local data for y18n@https://registry.npmjs.org/y18n/-/y18n-5.0.8.tgz. Extracting by manifest.
6780 silly tarball no local data for require-directory@https://registry.npmjs.org/require-directory/-/require-directory-2.1.1.tgz. Extracting by manifest.
6781 silly tarball no local data for get-caller-file@https://registry.npmjs.org/get-caller-file/-/get-caller-file-2.0.5.tgz. Extracting by manifest.
6782 silly tarball no local data for escalade@https://registry.npmjs.org/escalade/-/escalade-3.2.0.tgz. Extracting by manifest.
6783 silly tarball no local data for pend@https://registry.npmjs.org/pend/-/pend-1.2.0.tgz. Extracting by manifest.
6784 silly tarball no local data for cssfilter@https://registry.npmjs.org/cssfilter/-/cssfilter-0.0.10.tgz. Extracting by manifest.
6785 silly tarball no local data for cliui@https://registry.npmjs.org/cliui/-/cliui-8.0.1.tgz. Extracting by manifest.
6786 silly tarball no local data for imurmurhash@https://registry.npmjs.org/imurmurhash/-/imurmurhash-0.1.4.tgz. Extracting by manifest.
6787 silly tarball no local data for fn.name@https://registry.npmjs.org/fn.name/-/fn.name-1.1.0.tgz. Extracting by manifest.
6788 silly tarball no local data for @types/triple-beam@https://registry.npmjs.org/@types/triple-beam/-/triple-beam-1.3.5.tgz. Extracting by manifest.
6789 silly tarball no local data for color-string@https://registry.npmjs.org/color-string/-/color-string-2.1.4.tgz. Extracting by manifest.
6790 silly tarball no local data for tr46@https://registry.npmjs.org/tr46/-/tr46-0.0.3.tgz. Extracting by manifest.
6791 silly tarball no local data for fecha@https://registry.npmjs.org/fecha/-/fecha-4.2.3.tgz. Extracting by manifest.
6792 silly tarball no local data for text-hex@https://registry.npmjs.org/text-hex/-/text-hex-1.0.0.tgz. Extracting by manifest.
6793 silly tarball no local data for color-convert@https://registry.npmjs.org/color-convert/-/color-convert-3.1.3.tgz. Extracting by manifest.
6794 silly tarball no local data for color@https://registry.npmjs.org/color/-/color-5.0.3.tgz. Extracting by manifest.
6795 silly tarball no local data for kuler@https://registry.npmjs.org/kuler/-/kuler-2.0.0.tgz. Extracting by manifest.
6796 silly tarball no local data for enabled@https://registry.npmjs.org/enabled/-/enabled-2.0.0.tgz. Extracting by manifest.
6797 silly tarball no local data for triple-beam@https://registry.npmjs.org/triple-beam/-/triple-beam-1.4.1.tgz. Extracting by manifest.
6798 silly tarball no local data for @so-ric/colorspace@https://registry.npmjs.org/@so-ric/colorspace/-/colorspace-1.1.6.tgz. Extracting by manifest.
6799 silly tarball no local data for winston-transport@https://registry.npmjs.org/winston-transport/-/winston-transport-4.9.0.tgz. Extracting by manifest.
6800 silly tarball no local data for stack-trace@https://registry.npmjs.org/stack-trace/-/stack-trace-0.0.10.tgz. Extracting by manifest.
6801 silly tarball no local data for one-time@https://registry.npmjs.org/one-time/-/one-time-1.0.0.tgz. Extracting by manifest.
6802 silly tarball no local data for logform@https://registry.npmjs.org/logform/-/logform-2.7.0.tgz. Extracting by manifest.
6803 silly tarball no local data for @colors/colors@https://registry.npmjs.org/@colors/colors/-/colors-1.6.1.tgz. Extracting by manifest.
6804 silly tarball no local data for @dabh/diagnostics@https://registry.npmjs.org/@dabh/diagnostics/-/diagnostics-2.0.9.tgz. Extracting by manifest.
6805 silly tarball no local data for is-weakset@https://registry.npmjs.org/is-weakset/-/is-weakset-2.0.4.tgz. Extracting by manifest.
6806 silly tarball no local data for is-weakmap@https://registry.npmjs.org/is-weakmap/-/is-weakmap-2.0.2.tgz. Extracting by manifest.
6807 silly tarball no local data for is-map@https://registry.npmjs.org/is-map/-/is-map-2.0.3.tgz. Extracting by manifest.
6808 silly tarball no local data for async-function@https://registry.npmjs.org/async-function/-/async-function-1.0.0.tgz. Extracting by manifest.
6809 silly tarball no local data for generator-function@https://registry.npmjs.org/generator-function/-/generator-function-2.0.1.tgz. Extracting by manifest.
6810 silly tarball no local data for which-collection@https://registry.npmjs.org/which-collection/-/which-collection-1.0.2.tgz. Extracting by manifest.
6811 silly tarball no local data for is-generator-function@https://registry.npmjs.org/is-generator-function/-/is-generator-function-1.1.2.tgz. Extracting by manifest.
6812 silly tarball no local data for is-finalizationregistry@https://registry.npmjs.org/is-finalizationregistry/-/is-finalizationregistry-1.1.1.tgz. Extracting by manifest.
6813 silly tarball no local data for is-async-function@https://registry.npmjs.org/is-async-function/-/is-async-function-2.1.1.tgz. Extracting by manifest.
6814 silly tarball no local data for is-number-object@https://registry.npmjs.org/is-number-object/-/is-number-object-1.1.1.tgz. Extracting by manifest.
6815 silly tarball no local data for is-boolean-object@https://registry.npmjs.org/is-boolean-object/-/is-boolean-object-1.2.2.tgz. Extracting by manifest.
6816 silly tarball no local data for is-bigint@https://registry.npmjs.org/is-bigint/-/is-bigint-1.1.0.tgz. Extracting by manifest.
6817 silly tarball no local data for clone@https://registry.npmjs.org/clone/-/clone-1.0.4.tgz. Extracting by manifest.
6818 silly tarball no local data for defaults@https://registry.npmjs.org/defaults/-/defaults-1.0.4.tgz. Extracting by manifest.
6819 silly tarball no local data for spdx-expression-parse@https://registry.npmjs.org/spdx-expression-parse/-/spdx-expression-parse-3.0.1.tgz. Extracting by manifest.
6820 silly tarball no local data for spdx-license-ids@https://registry.npmjs.org/spdx-license-ids/-/spdx-license-ids-3.0.24.tgz. Extracting by manifest.
6821 silly tarball no local data for spdx-exceptions@https://registry.npmjs.org/spdx-exceptions/-/spdx-exceptions-2.5.0.tgz. Extracting by manifest.
6822 silly tarball no local data for spdx-correct@https://registry.npmjs.org/spdx-correct/-/spdx-correct-3.2.0.tgz. Extracting by manifest.
6823 silly tarball no local data for deep-extend@https://registry.npmjs.org/deep-extend/-/deep-extend-0.6.0.tgz. Extracting by manifest.
6824 silly tarball no local data for strip-json-comments@https://registry.npmjs.org/strip-json-comments/-/strip-json-comments-2.0.1.tgz. Extracting by manifest.
6825 silly tarball no local data for rc@https://registry.npmjs.org/rc/-/rc-1.2.8.tgz. Extracting by manifest.
6826 silly tarball no local data for proto-list@https://registry.npmjs.org/proto-list/-/proto-list-1.2.4.tgz. Extracting by manifest.
6827 silly tarball no local data for @pnpm/network.ca-file@https://registry.npmjs.org/@pnpm/network.ca-file/-/network.ca-file-1.0.2.tgz. Extracting by manifest.
6828 silly tarball no local data for config-chain@https://registry.npmjs.org/config-chain/-/config-chain-1.1.13.tgz. Extracting by manifest.
6829 silly tarball no local data for @pnpm/config.env-replace@https://registry.npmjs.org/@pnpm/config.env-replace/-/config.env-replace-1.1.0.tgz. Extracting by manifest.
6830 silly tarball no local data for @pnpm/npm-conf@https://registry.npmjs.org/@pnpm/npm-conf/-/npm-conf-3.0.3.tgz. Extracting by manifest.
6831 silly tarball no local data for escape-goat@https://registry.npmjs.org/escape-goat/-/escape-goat-4.0.0.tgz. Extracting by manifest.
6832 silly tarball no local data for registry-url@https://registry.npmjs.org/registry-url/-/registry-url-6.0.1.tgz. Extracting by manifest.
6833 silly tarball no local data for ky@https://registry.npmjs.org/ky/-/ky-1.14.3.tgz. Extracting by manifest.
6834 silly tarball no local data for registry-auth-token@https://registry.npmjs.org/registry-auth-token/-/registry-auth-token-5.1.1.tgz. Extracting by manifest.
6835 silly tarball no local data for package-json@https://registry.npmjs.org/package-json/-/package-json-10.0.1.tgz. Extracting by manifest.
6836 silly tarball no local data for global-directory@https://registry.npmjs.org/global-directory/-/global-directory-4.0.1.tgz. Extracting by manifest.
6837 silly tarball no local data for xdg-basedir@https://registry.npmjs.org/xdg-basedir/-/xdg-basedir-5.1.0.tgz. Extracting by manifest.
6838 silly tarball no local data for is-npm@https://registry.npmjs.org/is-npm/-/is-npm-6.1.0.tgz. Extracting by manifest.
6839 silly tarball no local data for is-installed-globally@https://registry.npmjs.org/is-installed-globally/-/is-installed-globally-1.0.1.tgz. Extracting by manifest.
6840 silly tarball no local data for latest-version@https://registry.npmjs.org/latest-version/-/latest-version-9.0.0.tgz. Extracting by manifest.
6841 silly tarball no local data for is-in-ci@https://registry.npmjs.org/is-in-ci/-/is-in-ci-1.0.0.tgz. Extracting by manifest.
6842 silly tarball no local data for nan@https://registry.npmjs.org/nan/-/nan-2.29.0.tgz. Extracting by manifest.
6843 silly tarball no local data for configstore@https://registry.npmjs.org/configstore/-/configstore-7.1.0.tgz. Extracting by manifest.
6844 silly tarball no local data for which-boxed-primitive@https://registry.npmjs.org/which-boxed-primitive/-/which-boxed-primitive-1.1.1.tgz. Extracting by manifest.
6845 silly tarball no local data for which-builtin-type@https://registry.npmjs.org/which-builtin-type/-/which-builtin-type-1.2.1.tgz. Extracting by manifest.
6846 silly tarball no local data for random-bytes@https://registry.npmjs.org/random-bytes/-/random-bytes-1.0.0.tgz. Extracting by manifest.
6847 silly tarball no local data for has-bigints@https://registry.npmjs.org/has-bigints/-/has-bigints-1.1.0.tgz. Extracting by manifest.
6848 silly tarball no local data for pupa@https://registry.npmjs.org/pupa/-/pupa-3.3.0.tgz. Extracting by manifest.
6849 silly tarball no local data for reflect.getprototypeof@https://registry.npmjs.org/reflect.getprototypeof/-/reflect.getprototypeof-1.0.10.tgz. Extracting by manifest.
6850 silly tarball no local data for for-each@https://registry.npmjs.org/for-each/-/for-each-0.3.5.tgz. Extracting by manifest.
6851 silly tarball no local data for media-typer@https://registry.npmjs.org/media-typer/-/media-typer-1.1.1.tgz. Extracting by manifest.
6852 silly tarball no local data for @jridgewell/resolve-uri@https://registry.npmjs.org/@jridgewell/resolve-uri/-/resolve-uri-3.1.2.tgz. Extracting by manifest.
6853 silly tarball no local data for @jridgewell/trace-mapping@https://registry.npmjs.org/@jridgewell/trace-mapping/-/trace-mapping-0.3.9.tgz. Extracting by manifest.
6854 silly tarball no local data for yn@https://registry.npmjs.org/yn/-/yn-3.1.1.tgz. Extracting by manifest.
6855 silly tarball no local data for v8-compile-cache-lib@https://registry.npmjs.org/v8-compile-cache-lib/-/v8-compile-cache-lib-3.0.1.tgz. Extracting by manifest.
6856 silly tarball no local data for make-error@https://registry.npmjs.org/make-error/-/make-error-1.3.6.tgz. Extracting by manifest.
6857 silly tarball no local data for create-require@https://registry.npmjs.org/create-require/-/create-require-1.1.1.tgz. Extracting by manifest.
6858 silly tarball no local data for diff@https://registry.npmjs.org/diff/-/diff-4.0.4.tgz. Extracting by manifest.
6859 silly tarball no local data for arg@https://registry.npmjs.org/arg/-/arg-4.1.3.tgz. Extracting by manifest.
6860 silly tarball no local data for acorn-walk@https://registry.npmjs.org/acorn-walk/-/acorn-walk-8.3.5.tgz. Extracting by manifest.
6861 silly tarball no local data for @tsconfig/node16@https://registry.npmjs.org/@tsconfig/node16/-/node16-1.0.4.tgz. Extracting by manifest.
6862 silly tarball no local data for @tsconfig/node14@https://registry.npmjs.org/@tsconfig/node14/-/node14-1.0.3.tgz. Extracting by manifest.
6863 silly tarball no local data for @tsconfig/node12@https://registry.npmjs.org/@tsconfig/node12/-/node12-1.0.11.tgz. Extracting by manifest.
6864 silly tarball no local data for @tsconfig/node10@https://registry.npmjs.org/@tsconfig/node10/-/node10-1.0.13.tgz. Extracting by manifest.
6865 silly tarball no local data for is-number@https://registry.npmjs.org/is-number/-/is-number-7.0.0.tgz. Extracting by manifest.
6866 silly tarball no local data for @cspotcode/source-map-support@https://registry.npmjs.org/@cspotcode/source-map-support/-/source-map-support-0.8.1.tgz. Extracting by manifest.
6867 silly tarball no local data for tmp@https://registry.npmjs.org/tmp/-/tmp-0.2.7.tgz. Extracting by manifest.
6868 silly tarball no local data for supports-hyperlinks@https://registry.npmjs.org/supports-hyperlinks/-/supports-hyperlinks-4.6.0.tgz. Extracting by manifest.
6869 silly tarball no local data for has-flag@https://registry.npmjs.org/has-flag/-/has-flag-5.0.1.tgz. Extracting by manifest.
6870 silly tarball no local data for events-universal@https://registry.npmjs.org/events-universal/-/events-universal-1.0.1.tgz. Extracting by manifest.
6871 silly tarball no local data for text-decoder@https://registry.npmjs.org/text-decoder/-/text-decoder-1.2.7.tgz. Extracting by manifest.
6872 silly tarball no local data for teex@https://registry.npmjs.org/teex/-/teex-1.0.1.tgz. Extracting by manifest.
6873 silly tarball no local data for bare-url@https://registry.npmjs.org/bare-url/-/bare-url-2.5.4.tgz. Extracting by manifest.
6874 silly tarball no local data for bare-events@https://registry.npmjs.org/bare-events/-/bare-events-2.9.2.tgz. Extracting by manifest.
6875 silly tarball no local data for bare-stream@https://registry.npmjs.org/bare-stream/-/bare-stream-2.13.4.tgz. Extracting by manifest.
6876 silly tarball no local data for bare-path@https://registry.npmjs.org/bare-path/-/bare-path-3.1.2.tgz. Extracting by manifest.
6877 silly tarball no local data for streamx@https://registry.npmjs.org/streamx/-/streamx-2.28.1.tgz. Extracting by manifest.
6878 silly tarball no local data for bare-fs@https://registry.npmjs.org/bare-fs/-/bare-fs-4.8.2.tgz. Extracting by manifest.
6879 silly tarball no local data for fast-fifo@https://registry.npmjs.org/fast-fifo/-/fast-fifo-1.3.2.tgz. Extracting by manifest.
6880 silly tarball no local data for b4a@https://registry.npmjs.org/b4a/-/b4a-1.9.0.tgz. Extracting by manifest.
6881 silly tarball no local data for yallist@https://registry.npmjs.org/yallist/-/yallist-5.0.0.tgz. Extracting by manifest.
6882 silly tarball no local data for minizlib@https://registry.npmjs.org/minizlib/-/minizlib-3.1.0.tgz. Extracting by manifest.
6883 silly tarball no local data for dom-serializer@https://registry.npmjs.org/dom-serializer/-/dom-serializer-2.0.0.tgz. Extracting by manifest.
6884 silly tarball no local data for @isaacs/fs-minipass@https://registry.npmjs.org/@isaacs/fs-minipass/-/fs-minipass-4.0.1.tgz. Extracting by manifest.
6885 silly tarball no local data for domelementtype@https://registry.npmjs.org/domelementtype/-/domelementtype-2.3.0.tgz. Extracting by manifest.
6886 silly tarball no local data for mdn-data@https://registry.npmjs.org/mdn-data/-/mdn-data-2.27.1.tgz. Extracting by manifest.
6887 silly tarball no local data for chownr@https://registry.npmjs.org/chownr/-/chownr-3.0.0.tgz. Extracting by manifest.
6888 silly tarball no local data for domutils@https://registry.npmjs.org/domutils/-/domutils-3.2.2.tgz. Extracting by manifest.
6889 silly tarball no local data for domhandler@https://registry.npmjs.org/domhandler/-/domhandler-5.0.3.tgz. Extracting by manifest.
6890 silly tarball no local data for boolbase@https://registry.npmjs.org/boolbase/-/boolbase-1.0.0.tgz. Extracting by manifest.
6891 silly tarball no local data for sax@https://registry.npmjs.org/sax/-/sax-1.6.1.tgz. Extracting by manifest.
6892 silly tarball no local data for csso@https://registry.npmjs.org/csso/-/csso-5.0.5.tgz. Extracting by manifest.
6893 silly tarball no local data for css-tree@https://registry.npmjs.org/css-tree/-/css-tree-3.2.1.tgz. Extracting by manifest.
6894 silly tarball no local data for css-select@https://registry.npmjs.org/css-select/-/css-select-6.0.0.tgz. Extracting by manifest.
6895 silly tarball no local data for stubborn-utils@https://registry.npmjs.org/stubborn-utils/-/stubborn-utils-1.0.2.tgz. Extracting by manifest.
6896 silly tarball no local data for ansi-regex@https://registry.npmjs.org/ansi-regex/-/ansi-regex-5.0.1.tgz. Extracting by manifest.
6897 silly tarball no local data for emoji-regex@https://registry.npmjs.org/emoji-regex/-/emoji-regex-10.6.0.tgz. Extracting by manifest.
6898 silly tarball no local data for buffer-from@https://registry.npmjs.org/buffer-from/-/buffer-from-1.1.2.tgz. Extracting by manifest.
6899 silly tarball no local data for get-east-asian-width@https://registry.npmjs.org/get-east-asian-width/-/get-east-asian-width-1.7.0.tgz. Extracting by manifest.
6900 silly tarball no local data for is-fullwidth-code-point@https://registry.npmjs.org/is-fullwidth-code-point/-/is-fullwidth-code-point-5.1.0.tgz. Extracting by manifest.
6901 silly tarball no local data for ansi-styles@https://registry.npmjs.org/ansi-styles/-/ansi-styles-6.2.3.tgz. Extracting by manifest.
6902 silly tarball no local data for side-channel-weakmap@https://registry.npmjs.org/side-channel-weakmap/-/side-channel-weakmap-1.0.2.tgz. Extracting by manifest.
6903 silly tarball no local data for side-channel-map@https://registry.npmjs.org/side-channel-map/-/side-channel-map-1.0.1.tgz. Extracting by manifest.
6904 silly tarball no local data for side-channel-list@https://registry.npmjs.org/side-channel-list/-/side-channel-list-1.0.1.tgz. Extracting by manifest.
6905 silly tarball no local data for shebang-regex@https://registry.npmjs.org/shebang-regex/-/shebang-regex-3.0.0.tgz. Extracting by manifest.
6906 silly tarball no local data for @img/sharp-win32-x64@https://registry.npmjs.org/@img/sharp-win32-x64/-/sharp-win32-x64-0.34.5.tgz. Extracting by manifest.
6907 silly tarball no local data for @img/colour@https://registry.npmjs.org/@img/colour/-/colour-1.1.0.tgz. Extracting by manifest.
6908 silly tarball no local data for ret@https://registry.npmjs.org/ret/-/ret-0.5.0.tgz. Extracting by manifest.
6909 silly tarball no local data for isarray@https://registry.npmjs.org/isarray/-/isarray-2.0.5.tgz. Extracting by manifest.
6910 silly tarball no local data for queue-microtask@https://registry.npmjs.org/queue-microtask/-/queue-microtask-1.2.3.tgz. Extracting by manifest.
6911 silly tarball no local data for path-to-regexp@https://registry.npmjs.org/path-to-regexp/-/path-to-regexp-8.4.2.tgz. Extracting by manifest.
6912 silly tarball no local data for is-promise@https://registry.npmjs.org/is-promise/-/is-promise-4.0.0.tgz. Extracting by manifest.
6913 silly tarball no local data for set-function-name@https://registry.npmjs.org/set-function-name/-/set-function-name-2.0.2.tgz. Extracting by manifest.
6914 silly tarball no local data for dunder-proto@https://registry.npmjs.org/dunder-proto/-/dunder-proto-1.0.1.tgz. Extracting by manifest.
6915 silly tarball no local data for is-document.all@https://registry.npmjs.org/is-document.all/-/is-document.all-1.0.0.tgz. Extracting by manifest.
6916 silly tarball no local data for functions-have-names@https://registry.npmjs.org/functions-have-names/-/functions-have-names-1.2.3.tgz. Extracting by manifest.
6917 silly tarball no local data for is-symbol@https://registry.npmjs.org/is-symbol/-/is-symbol-1.1.1.tgz. Extracting by manifest.
6918 silly tarball no local data for is-date-object@https://registry.npmjs.org/is-date-object/-/is-date-object-1.1.0.tgz. Extracting by manifest.
6919 silly tarball no local data for es-abstract-get@https://registry.npmjs.org/es-abstract-get/-/es-abstract-get-1.0.0.tgz. Extracting by manifest.
6920 silly tarball no local data for has-tostringtag@https://registry.npmjs.org/has-tostringtag/-/has-tostringtag-1.0.2.tgz. Extracting by manifest.
6921 silly tarball no local data for possible-typed-array-names@https://registry.npmjs.org/possible-typed-array-names/-/possible-typed-array-names-1.1.0.tgz. Extracting by manifest.
6922 silly tarball no local data for which-typed-array@https://registry.npmjs.org/which-typed-array/-/which-typed-array-1.1.24.tgz. Extracting by manifest.
6923 silly tarball no local data for unbox-primitive@https://registry.npmjs.org/unbox-primitive/-/unbox-primitive-1.1.0.tgz. Extracting by manifest.
6924 silly tarball no local data for typed-array-length@https://registry.npmjs.org/typed-array-length/-/typed-array-length-1.0.8.tgz. Extracting by manifest.
6925 silly tarball no local data for typed-array-byte-offset@https://registry.npmjs.org/typed-array-byte-offset/-/typed-array-byte-offset-1.0.5.tgz. Extracting by manifest.
6926 silly tarball no local data for typed-array-byte-length@https://registry.npmjs.org/typed-array-byte-length/-/typed-array-byte-length-1.0.3.tgz. Extracting by manifest.
6927 silly tarball no local data for typed-array-buffer@https://registry.npmjs.org/typed-array-buffer/-/typed-array-buffer-1.0.3.tgz. Extracting by manifest.
6928 silly tarball no local data for string.prototype.trimstart@https://registry.npmjs.org/string.prototype.trimstart/-/string.prototype.trimstart-1.0.8.tgz. Extracting by manifest.
6929 silly tarball no local data for string.prototype.trimend@https://registry.npmjs.org/string.prototype.trimend/-/string.prototype.trimend-1.0.10.tgz. Extracting by manifest.
6930 silly tarball no local data for string.prototype.trim@https://registry.npmjs.org/string.prototype.trim/-/string.prototype.trim-1.2.11.tgz. Extracting by manifest.
6931 silly tarball no local data for stop-iteration-iterator@https://registry.npmjs.org/stop-iteration-iterator/-/stop-iteration-iterator-1.1.0.tgz. Extracting by manifest.
6932 silly tarball no local data for set-proto@https://registry.npmjs.org/set-proto/-/set-proto-1.0.0.tgz. Extracting by manifest.
6933 silly tarball no local data for safe-regex-test@https://registry.npmjs.org/safe-regex-test/-/safe-regex-test-1.1.0.tgz. Extracting by manifest.
6934 silly tarball no local data for safe-push-apply@https://registry.npmjs.org/safe-push-apply/-/safe-push-apply-1.0.0.tgz. Extracting by manifest.
6935 silly tarball no local data for safe-array-concat@https://registry.npmjs.org/safe-array-concat/-/safe-array-concat-1.1.4.tgz. Extracting by manifest.
6936 silly tarball no local data for regexp.prototype.flags@https://registry.npmjs.org/regexp.prototype.flags/-/regexp.prototype.flags-1.5.4.tgz. Extracting by manifest.
6937 silly tarball no local data for object.assign@https://registry.npmjs.org/object.assign/-/object.assign-4.1.7.tgz. Extracting by manifest.
6938 silly tarball no local data for object-inspect@https://registry.npmjs.org/object-inspect/-/object-inspect-1.13.4.tgz. Extracting by manifest.
6939 silly tarball no local data for math-intrinsics@https://registry.npmjs.org/math-intrinsics/-/math-intrinsics-1.1.0.tgz. Extracting by manifest.
6940 silly tarball no local data for is-weakref@https://registry.npmjs.org/is-weakref/-/is-weakref-1.1.1.tgz. Extracting by manifest.
6941 silly tarball no local data for is-typed-array@https://registry.npmjs.org/is-typed-array/-/is-typed-array-1.1.15.tgz. Extracting by manifest.
6942 silly tarball no local data for is-string@https://registry.npmjs.org/is-string/-/is-string-1.1.1.tgz. Extracting by manifest.
6943 silly tarball no local data for is-shared-array-buffer@https://registry.npmjs.org/is-shared-array-buffer/-/is-shared-array-buffer-1.0.4.tgz. Extracting by manifest.
6944 silly tarball no local data for is-set@https://registry.npmjs.org/is-set/-/is-set-2.0.3.tgz. Extracting by manifest.
6945 silly tarball no local data for is-regex@https://registry.npmjs.org/is-regex/-/is-regex-1.2.1.tgz. Extracting by manifest.
6946 silly tarball no local data for is-negative-zero@https://registry.npmjs.org/is-negative-zero/-/is-negative-zero-2.0.3.tgz. Extracting by manifest.
6947 silly tarball no local data for is-data-view@https://registry.npmjs.org/is-data-view/-/is-data-view-1.0.2.tgz. Extracting by manifest.
6948 silly tarball no local data for is-callable@https://registry.npmjs.org/is-callable/-/is-callable-1.2.7.tgz. Extracting by manifest.
6949 silly tarball no local data for is-array-buffer@https://registry.npmjs.org/is-array-buffer/-/is-array-buffer-3.0.5.tgz. Extracting by manifest.
6950 silly tarball no local data for internal-slot@https://registry.npmjs.org/internal-slot/-/internal-slot-1.1.0.tgz. Extracting by manifest.
6951 silly tarball no local data for has-symbols@https://registry.npmjs.org/has-symbols/-/has-symbols-1.1.0.tgz. Extracting by manifest.
6952 silly tarball no local data for has-proto@https://registry.npmjs.org/has-proto/-/has-proto-1.2.0.tgz. Extracting by manifest.
6953 silly tarball no local data for globalthis@https://registry.npmjs.org/globalthis/-/globalthis-1.0.4.tgz. Extracting by manifest.
6954 silly tarball no local data for get-symbol-description@https://registry.npmjs.org/get-symbol-description/-/get-symbol-description-1.1.0.tgz. Extracting by manifest.
6955 silly tarball no local data for get-proto@https://registry.npmjs.org/get-proto/-/get-proto-1.0.1.tgz. Extracting by manifest.
6956 silly tarball no local data for function.prototype.name@https://registry.npmjs.org/function.prototype.name/-/function.prototype.name-1.2.0.tgz. Extracting by manifest.
6957 silly tarball no local data for es-to-primitive@https://registry.npmjs.org/es-to-primitive/-/es-to-primitive-1.3.4.tgz. Extracting by manifest.
6958 silly tarball no local data for es-set-tostringtag@https://registry.npmjs.org/es-set-tostringtag/-/es-set-tostringtag-2.1.0.tgz. Extracting by manifest.
6959 silly tarball no local data for es-object-atoms@https://registry.npmjs.org/es-object-atoms/-/es-object-atoms-1.1.2.tgz. Extracting by manifest.
6960 silly tarball no local data for data-view-byte-offset@https://registry.npmjs.org/data-view-byte-offset/-/data-view-byte-offset-1.0.1.tgz. Extracting by manifest.
6961 silly tarball no local data for data-view-byte-length@https://registry.npmjs.org/data-view-byte-length/-/data-view-byte-length-1.0.2.tgz. Extracting by manifest.
6962 silly tarball no local data for data-view-buffer@https://registry.npmjs.org/data-view-buffer/-/data-view-buffer-1.0.2.tgz. Extracting by manifest.
6963 silly tarball no local data for call-bound@https://registry.npmjs.org/call-bound/-/call-bound-1.0.4.tgz. Extracting by manifest.
6964 silly tarball no local data for available-typed-arrays@https://registry.npmjs.org/available-typed-arrays/-/available-typed-arrays-1.0.7.tgz. Extracting by manifest.
6965 silly tarball no local data for arraybuffer.prototype.slice@https://registry.npmjs.org/arraybuffer.prototype.slice/-/arraybuffer.prototype.slice-1.0.4.tgz. Extracting by manifest.
6966 silly tarball no local data for array-buffer-byte-length@https://registry.npmjs.org/array-buffer-byte-length/-/array-buffer-byte-length-1.0.2.tgz. Extracting by manifest.
6967 silly tarball no local data for gopd@https://registry.npmjs.org/gopd/-/gopd-1.2.0.tgz. Extracting by manifest.
6968 silly tarball no local data for has-property-descriptors@https://registry.npmjs.org/has-property-descriptors/-/has-property-descriptors-1.0.2.tgz. Extracting by manifest.
6969 silly tarball no local data for define-data-property@https://registry.npmjs.org/define-data-property/-/define-data-property-1.1.4.tgz. Extracting by manifest.
6970 silly tarball no local data for set-function-length@https://registry.npmjs.org/set-function-length/-/set-function-length-1.2.2.tgz. Extracting by manifest.
6971 silly tarball no local data for get-intrinsic@https://registry.npmjs.org/get-intrinsic/-/get-intrinsic-1.3.0.tgz. Extracting by manifest.
6972 silly tarball no local data for call-bind-apply-helpers@https://registry.npmjs.org/call-bind-apply-helpers/-/call-bind-apply-helpers-1.0.2.tgz. Extracting by manifest.
6973 silly tarball no local data for es-shim-unscopables@https://registry.npmjs.org/es-shim-unscopables/-/es-shim-unscopables-1.1.0.tgz. Extracting by manifest.
6974 silly tarball no local data for es-abstract@https://registry.npmjs.org/es-abstract/-/es-abstract-1.24.2.tgz. Extracting by manifest.
6975 silly tarball no local data for define-properties@https://registry.npmjs.org/define-properties/-/define-properties-1.2.1.tgz. Extracting by manifest.
6976 silly tarball no local data for call-bind@https://registry.npmjs.org/call-bind/-/call-bind-1.0.9.tgz. Extracting by manifest.
6977 silly tarball no local data for object.entries@https://registry.npmjs.org/object.entries/-/object.entries-1.1.9.tgz. Extracting by manifest.
6978 silly tarball no local data for array.prototype.flatmap@https://registry.npmjs.org/array.prototype.flatmap/-/array.prototype.flatmap-1.3.3.tgz. Extracting by manifest.
6979 silly tarball no local data for function-bind@https://registry.npmjs.org/function-bind/-/function-bind-1.1.2.tgz. Extracting by manifest.
6980 silly tarball no local data for hasown@https://registry.npmjs.org/hasown/-/hasown-2.0.4.tgz. Extracting by manifest.
6981 silly tarball no local data for supports-preserve-symlinks-flag@https://registry.npmjs.org/supports-preserve-symlinks-flag/-/supports-preserve-symlinks-flag-1.0.0.tgz. Extracting by manifest.
6982 silly tarball no local data for path-parse@https://registry.npmjs.org/path-parse/-/path-parse-1.0.7.tgz. Extracting by manifest.
6983 silly tarball no local data for object-keys@https://registry.npmjs.org/object-keys/-/object-keys-1.1.1.tgz. Extracting by manifest.
6984 silly tarball no local data for node-exports-info@https://registry.npmjs.org/node-exports-info/-/node-exports-info-1.6.2.tgz. Extracting by manifest.
6985 silly tarball no local data for is-core-module@https://registry.npmjs.org/is-core-module/-/is-core-module-2.17.0.tgz. Extracting by manifest.
6986 silly tarball no local data for es-errors@https://registry.npmjs.org/es-errors/-/es-errors-1.3.0.tgz. Extracting by manifest.
6987 silly tarball no local data for string_decoder@https://registry.npmjs.org/string_decoder/-/string_decoder-1.3.0.tgz. Extracting by manifest.
6988 silly tarball no local data for process@https://registry.npmjs.org/process/-/process-0.11.10.tgz. Extracting by manifest.
6989 silly tarball no local data for events@https://registry.npmjs.org/events/-/events-3.3.0.tgz. Extracting by manifest.
6990 silly tarball no local data for abort-controller@https://registry.npmjs.org/abort-controller/-/abort-controller-3.0.0.tgz. Extracting by manifest.
6991 silly tarball no local data for @types/normalize-package-data@https://registry.npmjs.org/@types/normalize-package-data/-/normalize-package-data-2.4.4.tgz. Extracting by manifest.
6992 silly tarball no local data for index-to-position@https://registry.npmjs.org/index-to-position/-/index-to-position-1.2.0.tgz. Extracting by manifest.
6993 silly tarball no local data for parse-json@https://registry.npmjs.org/parse-json/-/parse-json-8.3.0.tgz. Extracting by manifest.
6994 silly tarball no local data for side-channel@https://registry.npmjs.org/side-channel/-/side-channel-1.1.1.tgz. Extracting by manifest.
6995 silly tarball no local data for event-target-shim@https://registry.npmjs.org/event-target-shim/-/event-target-shim-5.0.1.tgz. Extracting by manifest.
6996 silly tarball no local data for es-define-property@https://registry.npmjs.org/es-define-property/-/es-define-property-1.0.1.tgz. Extracting by manifest.
6997 silly tarball no local data for end-of-stream@https://registry.npmjs.org/end-of-stream/-/end-of-stream-1.4.5.tgz. Extracting by manifest.
6998 silly tarball no local data for forwarded@https://registry.npmjs.org/forwarded/-/forwarded-0.2.0.tgz. Extracting by manifest.
6999 silly tarball no local data for colors@https://registry.npmjs.org/colors/-/colors-1.4.0.tgz. Extracting by manifest.
7000 silly tarball no local data for parse-ms@https://registry.npmjs.org/parse-ms/-/parse-ms-4.0.0.tgz. Extracting by manifest.
7001 silly tarball no local data for quote-unquote@https://registry.npmjs.org/quote-unquote/-/quote-unquote-1.0.0.tgz. Extracting by manifest.
7002 silly tarball no local data for color-name@https://registry.npmjs.org/color-name/-/color-name-1.1.4.tgz. Extracting by manifest.
7003 silly tarball no local data for nanoid@https://registry.npmjs.org/nanoid/-/nanoid-3.3.19.tgz. Extracting by manifest.
7004 silly tarball no local data for @jridgewell/sourcemap-codec@https://registry.npmjs.org/@jridgewell/sourcemap-codec/-/sourcemap-codec-1.6.0.tgz. Extracting by manifest.
7005 silly tarball no local data for source-map@https://registry.npmjs.org/source-map/-/source-map-0.6.1.tgz. Extracting by manifest.
7006 silly tarball no local data for estraverse@https://registry.npmjs.org/estraverse/-/estraverse-5.3.0.tgz. Extracting by manifest.
7007 silly tarball no local data for esutils@https://registry.npmjs.org/esutils/-/esutils-2.0.3.tgz. Extracting by manifest.
7008 silly tarball no local data for source-map-js@https://registry.npmjs.org/source-map-js/-/source-map-js-1.2.2.tgz. Extracting by manifest.
7009 silly tarball no local data for magic-string@https://registry.npmjs.org/magic-string/-/magic-string-0.30.21.tgz. Extracting by manifest.
7010 silly tarball no local data for @vue/shared@https://registry.npmjs.org/@vue/shared/-/shared-3.5.43.tgz. Extracting by manifest.
7011 silly tarball no local data for @vue/compiler-ssr@https://registry.npmjs.org/@vue/compiler-ssr/-/compiler-ssr-3.5.43.tgz. Extracting by manifest.
7012 silly tarball no local data for @vue/compiler-dom@https://registry.npmjs.org/@vue/compiler-dom/-/compiler-dom-3.5.43.tgz. Extracting by manifest.
7013 silly tarball no local data for @vue/compiler-core@https://registry.npmjs.org/@vue/compiler-core/-/compiler-core-3.5.43.tgz. Extracting by manifest.
7014 silly tarball no local data for css-what@https://registry.npmjs.org/css-what/-/css-what-7.0.0.tgz. Extracting by manifest.
7015 silly tarball no local data for eslint-visitor-keys@https://registry.npmjs.org/eslint-visitor-keys/-/eslint-visitor-keys-5.0.1.tgz. Extracting by manifest.
7016 silly tarball no local data for @vue/compiler-sfc@https://registry.npmjs.org/@vue/compiler-sfc/-/compiler-sfc-3.5.43.tgz. Extracting by manifest.
7017 silly tarball no local data for ts-api-utils@https://registry.npmjs.org/ts-api-utils/-/ts-api-utils-2.5.0.tgz. Extracting by manifest.
7018 silly tarball no local data for tinyglobby@https://registry.npmjs.org/tinyglobby/-/tinyglobby-0.2.17.tgz. Extracting by manifest.
7019 silly tarball no local data for @typescript-eslint/visitor-keys@https://registry.npmjs.org/@typescript-eslint/visitor-keys/-/visitor-keys-8.71.0.tgz. Extracting by manifest.
7020 silly tarball no local data for @typescript-eslint/types@https://registry.npmjs.org/@typescript-eslint/types/-/types-8.71.0.tgz. Extracting by manifest.
7021 silly tarball no local data for @typescript-eslint/tsconfig-utils@https://registry.npmjs.org/@typescript-eslint/tsconfig-utils/-/tsconfig-utils-8.71.0.tgz. Extracting by manifest.
7022 silly tarball no local data for @typescript-eslint/project-service@https://registry.npmjs.org/@typescript-eslint/project-service/-/project-service-8.71.0.tgz. Extracting by manifest.
7023 silly tarball no local data for @typescript-eslint/typescript-estree@https://registry.npmjs.org/@typescript-eslint/typescript-estree/-/typescript-estree-8.71.0.tgz. Extracting by manifest.
7024 silly tarball no local data for postcss-values-parser@https://registry.npmjs.org/postcss-values-parser/-/postcss-values-parser-6.0.2.tgz. Extracting by manifest.
7025 silly tarball no local data for is-url-superb@https://registry.npmjs.org/is-url-superb/-/is-url-superb-4.0.0.tgz. Extracting by manifest.
7026 silly tarball no local data for get-amd-module-type@https://registry.npmjs.org/get-amd-module-type/-/get-amd-module-type-6.0.2.tgz. Extracting by manifest.
7027 silly tarball no local data for escodegen@https://registry.npmjs.org/escodegen/-/escodegen-2.1.0.tgz. Extracting by manifest.
7028 silly tarball no local data for ast-module-types@https://registry.npmjs.org/ast-module-types/-/ast-module-types-6.0.2.tgz. Extracting by manifest.
7029 silly tarball no local data for gonzales-pe@https://registry.npmjs.org/gonzales-pe/-/gonzales-pe-4.3.0.tgz. Extracting by manifest.
7030 silly tarball no local data for node-source-walk@https://registry.npmjs.org/node-source-walk/-/node-source-walk-7.0.2.tgz. Extracting by manifest.
7031 silly tarball no local data for module-definition@https://registry.npmjs.org/module-definition/-/module-definition-6.0.2.tgz. Extracting by manifest.
7032 silly tarball no local data for detective-vue2@https://registry.npmjs.org/detective-vue2/-/detective-vue2-2.3.0.tgz. Extracting by manifest.
7033 silly tarball no local data for detective-typescript@https://registry.npmjs.org/detective-typescript/-/detective-typescript-14.1.2.tgz. Extracting by manifest.
7034 silly tarball no local data for detective-stylus@https://registry.npmjs.org/detective-stylus/-/detective-stylus-5.0.1.tgz. Extracting by manifest.
7035 silly tarball no local data for detective-sass@https://registry.npmjs.org/detective-sass/-/detective-sass-6.0.2.tgz. Extracting by manifest.
7036 silly tarball no local data for detective-scss@https://registry.npmjs.org/detective-scss/-/detective-scss-5.0.2.tgz. Extracting by manifest.
7037 silly tarball no local data for detective-postcss@https://registry.npmjs.org/detective-postcss/-/detective-postcss-8.0.4.tgz. Extracting by manifest.
7038 silly tarball no local data for postcss@https://registry.npmjs.org/postcss/-/postcss-8.5.28.tgz. Extracting by manifest.
7039 silly tarball no local data for detective-es6@https://registry.npmjs.org/detective-es6/-/detective-es6-5.0.2.tgz. Extracting by manifest.
7040 silly tarball no local data for detective-cjs@https://registry.npmjs.org/detective-cjs/-/detective-cjs-6.1.1.tgz. Extracting by manifest.
7041 silly tarball no local data for xtend@https://registry.npmjs.org/xtend/-/xtend-4.0.2.tgz. Extracting by manifest.
7042 silly tarball no local data for own-keys@https://registry.npmjs.org/own-keys/-/own-keys-1.0.2.tgz. Extracting by manifest.
7043 silly tarball no local data for nth-check@https://registry.npmjs.org/nth-check/-/nth-check-2.1.1.tgz. Extracting by manifest.
7044 silly tarball no local data for thread-stream@https://registry.npmjs.org/thread-stream/-/thread-stream-4.2.0.tgz. Extracting by manifest.
7045 silly tarball no local data for sonic-boom@https://registry.npmjs.org/sonic-boom/-/sonic-boom-4.2.1.tgz. Extracting by manifest.
7046 silly tarball no local data for safe-stable-stringify@https://registry.npmjs.org/safe-stable-stringify/-/safe-stable-stringify-2.5.0.tgz. Extracting by manifest.
7047 silly tarball no local data for detective-amd@https://registry.npmjs.org/detective-amd/-/detective-amd-6.1.0.tgz. Extracting by manifest.
7048 silly tarball no local data for real-require@https://registry.npmjs.org/real-require/-/real-require-0.2.0.tgz. Extracting by manifest.
7049 silly tarball no local data for quick-format-unescaped@https://registry.npmjs.org/quick-format-unescaped/-/quick-format-unescaped-4.0.4.tgz. Extracting by manifest.
7050 silly tarball no local data for pino-std-serializers@https://registry.npmjs.org/pino-std-serializers/-/pino-std-serializers-7.1.0.tgz. Extracting by manifest.
7051 silly tarball no local data for pino-abstract-transport@https://registry.npmjs.org/pino-abstract-transport/-/pino-abstract-transport-3.0.0.tgz. Extracting by manifest.
7052 silly tarball no local data for @pinojs/redact@https://registry.npmjs.org/@pinojs/redact/-/redact-0.4.0.tgz. Extracting by manifest.
7053 silly tarball no local data for atomic-sleep@https://registry.npmjs.org/atomic-sleep/-/atomic-sleep-1.0.0.tgz. Extracting by manifest.
7054 silly tarball no local data for on-exit-leak-free@https://registry.npmjs.org/on-exit-leak-free/-/on-exit-leak-free-2.1.2.tgz. Extracting by manifest.
7055 silly tarball no local data for postgres-interval@https://registry.npmjs.org/postgres-interval/-/postgres-interval-1.2.0.tgz. Extracting by manifest.
7056 silly tarball no local data for postgres-date@https://registry.npmjs.org/postgres-date/-/postgres-date-1.0.7.tgz. Extracting by manifest.
7057 silly tarball no local data for pg-int8@https://registry.npmjs.org/pg-int8/-/pg-int8-1.0.1.tgz. Extracting by manifest.
7058 silly tarball no local data for postgres-array@https://registry.npmjs.org/postgres-array/-/postgres-array-2.0.0.tgz. Extracting by manifest.
7059 silly tarball no local data for pgpass@https://registry.npmjs.org/pgpass/-/pgpass-1.0.5.tgz. Extracting by manifest.
7060 silly tarball no local data for pg-types@https://registry.npmjs.org/pg-types/-/pg-types-2.2.0.tgz. Extracting by manifest.
7061 silly tarball no local data for pg-pool@https://registry.npmjs.org/pg-pool/-/pg-pool-3.14.0.tgz. Extracting by manifest.
7062 silly tarball no local data for pg-protocol@https://registry.npmjs.org/pg-protocol/-/pg-protocol-1.16.1.tgz. Extracting by manifest.
7063 silly tarball no local data for pg-connection-string@https://registry.npmjs.org/pg-connection-string/-/pg-connection-string-2.14.1.tgz. Extracting by manifest.
7064 silly tarball no local data for pg-cloudflare@https://registry.npmjs.org/pg-cloudflare/-/pg-cloudflare-1.4.1.tgz. Extracting by manifest.
7065 silly tarball no local data for slashes@https://registry.npmjs.org/slashes/-/slashes-3.0.12.tgz. Extracting by manifest.
7066 silly tarball no local data for cyclist@https://registry.npmjs.org/cyclist/-/cyclist-1.0.2.tgz. Extracting by manifest.
7067 silly tarball no local data for find-up-simple@https://registry.npmjs.org/find-up-simple/-/find-up-simple-1.0.1.tgz. Extracting by manifest.
7068 silly tarball no local data for retry@https://registry.npmjs.org/retry/-/retry-0.13.1.tgz. Extracting by manifest.
7069 silly tarball no local data for is-network-error@https://registry.npmjs.org/is-network-error/-/is-network-error-1.3.2.tgz. Extracting by manifest.
7070 silly tarball no local data for @types/retry@https://registry.npmjs.org/@types/retry/-/retry-0.12.2.tgz. Extracting by manifest.
7071 silly tarball no local data for yocto-queue@https://registry.npmjs.org/yocto-queue/-/yocto-queue-1.2.2.tgz. Extracting by manifest.
7072 silly tarball no local data for p-limit@https://registry.npmjs.org/p-limit/-/p-limit-4.0.0.tgz. Extracting by manifest.
7073 silly tarball no local data for p-timeout@https://registry.npmjs.org/p-timeout/-/p-timeout-6.1.4.tgz. Extracting by manifest.
7074 silly tarball no local data for windows-release@https://registry.npmjs.org/windows-release/-/windows-release-6.1.0.tgz. Extracting by manifest.
7075 silly tarball no local data for macos-release@https://registry.npmjs.org/macos-release/-/macos-release-3.5.1.tgz. Extracting by manifest.
7076 silly tarball no local data for ieee754@https://registry.npmjs.org/ieee754/-/ieee754-1.2.1.tgz. Extracting by manifest.
7077 silly tarball no local data for base64-js@https://registry.npmjs.org/base64-js/-/base64-js-1.5.1.tgz. Extracting by manifest.
7078 silly tarball no local data for buffer@https://registry.npmjs.org/buffer/-/buffer-5.7.1.tgz. Extracting by manifest.
7079 silly tarball no local data for wcwidth@https://registry.npmjs.org/wcwidth/-/wcwidth-1.0.1.tgz. Extracting by manifest.
7080 silly tarball no local data for log-symbols@https://registry.npmjs.org/log-symbols/-/log-symbols-4.1.0.tgz. Extracting by manifest.
7081 silly tarball no local data for is-interactive@https://registry.npmjs.org/is-interactive/-/is-interactive-1.0.0.tgz. Extracting by manifest.
7082 silly tarball no local data for cli-spinners@https://registry.npmjs.org/cli-spinners/-/cli-spinners-2.9.2.tgz. Extracting by manifest.
7083 silly tarball no local data for bl@https://registry.npmjs.org/bl/-/bl-4.1.0.tgz. Extracting by manifest.
7084 silly tarball no local data for default-browser-id@https://registry.npmjs.org/default-browser-id/-/default-browser-id-5.0.1.tgz. Extracting by manifest.
7085 silly tarball no local data for wsl-utils@https://registry.npmjs.org/wsl-utils/-/wsl-utils-1.0.1.tgz. Extracting by manifest.
7086 silly tarball no local data for powershell-utils@https://registry.npmjs.org/powershell-utils/-/powershell-utils-0.2.1.tgz. Extracting by manifest.
7087 silly tarball no local data for is-in-ssh@https://registry.npmjs.org/is-in-ssh/-/is-in-ssh-1.0.0.tgz. Extracting by manifest.
7088 silly tarball no local data for bundle-name@https://registry.npmjs.org/bundle-name/-/bundle-name-4.1.1.tgz. Extracting by manifest.
7089 silly tarball no local data for run-applescript@https://registry.npmjs.org/run-applescript/-/run-applescript-7.1.0.tgz. Extracting by manifest.
7090 silly tarball no local data for define-lazy-prop@https://registry.npmjs.org/define-lazy-prop/-/define-lazy-prop-3.0.0.tgz. Extracting by manifest.
7091 silly tarball no local data for default-browser@https://registry.npmjs.org/default-browser/-/default-browser-5.5.1.tgz. Extracting by manifest.
7092 silly tarball no local data for wrappy@https://registry.npmjs.org/wrappy/-/wrappy-1.0.2.tgz. Extracting by manifest.
7093 silly tarball no local data for ee-first@https://registry.npmjs.org/ee-first/-/ee-first-1.1.1.tgz. Extracting by manifest.
7094 silly tarball no local data for node-fetch-native@https://registry.npmjs.org/node-fetch-native/-/node-fetch-native-1.6.7.tgz. Extracting by manifest.
7095 silly tarball no local data for lru-cache@https://registry.npmjs.org/lru-cache/-/lru-cache-10.4.3.tgz. Extracting by manifest.
7096 silly tarball no local data for validate-npm-package-license@https://registry.npmjs.org/validate-npm-package-license/-/validate-npm-package-license-3.0.4.tgz. Extracting by manifest.
7097 silly tarball no local data for hosted-git-info@https://registry.npmjs.org/hosted-git-info/-/hosted-git-info-8.1.0.tgz. Extracting by manifest.
7098 silly tarball no local data for abbrev@https://registry.npmjs.org/abbrev/-/abbrev-3.0.1.tgz. Extracting by manifest.
7099 silly tarball no local data for node-domexception@https://registry.npmjs.org/node-domexception/-/node-domexception-1.0.0.tgz. Extracting by manifest.
7100 silly tarball no local data for web-streams-polyfill@https://registry.npmjs.org/web-streams-polyfill/-/web-streams-polyfill-3.3.3.tgz. Extracting by manifest.
7101 silly tarball no local data for formdata-polyfill@https://registry.npmjs.org/formdata-polyfill/-/formdata-polyfill-4.0.10.tgz. Extracting by manifest.
7102 silly tarball no local data for fetch-blob@https://registry.npmjs.org/fetch-blob/-/fetch-blob-3.2.0.tgz. Extracting by manifest.
7103 silly tarball no local data for data-uri-to-buffer@https://registry.npmjs.org/data-uri-to-buffer/-/data-uri-to-buffer-4.0.1.tgz. Extracting by manifest.
7104 silly tarball no local data for uid-safe@https://registry.npmjs.org/uid-safe/-/uid-safe-2.1.5.tgz. Extracting by manifest.
7105 silly tarball no local data for balanced-match@https://registry.npmjs.org/balanced-match/-/balanced-match-4.0.4.tgz. Extracting by manifest.
7106 silly tarball no local data for brace-expansion@https://registry.npmjs.org/brace-expansion/-/brace-expansion-5.0.12.tgz. Extracting by manifest.
7107 silly tarball no local data for mime-db@https://registry.npmjs.org/mime-db/-/mime-db-1.54.0.tgz. Extracting by manifest.
7108 silly tarball no local data for to-regex-range@https://registry.npmjs.org/to-regex-range/-/to-regex-range-5.0.1.tgz. Extracting by manifest.
7109 silly tarball no local data for fill-range@https://registry.npmjs.org/fill-range/-/fill-range-7.1.1.tgz. Extracting by manifest.
7110 silly tarball no local data for braces@https://registry.npmjs.org/braces/-/braces-3.0.3.tgz. Extracting by manifest.
7111 silly tarball no local data for fast-stringify@https://registry.npmjs.org/fast-stringify/-/fast-stringify-4.0.2.tgz. Extracting by manifest.
7112 silly tarball no local data for fast-equals@https://registry.npmjs.org/fast-equals/-/fast-equals-5.4.3.tgz. Extracting by manifest.
7113 silly tarball no local data for through2@https://registry.npmjs.org/through2/-/through2-2.0.5.tgz. Extracting by manifest.
7114 silly tarball no local data for split2@https://registry.npmjs.org/split2/-/split2-1.1.1.tgz. Extracting by manifest.
7115 silly tarball no local data for slice-ansi@https://registry.npmjs.org/slice-ansi/-/slice-ansi-9.0.1.tgz. Extracting by manifest.
7116 silly tarball no local data for set-error-message@https://registry.npmjs.org/set-error-message/-/set-error-message-2.0.1.tgz. Extracting by manifest.
7117 silly tarball no local data for normalize-exception@https://registry.npmjs.org/normalize-exception/-/normalize-exception-3.0.0.tgz. Extracting by manifest.
7118 silly tarball no local data for is-error-instance@https://registry.npmjs.org/is-error-instance/-/is-error-instance-2.0.0.tgz. Extracting by manifest.
7119 silly tarball no local data for uqr@https://registry.npmjs.org/uqr/-/uqr-0.1.3.tgz. Extracting by manifest.
7120 silly tarball no local data for untun@https://registry.npmjs.org/untun/-/untun-0.2.2.tgz. Extracting by manifest.
7121 silly tarball no local data for tinyclip@https://registry.npmjs.org/tinyclip/-/tinyclip-0.1.15.tgz. Extracting by manifest.
7122 silly tarball no local data for std-env@https://registry.npmjs.org/std-env/-/std-env-4.3.0.tgz. Extracting by manifest.
7123 silly tarball no local data for node-forge@https://registry.npmjs.org/node-forge/-/node-forge-1.4.0.tgz. Extracting by manifest.
7124 silly tarball no local data for jiti@https://registry.npmjs.org/jiti/-/jiti-2.7.0.tgz. Extracting by manifest.
7125 silly tarball no local data for get-port-please@https://registry.npmjs.org/get-port-please/-/get-port-please-3.2.0.tgz. Extracting by manifest.
7126 silly tarball no local data for winston@https://registry.npmjs.org/winston/-/winston-3.19.0.tgz. Extracting by manifest.
7127 silly tarball no local data for set-cookie-parser@https://registry.npmjs.org/set-cookie-parser/-/set-cookie-parser-2.7.2.tgz. Extracting by manifest.
7128 silly tarball no local data for http-shutdown@https://registry.npmjs.org/http-shutdown/-/http-shutdown-1.2.2.tgz. Extracting by manifest.
7129 silly tarball no local data for ecdsa-sig-formatter@https://registry.npmjs.org/ecdsa-sig-formatter/-/ecdsa-sig-formatter-1.0.11.tgz. Extracting by manifest.
7130 silly tarball no local data for mimic-fn@https://registry.npmjs.org/mimic-fn/-/mimic-fn-4.0.0.tgz. Extracting by manifest.
7131 silly tarball no local data for buffer-equal-constant-time@https://registry.npmjs.org/buffer-equal-constant-time/-/buffer-equal-constant-time-1.0.1.tgz. Extracting by manifest.
7132 silly tarball no local data for safe-buffer@https://registry.npmjs.org/safe-buffer/-/safe-buffer-5.2.1.tgz. Extracting by manifest.
7133 silly tarball no local data for jwa@https://registry.npmjs.org/jwa/-/jwa-2.0.1.tgz. Extracting by manifest.
7134 silly tarball no local data for lodash.once@https://registry.npmjs.org/lodash.once/-/lodash.once-4.1.1.tgz. Extracting by manifest.
7135 silly tarball no local data for lodash.isstring@https://registry.npmjs.org/lodash.isstring/-/lodash.isstring-4.0.1.tgz. Extracting by manifest.
7136 silly tarball no local data for lodash.isnumber@https://registry.npmjs.org/lodash.isnumber/-/lodash.isnumber-3.0.3.tgz. Extracting by manifest.
7137 silly tarball no local data for lodash.isinteger@https://registry.npmjs.org/lodash.isinteger/-/lodash.isinteger-4.0.4.tgz. Extracting by manifest.
7138 silly tarball no local data for lodash.isboolean@https://registry.npmjs.org/lodash.isboolean/-/lodash.isboolean-3.0.3.tgz. Extracting by manifest.
7139 silly tarball no local data for lodash.includes@https://registry.npmjs.org/lodash.includes/-/lodash.includes-4.3.0.tgz. Extracting by manifest.
7140 silly tarball no local data for is-inside-container@https://registry.npmjs.org/is-inside-container/-/is-inside-container-1.0.0.tgz. Extracting by manifest.
7141 silly tarball no local data for jws@https://registry.npmjs.org/jws/-/jws-4.0.1.tgz. Extracting by manifest.
7142 silly tarball no local data for is-extglob@https://registry.npmjs.org/is-extglob/-/is-extglob-2.1.1.tgz. Extracting by manifest.
7143 silly tarball no local data for uncrypto@https://registry.npmjs.org/uncrypto/-/uncrypto-0.1.3.tgz. Extracting by manifest.
7144 silly tarball no local data for radix3@https://registry.npmjs.org/radix3/-/radix3-1.1.2.tgz. Extracting by manifest.
7145 silly tarball no local data for node-mock-http@https://registry.npmjs.org/node-mock-http/-/node-mock-http-1.0.5.tgz. Extracting by manifest.
7146 silly tarball no local data for iron-webcrypto@https://registry.npmjs.org/iron-webcrypto/-/iron-webcrypto-1.2.1.tgz. Extracting by manifest.
7147 silly tarball no local data for crossws@https://registry.npmjs.org/crossws/-/crossws-0.3.5.tgz. Extracting by manifest.
7148 silly tarball no local data for cookie-es@https://registry.npmjs.org/cookie-es/-/cookie-es-1.2.3.tgz. Extracting by manifest.
7149 silly tarball no local data for xss@https://registry.npmjs.org/xss/-/xss-1.0.15.tgz. Extracting by manifest.
7150 silly tarball no local data for ufo@https://registry.npmjs.org/ufo/-/ufo-1.6.4.tgz. Extracting by manifest.
7151 silly tarball no local data for svgo@https://registry.npmjs.org/svgo/-/svgo-4.1.0.tgz. Extracting by manifest.
7152 silly tarball no local data for sharp@https://registry.npmjs.org/sharp/-/sharp-0.34.5.tgz. Extracting by manifest.
7153 silly tarball no local data for pathe@https://registry.npmjs.org/pathe/-/pathe-2.0.3.tgz. Extracting by manifest.
7154 silly tarball no local data for ofetch@https://registry.npmjs.org/ofetch/-/ofetch-1.5.1.tgz. Extracting by manifest.
7155 silly tarball no local data for image-meta@https://registry.npmjs.org/image-meta/-/image-meta-0.2.2.tgz. Extracting by manifest.
7156 silly tarball no local data for h3@https://registry.npmjs.org/h3/-/h3-1.15.11.tgz. Extracting by manifest.
7157 silly tarball no local data for defu@https://registry.npmjs.org/defu/-/defu-6.1.7.tgz. Extracting by manifest.
7158 silly tarball no local data for destr@https://registry.npmjs.org/destr/-/destr-2.0.5.tgz. Extracting by manifest.
7159 silly tarball no local data for citty@https://registry.npmjs.org/citty/-/citty-0.1.6.tgz. Extracting by manifest.
7160 silly tarball no local data for restore-cursor@https://registry.npmjs.org/restore-cursor/-/restore-cursor-3.1.0.tgz. Extracting by manifest.
7161 silly tarball no local data for chardet@https://registry.npmjs.org/chardet/-/chardet-2.2.0.tgz. Extracting by manifest.
7162 silly tarball no local data for listhen@https://registry.npmjs.org/listhen/-/listhen-1.10.1.tgz. Extracting by manifest.
7163 silly tarball no local data for through@https://registry.npmjs.org/through/-/through-2.3.8.tgz. Extracting by manifest.
7164 silly tarball no local data for rxjs@https://registry.npmjs.org/rxjs/-/rxjs-7.8.2.tgz. Extracting by manifest.
7165 silly tarball no local data for run-async@https://registry.npmjs.org/run-async/-/run-async-2.4.1.tgz. Extracting by manifest.
7166 silly tarball no local data for ora@https://registry.npmjs.org/ora/-/ora-5.4.1.tgz. Extracting by manifest.
7167 silly tarball no local data for mute-stream@https://registry.npmjs.org/mute-stream/-/mute-stream-0.0.8.tgz. Extracting by manifest.
7168 silly tarball no local data for lodash@https://registry.npmjs.org/lodash/-/lodash-4.18.1.tgz. Extracting by manifest.
7169 silly tarball no local data for cli-width@https://registry.npmjs.org/cli-width/-/cli-width-3.0.0.tgz. Extracting by manifest.
7170 silly tarball no local data for cli-cursor@https://registry.npmjs.org/cli-cursor/-/cli-cursor-3.1.0.tgz. Extracting by manifest.
7171 silly tarball no local data for @inquirer/external-editor@https://registry.npmjs.org/@inquirer/external-editor/-/external-editor-1.0.3.tgz. Extracting by manifest.
7172 silly tarball no local data for module-details-from-path@https://registry.npmjs.org/module-details-from-path/-/module-details-from-path-1.0.4.tgz. Extracting by manifest.
7173 silly tarball no local data for cjs-module-lexer@https://registry.npmjs.org/cjs-module-lexer/-/cjs-module-lexer-2.2.1.tgz. Extracting by manifest.
7174 silly tarball no local data for safer-buffer@https://registry.npmjs.org/safer-buffer/-/safer-buffer-2.1.2.tgz. Extracting by manifest.
7175 silly tarball no local data for agent-base@https://registry.npmjs.org/agent-base/-/agent-base-8.0.0.tgz. Extracting by manifest.
7176 silly tarball no local data for @types/http-proxy@https://registry.npmjs.org/@types/http-proxy/-/http-proxy-1.17.17.tgz. Extracting by manifest.
7177 silly tarball no local data for is-plain-object@https://registry.npmjs.org/is-plain-object/-/is-plain-object-5.1.0.tgz. Extracting by manifest.
7178 silly tarball no local data for requires-port@https://registry.npmjs.org/requires-port/-/requires-port-1.0.0.tgz. Extracting by manifest.
7179 silly tarball no local data for follow-redirects@https://registry.npmjs.org/follow-redirects/-/follow-redirects-1.16.0.tgz. Extracting by manifest.
7180 silly tarball no local data for eventemitter3@https://registry.npmjs.org/eventemitter3/-/eventemitter3-4.0.7.tgz. Extracting by manifest.
7181 silly tarball no local data for toidentifier@https://registry.npmjs.org/toidentifier/-/toidentifier-1.0.1.tgz. Extracting by manifest.
7182 silly tarball no local data for unix-dgram@https://registry.npmjs.org/unix-dgram/-/unix-dgram-2.0.7.tgz. Extracting by manifest.
7183 silly tarball no local data for setprototypeof@https://registry.npmjs.org/setprototypeof/-/setprototypeof-1.2.0.tgz. Extracting by manifest.
7184 silly tarball no local data for is-glob@https://registry.npmjs.org/is-glob/-/is-glob-4.0.3.tgz. Extracting by manifest.
7185 silly tarball no local data for path-scurry@https://registry.npmjs.org/path-scurry/-/path-scurry-2.0.2.tgz. Extracting by manifest.
7186 silly tarball no local data for minipass@https://registry.npmjs.org/minipass/-/minipass-7.1.3.tgz. Extracting by manifest.
7187 silly tarball no local data for @sec-ant/readable-stream@https://registry.npmjs.org/@sec-ant/readable-stream/-/readable-stream-0.4.1.tgz. Extracting by manifest.
7188 silly tarball no local data for ini@https://registry.npmjs.org/ini/-/ini-1.3.8.tgz. Extracting by manifest.
7189 silly tarball no local data for inherits@https://registry.npmjs.org/inherits/-/inherits-2.0.4.tgz. Extracting by manifest.
7190 silly tarball no local data for from2@https://registry.npmjs.org/from2/-/from2-2.3.0.tgz. Extracting by manifest.
7191 silly tarball no local data for unicorn-magic@https://registry.npmjs.org/unicorn-magic/-/unicorn-magic-0.3.0.tgz. Extracting by manifest.
7192 silly tarball no local data for safe-regex2@https://registry.npmjs.org/safe-regex2/-/safe-regex2-5.1.1.tgz. Extracting by manifest.
7193 silly tarball no local data for fast-querystring@https://registry.npmjs.org/fast-querystring/-/fast-querystring-1.1.2.tgz. Extracting by manifest.
7194 silly tarball no local data for is-unicode-supported@https://registry.npmjs.org/is-unicode-supported/-/is-unicode-supported-2.1.0.tgz. Extracting by manifest.
7195 silly tarball no local data for json-schema-ref-resolver@https://registry.npmjs.org/json-schema-ref-resolver/-/json-schema-ref-resolver-3.0.0.tgz. Extracting by manifest.
7196 silly tarball no local data for reusify@https://registry.npmjs.org/reusify/-/reusify-1.1.0.tgz. Extracting by manifest.
7197 silly tarball no local data for dequal@https://registry.npmjs.org/dequal/-/dequal-2.0.3.tgz. Extracting by manifest.
7198 silly tarball no local data for @fastify/merge-json-schemas@https://registry.npmjs.org/@fastify/merge-json-schemas/-/merge-json-schemas-0.2.1.tgz. Extracting by manifest.
7199 silly tarball no local data for ipaddr.js@https://registry.npmjs.org/ipaddr.js/-/ipaddr.js-2.5.0.tgz. Extracting by manifest.
7200 silly tarball no local data for @fastify/forwarded@https://registry.npmjs.org/@fastify/forwarded/-/forwarded-3.0.2.tgz. Extracting by manifest.
7201 silly tarball no local data for ajv-formats@https://registry.npmjs.org/ajv-formats/-/ajv-formats-3.0.1.tgz. Extracting by manifest.
7202 silly tarball no local data for toad-cache@https://registry.npmjs.org/toad-cache/-/toad-cache-3.7.4.tgz. Extracting by manifest.
7203 silly tarball no local data for secure-json-parse@https://registry.npmjs.org/secure-json-parse/-/secure-json-parse-4.1.0.tgz. Extracting by manifest.
7204 silly tarball no local data for pino@https://registry.npmjs.org/pino/-/pino-10.3.1.tgz. Extracting by manifest.
7205 silly tarball no local data for process-warning@https://registry.npmjs.org/process-warning/-/process-warning-5.1.0.tgz. Extracting by manifest.
7206 silly tarball no local data for light-my-request@https://registry.npmjs.org/light-my-request/-/light-my-request-6.6.0.tgz. Extracting by manifest.
7207 silly tarball no local data for find-my-way@https://registry.npmjs.org/find-my-way/-/find-my-way-9.9.0.tgz. Extracting by manifest.
7208 silly tarball no local data for fast-json-stringify@https://registry.npmjs.org/fast-json-stringify/-/fast-json-stringify-7.0.1.tgz. Extracting by manifest.
7209 silly tarball no local data for avvio@https://registry.npmjs.org/avvio/-/avvio-9.3.0.tgz. Extracting by manifest.
7210 silly tarball no local data for abstract-logging@https://registry.npmjs.org/abstract-logging/-/abstract-logging-2.0.1.tgz. Extracting by manifest.
7211 silly tarball no local data for @fastify/proxy-addr@https://registry.npmjs.org/@fastify/proxy-addr/-/proxy-addr-5.1.1.tgz. Extracting by manifest.
7212 silly tarball no local data for postgres-bytea@https://registry.npmjs.org/postgres-bytea/-/postgres-bytea-1.0.1.tgz. Extracting by manifest.
7213 silly tarball no local data for @dependents/detective-less@https://registry.npmjs.org/@dependents/detective-less/-/detective-less-5.0.3.tgz. Extracting by manifest.
7214 silly tarball no local data for fast-string-truncated-width@https://registry.npmjs.org/fast-string-truncated-width/-/fast-string-truncated-width-3.0.3.tgz. Extracting by manifest.
7215 silly tarball no local data for @nodelib/fs.scandir@https://registry.npmjs.org/@nodelib/fs.scandir/-/fs.scandir-2.1.5.tgz. Extracting by manifest.
7216 silly tarball no local data for merge2@https://registry.npmjs.org/merge2/-/merge2-1.4.1.tgz. Extracting by manifest.
7217 silly tarball no local data for run-parallel@https://registry.npmjs.org/run-parallel/-/run-parallel-1.2.0.tgz. Extracting by manifest.
7218 silly tarball no local data for @nodelib/fs.walk@https://registry.npmjs.org/@nodelib/fs.walk/-/fs.walk-1.2.8.tgz. Extracting by manifest.
7219 silly tarball no local data for glob-parent@https://registry.npmjs.org/glob-parent/-/glob-parent-5.1.2.tgz. Extracting by manifest.
7220 silly tarball no local data for @nodelib/fs.stat@https://registry.npmjs.org/@nodelib/fs.stat/-/fs.stat-2.0.5.tgz. Extracting by manifest.
7221 silly tarball no local data for on-headers@https://registry.npmjs.org/on-headers/-/on-headers-1.1.0.tgz. Extracting by manifest.
7222 silly tarball no local data for iconv-lite@https://registry.npmjs.org/iconv-lite/-/iconv-lite-0.7.3.tgz. Extracting by manifest.
7223 silly tarball no local data for negotiator@https://registry.npmjs.org/negotiator/-/negotiator-1.1.0.tgz. Extracting by manifest.
7224 silly tarball no local data for vary@https://registry.npmjs.org/vary/-/vary-1.1.2.tgz. Extracting by manifest.
7225 silly tarball no local data for bytes@https://registry.npmjs.org/bytes/-/bytes-3.1.2.tgz. Extracting by manifest.
7226 silly tarball no local data for statuses@https://registry.npmjs.org/statuses/-/statuses-2.0.2.tgz. Extracting by manifest.
7227 silly tarball no local data for type-is@https://registry.npmjs.org/type-is/-/type-is-2.1.0.tgz. Extracting by manifest.
7228 silly tarball no local data for send@https://registry.npmjs.org/send/-/send-1.2.1.tgz. Extracting by manifest.
7229 silly tarball no local data for serve-static@https://registry.npmjs.org/serve-static/-/serve-static-2.2.1.tgz. Extracting by manifest.
7230 silly tarball no local data for router@https://registry.npmjs.org/router/-/router-2.2.0.tgz. Extracting by manifest.
7231 silly tarball no local data for range-parser@https://registry.npmjs.org/range-parser/-/range-parser-1.3.0.tgz. Extracting by manifest.
7232 silly tarball no local data for qs@https://registry.npmjs.org/qs/-/qs-6.16.0.tgz. Extracting by manifest.
7233 silly tarball no local data for proxy-addr@https://registry.npmjs.org/proxy-addr/-/proxy-addr-2.0.8.tgz. Extracting by manifest.
7234 silly tarball no local data for parseurl@https://registry.npmjs.org/parseurl/-/parseurl-1.3.3.tgz. Extracting by manifest.
7235 silly tarball no local data for once@https://registry.npmjs.org/once/-/once-1.4.0.tgz. Extracting by manifest.
7236 silly tarball no local data for on-finished@https://registry.npmjs.org/on-finished/-/on-finished-2.4.1.tgz. Extracting by manifest.
7237 silly tarball no local data for merge-descriptors@https://registry.npmjs.org/merge-descriptors/-/merge-descriptors-2.0.0.tgz. Extracting by manifest.
7238 silly tarball no local data for fresh@https://registry.npmjs.org/fresh/-/fresh-2.0.0.tgz. Extracting by manifest.
7239 silly tarball no local data for encodeurl@https://registry.npmjs.org/encodeurl/-/encodeurl-2.0.0.tgz. Extracting by manifest.
7240 silly tarball no local data for finalhandler@https://registry.npmjs.org/finalhandler/-/finalhandler-2.1.1.tgz. Extracting by manifest.
7241 silly tarball no local data for depd@https://registry.npmjs.org/depd/-/depd-2.0.0.tgz. Extracting by manifest.
7242 silly tarball no local data for cookie-signature@https://registry.npmjs.org/cookie-signature/-/cookie-signature-1.2.2.tgz. Extracting by manifest.
7243 silly tarball no local data for body-parser@https://registry.npmjs.org/body-parser/-/body-parser-2.3.0.tgz. Extracting by manifest.
7244 silly tarball no local data for accepts@https://registry.npmjs.org/accepts/-/accepts-2.0.0.tgz. Extracting by manifest.
7245 silly tarball no local data for shebang-command@https://registry.npmjs.org/shebang-command/-/shebang-command-2.0.0.tgz. Extracting by manifest.
7246 silly tarball no local data for path-key@https://registry.npmjs.org/path-key/-/path-key-3.1.1.tgz. Extracting by manifest.
7247 silly tarball no local data for which@https://registry.npmjs.org/which/-/which-2.0.2.tgz. Extracting by manifest.
7248 silly tarball no local data for strip-final-newline@https://registry.npmjs.org/strip-final-newline/-/strip-final-newline-2.0.0.tgz. Extracting by manifest.
7249 silly tarball no local data for signal-exit@https://registry.npmjs.org/signal-exit/-/signal-exit-3.0.7.tgz. Extracting by manifest.
7250 silly tarball no local data for onetime@https://registry.npmjs.org/onetime/-/onetime-5.1.2.tgz. Extracting by manifest.
7251 silly tarball no local data for npm-run-path@https://registry.npmjs.org/npm-run-path/-/npm-run-path-4.0.1.tgz. Extracting by manifest.
7252 silly tarball no local data for merge-stream@https://registry.npmjs.org/merge-stream/-/merge-stream-2.0.0.tgz. Extracting by manifest.
7253 silly tarball no local data for human-signals@https://registry.npmjs.org/human-signals/-/human-signals-2.1.0.tgz. Extracting by manifest.
7254 silly tarball no local data for @esbuild/win32-x64@https://registry.npmjs.org/@esbuild/win32-x64/-/win32-x64-0.28.1.tgz. Extracting by manifest.
7255 silly tarball no local data for stackframe@https://registry.npmjs.org/stackframe/-/stackframe-1.3.4.tgz. Extracting by manifest.
7256 silly tarball no local data for cross-spawn@https://registry.npmjs.org/cross-spawn/-/cross-spawn-7.0.6.tgz. Extracting by manifest.
7257 silly tarball no local data for is-safe-filename@https://registry.npmjs.org/is-safe-filename/-/is-safe-filename-0.1.1.tgz. Extracting by manifest.
7258 silly tarball no local data for strip-ansi@https://registry.npmjs.org/strip-ansi/-/strip-ansi-6.0.1.tgz. Extracting by manifest.
7259 silly tarball no local data for callsite@https://registry.npmjs.org/callsite/-/callsite-1.0.0.tgz. Extracting by manifest.
7260 silly tarball no local data for ms@https://registry.npmjs.org/ms/-/ms-2.1.3.tgz. Extracting by manifest.
7261 silly tarball no local data for ansi-colors@https://registry.npmjs.org/ansi-colors/-/ansi-colors-4.1.3.tgz. Extracting by manifest.
7262 silly tarball no local data for luxon@https://registry.npmjs.org/luxon/-/luxon-3.7.2.tgz. Extracting by manifest.
7263 silly tarball no local data for esprima@https://registry.npmjs.org/esprima/-/esprima-4.0.1.tgz. Extracting by manifest.
7264 silly tarball no local data for p-event@https://registry.npmjs.org/p-event/-/p-event-6.0.1.tgz. Extracting by manifest.
7265 silly tarball no local data for @fastify/fast-json-stringify-compiler@https://registry.npmjs.org/@fastify/fast-json-stringify-compiler/-/fast-json-stringify-compiler-5.1.0.tgz. Extracting by manifest.
7266 silly tarball no local data for array-timsort@https://registry.npmjs.org/array-timsort/-/array-timsort-1.0.3.tgz. Extracting by manifest.
7267 silly tarball no local data for lodash.isplainobject@https://registry.npmjs.org/lodash.isplainobject/-/lodash.isplainobject-4.0.6.tgz. Extracting by manifest.
7268 silly tarball no local data for lodash.isempty@https://registry.npmjs.org/lodash.isempty/-/lodash.isempty-4.4.0.tgz. Extracting by manifest.
7269 silly tarball no local data for lodash.transform@https://registry.npmjs.org/lodash.transform/-/lodash.transform-4.6.0.tgz. Extracting by manifest.
7270 silly tarball no local data for wrap-ansi@https://registry.npmjs.org/wrap-ansi/-/wrap-ansi-9.0.2.tgz. Extracting by manifest.
7271 silly tarball no local data for widest-line@https://registry.npmjs.org/widest-line/-/widest-line-5.0.0.tgz. Extracting by manifest.
7272 silly tarball no local data for type-fest@https://registry.npmjs.org/type-fest/-/type-fest-4.41.0.tgz. Extracting by manifest.
7273 silly tarball no local data for string-width@https://registry.npmjs.org/string-width/-/string-width-7.2.0.tgz. Extracting by manifest.
7274 silly tarball no local data for cli-boxes@https://registry.npmjs.org/cli-boxes/-/cli-boxes-3.0.0.tgz. Extracting by manifest.
7275 silly tarball no local data for camelcase@https://registry.npmjs.org/camelcase/-/camelcase-8.0.0.tgz. Extracting by manifest.
7276 silly tarball no local data for ansi-align@https://registry.npmjs.org/ansi-align/-/ansi-align-3.0.1.tgz. Extracting by manifest.
7277 silly tarball no local data for picocolors@https://registry.npmjs.org/picocolors/-/picocolors-1.1.1.tgz. Extracting by manifest.
7278 silly tarball no local data for file-uri-to-path@https://registry.npmjs.org/file-uri-to-path/-/file-uri-to-path-1.0.0.tgz. Extracting by manifest.
7279 silly tarball no local data for leven@https://registry.npmjs.org/leven/-/leven-3.1.0.tgz. Extracting by manifest.
7280 silly tarball no local data for @humanwhocodes/momoa@https://registry.npmjs.org/@humanwhocodes/momoa/-/momoa-2.0.4.tgz. Extracting by manifest.
7281 silly tarball no local data for js-tokens@https://registry.npmjs.org/js-tokens/-/js-tokens-4.0.0.tgz. Extracting by manifest.
7282 silly tarball no local data for jsonpointer@https://registry.npmjs.org/jsonpointer/-/jsonpointer-5.0.1.tgz. Extracting by manifest.
7283 silly tarball no local data for precond@https://registry.npmjs.org/precond/-/precond-0.2.3.tgz. Extracting by manifest.
7284 silly tarball no local data for @babel/code-frame@https://registry.npmjs.org/@babel/code-frame/-/code-frame-7.29.7.tgz. Extracting by manifest.
7285 silly tarball no local data for when-exit@https://registry.npmjs.org/when-exit/-/when-exit-2.1.5.tgz. Extracting by manifest.
7286 silly tarball no local data for zip-stream@https://registry.npmjs.org/zip-stream/-/zip-stream-7.0.5.tgz. Extracting by manifest.
7287 silly tarball no local data for tar-stream@https://registry.npmjs.org/tar-stream/-/tar-stream-3.2.1.tgz. Extracting by manifest.
7288 silly tarball no local data for stubborn-fs@https://registry.npmjs.org/stubborn-fs/-/stubborn-fs-2.0.0.tgz. Extracting by manifest.
7289 silly tarball no local data for readdir-glob@https://registry.npmjs.org/readdir-glob/-/readdir-glob-3.0.0.tgz. Extracting by manifest.
7290 silly tarball no local data for readable-stream@https://registry.npmjs.org/readable-stream/-/readable-stream-4.7.0.tgz. Extracting by manifest.
7291 silly tarball no local data for buffer-crc32@https://registry.npmjs.org/buffer-crc32/-/buffer-crc32-1.0.0.tgz. Extracting by manifest.
7292 silly tarball no local data for lazystream@https://registry.npmjs.org/lazystream/-/lazystream-1.0.1.tgz. Extracting by manifest.
7293 silly tarball no local data for async@https://registry.npmjs.org/async/-/async-3.2.6.tgz. Extracting by manifest.
7294 silly tarball no local data for require-from-string@https://registry.npmjs.org/require-from-string/-/require-from-string-2.0.2.tgz. Extracting by manifest.
7295 silly tarball no local data for entities@https://registry.npmjs.org/entities/-/entities-2.2.0.tgz. Extracting by manifest.
7296 silly tarball no local data for environment@https://registry.npmjs.org/environment/-/environment-1.1.0.tgz. Extracting by manifest.
7297 silly tarball no local data for json-schema-traverse@https://registry.npmjs.org/json-schema-traverse/-/json-schema-traverse-1.0.0.tgz. Extracting by manifest.
7298 silly tarball no local data for fast-uri@https://registry.npmjs.org/fast-uri/-/fast-uri-3.1.8.tgz. Extracting by manifest.
7299 silly tarball no local data for @fastify/busboy@https://registry.npmjs.org/@fastify/busboy/-/busboy-3.2.2.tgz. Extracting by manifest.
7300 silly tarball no local data for fast-deep-equal@https://registry.npmjs.org/fast-deep-equal/-/fast-deep-equal-3.1.3.tgz. Extracting by manifest.
7301 silly tarball no local data for @whatwg-node/node-fetch@https://registry.npmjs.org/@whatwg-node/node-fetch/-/node-fetch-0.8.6.tgz. Extracting by manifest.
7302 silly tarball no local data for @whatwg-node/promise-helpers@https://registry.npmjs.org/@whatwg-node/promise-helpers/-/promise-helpers-1.3.2.tgz. Extracting by manifest.
7303 silly tarball no local data for tslib@https://registry.npmjs.org/tslib/-/tslib-2.8.1.tgz. Extracting by manifest.
7304 silly tarball no local data for @whatwg-node/fetch@https://registry.npmjs.org/@whatwg-node/fetch/-/fetch-0.10.13.tgz. Extracting by manifest.
7305 silly tarball no local data for @whatwg-node/disposablestack@https://registry.npmjs.org/@whatwg-node/disposablestack/-/disposablestack-0.0.6.tgz. Extracting by manifest.
7306 silly tarball no local data for @envelop/instrumentation@https://registry.npmjs.org/@envelop/instrumentation/-/instrumentation-1.0.1.tgz. Extracting by manifest.
7307 silly tarball no local data for @types/estree@https://registry.npmjs.org/@types/estree/-/estree-1.0.9.tgz. Extracting by manifest.
7308 silly tarball no local data for nopt@https://registry.npmjs.org/nopt/-/nopt-8.1.0.tgz. Extracting by manifest.
7309 silly tarball no local data for detect-libc@https://registry.npmjs.org/detect-libc/-/detect-libc-2.1.2.tgz. Extracting by manifest.
7310 silly tarball no local data for consola@https://registry.npmjs.org/consola/-/consola-3.4.2.tgz. Extracting by manifest.
7311 silly tarball no local data for picomatch@https://registry.npmjs.org/picomatch/-/picomatch-4.0.7.tgz. Extracting by manifest.
7312 silly tarball no local data for node-gyp-build@https://registry.npmjs.org/node-gyp-build/-/node-gyp-build-4.8.4.tgz. Extracting by manifest.
7313 silly tarball no local data for resolve-from@https://registry.npmjs.org/resolve-from/-/resolve-from-5.0.0.tgz. Extracting by manifest.
7314 silly tarball no local data for graceful-fs@https://registry.npmjs.org/graceful-fs/-/graceful-fs-4.2.11.tgz. Extracting by manifest.
7315 silly tarball no local data for bindings@https://registry.npmjs.org/bindings/-/bindings-1.5.0.tgz. Extracting by manifest.
7316 silly tarball no local data for estree-walker@https://registry.npmjs.org/estree-walker/-/estree-walker-2.0.2.tgz. Extracting by manifest.
7317 silly tarball no local data for async-sema@https://registry.npmjs.org/async-sema/-/async-sema-3.1.1.tgz. Extracting by manifest.
7318 silly tarball no local data for acorn-import-attributes@https://registry.npmjs.org/acorn-import-attributes/-/acorn-import-attributes-1.9.5.tgz. Extracting by manifest.
7319 silly tarball no local data for @rollup/pluginutils@https://registry.npmjs.org/@rollup/pluginutils/-/pluginutils-5.4.0.tgz. Extracting by manifest.
7320 silly tarball no local data for @mapbox/node-pre-gyp@https://registry.npmjs.org/@mapbox/node-pre-gyp/-/node-pre-gyp-2.0.3.tgz. Extracting by manifest.
7321 silly tarball no local data for undici-types@https://registry.npmjs.org/undici-types/-/undici-types-8.9.0.tgz. Extracting by manifest.
7322 silly tarball no local data for @sindresorhus/transliterate@https://registry.npmjs.org/@sindresorhus/transliterate/-/transliterate-1.6.0.tgz. Extracting by manifest.
7323 silly tarball no local data for untildify@https://registry.npmjs.org/untildify/-/untildify-4.0.0.tgz. Extracting by manifest.
7324 silly tarball no local data for minimist@https://registry.npmjs.org/minimist/-/minimist-1.2.8.tgz. Extracting by manifest.
7325 silly tarball no local data for enquirer@https://registry.npmjs.org/enquirer/-/enquirer-2.4.1.tgz. Extracting by manifest.
7326 silly tarball no local data for @opentelemetry/sdk-trace-base@https://registry.npmjs.org/@opentelemetry/sdk-trace-base/-/sdk-trace-base-2.10.0.tgz. Extracting by manifest.
7327 silly tarball no local data for require-in-the-middle@https://registry.npmjs.org/require-in-the-middle/-/require-in-the-middle-8.0.1.tgz. Extracting by manifest.
7328 silly tarball no local data for @opentelemetry/context-async-hooks@https://registry.npmjs.org/@opentelemetry/context-async-hooks/-/context-async-hooks-2.10.0.tgz. Extracting by manifest.
7329 silly tarball no local data for import-in-the-middle@https://registry.npmjs.org/import-in-the-middle/-/import-in-the-middle-3.5.2.tgz. Extracting by manifest.
7330 silly tarball no local data for @opentelemetry/sdk-trace@https://registry.npmjs.org/@opentelemetry/sdk-trace/-/sdk-trace-2.10.0.tgz. Extracting by manifest.
7331 silly tarball no local data for @opentelemetry/api-logs@https://registry.npmjs.org/@opentelemetry/api-logs/-/api-logs-0.221.0.tgz. Extracting by manifest.
7332 silly tarball no local data for @opentelemetry/semantic-conventions@https://registry.npmjs.org/@opentelemetry/semantic-conventions/-/semantic-conventions-1.43.0.tgz. Extracting by manifest.
7333 silly tarball no local data for @octokit/openapi-types@https://registry.npmjs.org/@octokit/openapi-types/-/openapi-types-29.0.1.tgz. Extracting by manifest.
7334 silly tarball no local data for json-with-bigint@https://registry.npmjs.org/json-with-bigint/-/json-with-bigint-3.5.12.tgz. Extracting by manifest.
7335 silly tarball no local data for @octokit/endpoint@https://registry.npmjs.org/@octokit/endpoint/-/endpoint-11.0.5.tgz. Extracting by manifest.
7336 silly tarball no local data for before-after-hook@https://registry.npmjs.org/before-after-hook/-/before-after-hook-4.0.0.tgz. Extracting by manifest.
7337 silly tarball no local data for universal-user-agent@https://registry.npmjs.org/universal-user-agent/-/universal-user-agent-7.0.3.tgz. Extracting by manifest.
7338 silly tarball no local data for @octokit/types@https://registry.npmjs.org/@octokit/types/-/types-18.0.0.tgz. Extracting by manifest.
7339 silly tarball no local data for @octokit/plugin-request-log@https://registry.npmjs.org/@octokit/plugin-request-log/-/plugin-request-log-6.0.0.tgz. Extracting by manifest.
7340 silly tarball no local data for @octokit/request-error@https://registry.npmjs.org/@octokit/request-error/-/request-error-7.1.2.tgz. Extracting by manifest.
7341 silly tarball no local data for @octokit/auth-token@https://registry.npmjs.org/@octokit/auth-token/-/auth-token-6.0.0.tgz. Extracting by manifest.
7342 silly tarball no local data for @octokit/plugin-rest-endpoint-methods@https://registry.npmjs.org/@octokit/plugin-rest-endpoint-methods/-/plugin-rest-endpoint-methods-17.0.0.tgz. Extracting by manifest.
7343 silly tarball no local data for @octokit/core@https://registry.npmjs.org/@octokit/core/-/core-7.0.8.tgz. Extracting by manifest.
7344 silly tarball no local data for @octokit/plugin-paginate-rest@https://registry.npmjs.org/@octokit/plugin-paginate-rest/-/plugin-paginate-rest-14.0.0.tgz. Extracting by manifest.
7345 silly tarball no local data for @babel/helper-validator-identifier@https://registry.npmjs.org/@babel/helper-validator-identifier/-/helper-validator-identifier-7.29.7.tgz. Extracting by manifest.
7346 silly tarball no local data for @octokit/request@https://registry.npmjs.org/@octokit/request/-/request-10.0.16.tgz. Extracting by manifest.
7347 silly tarball no local data for @babel/helper-string-parser@https://registry.npmjs.org/@babel/helper-string-parser/-/helper-string-parser-7.29.7.tgz. Extracting by manifest.
7348 silly tarball no local data for precinct@https://registry.npmjs.org/precinct/-/precinct-12.3.2.tgz. Extracting by manifest.
7349 silly tarball no local data for require-package-name@https://registry.npmjs.org/require-package-name/-/require-package-name-2.0.1.tgz. Extracting by manifest.
7350 silly tarball no local data for path-exists@https://registry.npmjs.org/path-exists/-/path-exists-5.0.0.tgz. Extracting by manifest.
7351 silly tarball no local data for normalize-path@https://registry.npmjs.org/normalize-path/-/normalize-path-3.0.0.tgz. Extracting by manifest.
7352 silly tarball no local data for fast-glob@https://registry.npmjs.org/fast-glob/-/fast-glob-3.3.3.tgz. Extracting by manifest.
7353 silly tarball no local data for es-module-lexer@https://registry.npmjs.org/es-module-lexer/-/es-module-lexer-1.7.0.tgz. Extracting by manifest.
7354 silly tarball no local data for is-path-inside@https://registry.npmjs.org/is-path-inside/-/is-path-inside-4.0.0.tgz. Extracting by manifest.
7355 silly tarball no local data for copy-file@https://registry.npmjs.org/copy-file/-/copy-file-11.1.0.tgz. Extracting by manifest.
7356 silly tarball no local data for archiver@https://registry.npmjs.org/archiver/-/archiver-8.0.0.tgz. Extracting by manifest.
7357 silly tarball no local data for unixify@https://registry.npmjs.org/unixify/-/unixify-1.0.0.tgz. Extracting by manifest.
7358 silly tarball no local data for @netlify/binary-info@https://registry.npmjs.org/@netlify/binary-info/-/binary-info-1.0.0.tgz. Extracting by manifest.
7359 silly tarball no local data for @octokit/graphql@https://registry.npmjs.org/@octokit/graphql/-/graphql-9.0.5.tgz. Extracting by manifest.
7360 silly tarball no local data for @vercel/nft@https://registry.npmjs.org/@vercel/nft/-/nft-1.3.1.tgz. Extracting by manifest.
7361 silly tarball no local data for @babel/types@https://registry.npmjs.org/@babel/types/-/types-7.29.8.tgz. Extracting by manifest.
7362 silly tarball no local data for @babel/parser@https://registry.npmjs.org/@babel/parser/-/parser-7.29.9.tgz. Extracting by manifest.
7363 silly tarball no local data for @netlify/cache@https://registry.npmjs.org/@netlify/cache/-/cache-4.0.1.tgz. Extracting by manifest.
7364 silly tarball no local data for mime-types@https://registry.npmjs.org/mime-types/-/mime-types-3.0.2.tgz. Extracting by manifest.
7365 silly tarball no local data for @opentelemetry/sdk-trace-node@https://registry.npmjs.org/@opentelemetry/sdk-trace-node/-/sdk-trace-node-2.10.0.tgz. Extracting by manifest.
7366 silly tarball no local data for @netlify/serverless-functions-api@https://registry.npmjs.org/@netlify/serverless-functions-api/-/serverless-functions-api-2.23.0.tgz. Extracting by manifest.
7367 silly tarball no local data for @opentelemetry/resources@https://registry.npmjs.org/@opentelemetry/resources/-/resources-2.10.0.tgz. Extracting by manifest.
7368 silly tarball no local data for @opentelemetry/core@https://registry.npmjs.org/@opentelemetry/core/-/core-2.10.0.tgz. Extracting by manifest.
7369 silly tarball no local data for ipx@https://registry.npmjs.org/ipx/-/ipx-3.1.1.tgz. Extracting by manifest.
7370 silly tarball no local data for escape-string-regexp@https://registry.npmjs.org/escape-string-regexp/-/escape-string-regexp-5.0.0.tgz. Extracting by manifest.
7371 silly tarball no local data for @netlify/local-functions-proxy-win32-x64@https://registry.npmjs.org/@netlify/local-functions-proxy-win32-x64/-/local-functions-proxy-win32-x64-1.1.1.tgz. Extracting by manifest.
7372 silly tarball no local data for @opentelemetry/instrumentation@https://registry.npmjs.org/@opentelemetry/instrumentation/-/instrumentation-0.221.0.tgz. Extracting by manifest.
7373 silly tarball no local data for @netlify/functions@https://registry.npmjs.org/@netlify/functions/-/functions-6.0.1.tgz. Extracting by manifest.
7374 silly tarball no local data for @netlify/types@https://registry.npmjs.org/@netlify/types/-/types-3.1.0.tgz. Extracting by manifest.
7375 silly tarball no local data for micromatch@https://registry.npmjs.org/micromatch/-/micromatch-4.0.8.tgz. Extracting by manifest.
7376 silly tarball no local data for tinyexec@https://registry.npmjs.org/tinyexec/-/tinyexec-1.3.1.tgz. Extracting by manifest.
7377 silly tarball no local data for urlpattern-polyfill@https://registry.npmjs.org/urlpattern-polyfill/-/urlpattern-polyfill-8.0.2.tgz. Extracting by manifest.
7378 silly tarball no local data for micro-memoize@https://registry.npmjs.org/micro-memoize/-/micro-memoize-5.2.0.tgz. Extracting by manifest.
7379 silly tarball no local data for tar@https://registry.npmjs.org/tar/-/tar-7.5.22.tgz. Extracting by manifest.
7380 silly tarball no local data for tmp-promise@https://registry.npmjs.org/tmp-promise/-/tmp-promise-3.0.3.tgz. Extracting by manifest.
7381 silly tarball no local data for parse-imports@https://registry.npmjs.org/parse-imports/-/parse-imports-2.2.1.tgz. Extracting by manifest.
7382 silly tarball no local data for p-retry@https://registry.npmjs.org/p-retry/-/p-retry-6.2.1.tgz. Extracting by manifest.
7383 silly tarball no local data for node-stream-zip@https://registry.npmjs.org/node-stream-zip/-/node-stream-zip-1.16.0.tgz. Extracting by manifest.
7384 silly tarball no local data for common-path-prefix@https://registry.npmjs.org/common-path-prefix/-/common-path-prefix-3.0.0.tgz. Extracting by manifest.
7385 silly tarball no local data for esbuild@https://registry.npmjs.org/esbuild/-/esbuild-0.28.1.tgz. Extracting by manifest.
7386 silly tarball no local data for @fastify/ajv-compiler@https://registry.npmjs.org/@fastify/ajv-compiler/-/ajv-compiler-4.0.6.tgz. Extracting by manifest.
7387 silly tarball no local data for @import-maps/resolve@https://registry.npmjs.org/@import-maps/resolve/-/resolve-2.0.0.tgz. Extracting by manifest.
7388 silly tarball no local data for ajv@https://registry.npmjs.org/ajv/-/ajv-8.20.0.tgz. Extracting by manifest.
7389 silly tarball no local data for ajv-errors@https://registry.npmjs.org/ajv-errors/-/ajv-errors-3.0.0.tgz. Extracting by manifest.
7390 silly tarball no local data for acorn@https://registry.npmjs.org/acorn/-/acorn-8.18.0.tgz. Extracting by manifest.
7391 silly tarball no local data for parse-gitignore@https://registry.npmjs.org/parse-gitignore/-/parse-gitignore-2.0.0.tgz. Extracting by manifest.
7392 silly tarball no local data for @whatwg-node/server@https://registry.npmjs.org/@whatwg-node/server/-/server-0.11.0.tgz. Extracting by manifest.
7393 silly tarball no local data for empathic@https://registry.npmjs.org/empathic/-/empathic-2.1.0.tgz. Extracting by manifest.
7394 silly tarball no local data for @electric-sql/pglite@https://registry.npmjs.org/@electric-sql/pglite/-/pglite-0.3.16.tgz. Extracting by manifest.
7395 silly tarball no local data for atomically@https://registry.npmjs.org/atomically/-/atomically-2.1.1.tgz. Extracting by manifest.
7396 silly tarball no local data for dettle@https://registry.npmjs.org/dettle/-/dettle-1.0.5.tgz. Extracting by manifest.
7397 silly tarball no local data for pg-gateway@https://registry.npmjs.org/pg-gateway/-/pg-gateway-0.3.0-beta.4.tgz. Extracting by manifest.
7398 silly tarball no local data for @netlify/static@https://registry.npmjs.org/@netlify/static/-/static-4.0.0.tgz. Extracting by manifest.
7399 silly tarball no local data for @netlify/runtime@https://registry.npmjs.org/@netlify/runtime/-/runtime-5.0.6.tgz. Extracting by manifest.
7400 silly tarball no local data for @netlify/redirects@https://registry.npmjs.org/@netlify/redirects/-/redirects-4.0.3.tgz. Extracting by manifest.
7401 silly tarball no local data for @netlify/headers@https://registry.npmjs.org/@netlify/headers/-/headers-3.0.2.tgz. Extracting by manifest.
7402 silly tarball no local data for validate-npm-package-name@https://registry.npmjs.org/validate-npm-package-name/-/validate-npm-package-name-5.0.1.tgz. Extracting by manifest.
7403 silly tarball no local data for @netlify/edge-functions-dev@https://registry.npmjs.org/@netlify/edge-functions-dev/-/edge-functions-dev-2.0.2.tgz. Extracting by manifest.
7404 silly tarball no local data for @netlify/functions-dev@https://registry.npmjs.org/@netlify/functions-dev/-/functions-dev-2.0.9.tgz. Extracting by manifest.
7405 silly tarball no local data for path-type@https://registry.npmjs.org/path-type/-/path-type-6.0.0.tgz. Extracting by manifest.
7406 silly tarball no local data for @netlify/database-dev@https://registry.npmjs.org/@netlify/database-dev/-/database-dev-1.0.1.tgz. Extracting by manifest.
7407 silly tarball no local data for p-locate@https://registry.npmjs.org/p-locate/-/p-locate-6.0.0.tgz. Extracting by manifest.
7408 silly tarball no local data for map-obj@https://registry.npmjs.org/map-obj/-/map-obj-5.0.2.tgz. Extracting by manifest.
7409 silly tarball no local data for is-plain-obj@https://registry.npmjs.org/is-plain-obj/-/is-plain-obj-4.1.0.tgz. Extracting by manifest.
7410 silly tarball no local data for filter-obj@https://registry.npmjs.org/filter-obj/-/filter-obj-6.1.0.tgz. Extracting by manifest.
7411 silly tarball no local data for fast-safe-stringify@https://registry.npmjs.org/fast-safe-stringify/-/fast-safe-stringify-2.1.1.tgz. Extracting by manifest.
7412 silly tarball no local data for deepmerge@https://registry.npmjs.org/deepmerge/-/deepmerge-4.3.1.tgz. Extracting by manifest.
7413 silly tarball no local data for get-stream@https://registry.npmjs.org/get-stream/-/get-stream-9.0.1.tgz. Extracting by manifest.
7414 silly tarball no local data for junk@https://registry.npmjs.org/junk/-/junk-4.0.1.tgz. Extracting by manifest.
7415 silly tarball no local data for smol-toml@https://registry.npmjs.org/smol-toml/-/smol-toml-1.9.0.tgz. Extracting by manifest.
7416 silly tarball no local data for read-pkg@https://registry.npmjs.org/read-pkg/-/read-pkg-9.0.1.tgz. Extracting by manifest.
7417 silly tarball no local data for lockparse@https://registry.npmjs.org/lockparse/-/lockparse-0.5.2.tgz. Extracting by manifest.
7418 silly tarball no local data for pump@https://registry.npmjs.org/pump/-/pump-3.0.4.tgz. Extracting by manifest.
7419 silly tarball no local data for byline@https://registry.npmjs.org/byline/-/byline-5.0.0.tgz. Extracting by manifest.
7420 silly tarball no local data for iserror@https://registry.npmjs.org/iserror/-/iserror-0.0.2.tgz. Extracting by manifest.
7421 silly tarball no local data for stack-generator@https://registry.npmjs.org/stack-generator/-/stack-generator-2.0.10.tgz. Extracting by manifest.
7422 silly tarball no local data for error-stack-parser@https://registry.npmjs.org/error-stack-parser/-/error-stack-parser-2.1.4.tgz. Extracting by manifest.
7423 silly tarball no local data for @bugsnag/safe-json-stringify@https://registry.npmjs.org/@bugsnag/safe-json-stringify/-/safe-json-stringify-6.1.0.tgz. Extracting by manifest.
7424 silly tarball no local data for @bugsnag/cuid@https://registry.npmjs.org/@bugsnag/cuid/-/cuid-3.2.2.tgz. Extracting by manifest.
7425 silly tarball no local data for @bugsnag/node@https://registry.npmjs.org/@bugsnag/node/-/node-8.10.0.tgz. Extracting by manifest.
7426 silly tarball no local data for @bugsnag/core@https://registry.npmjs.org/@bugsnag/core/-/core-8.9.0.tgz. Extracting by manifest.
7427 silly tarball no local data for @bugsnag/browser@https://registry.npmjs.org/@bugsnag/browser/-/browser-8.10.0.tgz. Extracting by manifest.
7428 silly tarball no local data for @types/node@https://registry.npmjs.org/@types/node/-/node-26.6.3.tgz. Extracting by manifest.
7429 silly tarball no local data for zod@https://registry.npmjs.org/zod/-/zod-4.6.5.tgz. Extracting by manifest.
7430 silly tarball no local data for yargs@https://registry.npmjs.org/yargs/-/yargs-17.7.3.tgz. Extracting by manifest.
7431 silly tarball no local data for yaml@https://registry.npmjs.org/yaml/-/yaml-2.9.1.tgz. Extracting by manifest.
7432 silly tarball no local data for typescript@https://registry.npmjs.org/typescript/-/typescript-5.9.3.tgz. Extracting by manifest.
7433 silly tarball no local data for ts-node@https://registry.npmjs.org/ts-node/-/ts-node-10.9.2.tgz. Extracting by manifest.
7434 silly tarball no local data for supports-color@https://registry.npmjs.org/supports-color/-/supports-color-11.0.0.tgz. Extracting by manifest.
7435 silly tarball no local data for safe-json-stringify@https://registry.npmjs.org/safe-json-stringify/-/safe-json-stringify-1.2.0.tgz. Extracting by manifest.
7436 silly tarball no local data for rfdc@https://registry.npmjs.org/rfdc/-/rfdc-1.4.1.tgz. Extracting by manifest.
7437 silly tarball no local data for resolve@https://registry.npmjs.org/resolve/-/resolve-2.0.0-next.7.tgz. Extracting by manifest.
7438 silly tarball no local data for ps-list@https://registry.npmjs.org/ps-list/-/ps-list-8.1.1.tgz. Extracting by manifest.
7439 silly tarball no local data for pretty-ms@https://registry.npmjs.org/pretty-ms/-/pretty-ms-9.3.1.tgz. Extracting by manifest.
7440 silly tarball no local data for package-directory@https://registry.npmjs.org/package-directory/-/package-directory-8.2.0.tgz. Extracting by manifest.
7441 silly tarball no local data for p-reduce@https://registry.npmjs.org/p-reduce/-/p-reduce-3.0.0.tgz. Extracting by manifest.
7442 silly tarball no local data for os-name@https://registry.npmjs.org/os-name/-/os-name-6.1.0.tgz. Extracting by manifest.
7443 silly tarball no local data for minimatch@https://registry.npmjs.org/minimatch/-/minimatch-10.2.6.tgz. Extracting by manifest.
7444 silly tarball no local data for memoize-one@https://registry.npmjs.org/memoize-one/-/memoize-one-6.0.0.tgz. Extracting by manifest.
7445 silly tarball no local data for log-process-errors@https://registry.npmjs.org/log-process-errors/-/log-process-errors-11.0.1.tgz. Extracting by manifest.
7446 silly tarball no local data for keep-func-props@https://registry.npmjs.org/keep-func-props/-/keep-func-props-6.0.0.tgz. Extracting by manifest.
7447 silly tarball no local data for indent-string@https://registry.npmjs.org/indent-string/-/indent-string-5.0.0.tgz. Extracting by manifest.
7448 silly tarball no local data for ignore@https://registry.npmjs.org/ignore/-/ignore-7.0.11.tgz. Extracting by manifest.
7449 silly tarball no local data for hot-shots@https://registry.npmjs.org/hot-shots/-/hot-shots-11.4.0.tgz. Extracting by manifest.
7450 silly tarball no local data for figures@https://registry.npmjs.org/figures/-/figures-6.1.0.tgz. Extracting by manifest.
7451 silly tarball no local data for fdir@https://registry.npmjs.org/fdir/-/fdir-6.5.0.tgz. Extracting by manifest.
7452 silly tarball no local data for fast-string-width@https://registry.npmjs.org/fast-string-width/-/fast-string-width-3.0.2.tgz. Extracting by manifest.
7453 silly tarball no local data for ansis@https://registry.npmjs.org/ansis/-/ansis-4.4.0.tgz. Extracting by manifest.
7454 silly tarball no local data for @sindresorhus/slugify@https://registry.npmjs.org/@sindresorhus/slugify/-/slugify-2.2.1.tgz. Extracting by manifest.
7455 silly tarball no local data for @netlify/run-utils@https://registry.npmjs.org/@netlify/run-utils/-/run-utils-7.1.0.tgz. Extracting by manifest.
7456 silly tarball no local data for @netlify/plugins-list@https://registry.npmjs.org/@netlify/plugins-list/-/plugins-list-6.81.11.tgz. Extracting by manifest.
7457 silly tarball no local data for @netlify/git-utils@https://registry.npmjs.org/@netlify/git-utils/-/git-utils-7.1.1.tgz. Extracting by manifest.
7458 silly tarball no local data for @netlify/opentelemetry-utils@https://registry.npmjs.org/@netlify/opentelemetry-utils/-/opentelemetry-utils-4.0.0.tgz. Extracting by manifest.
7459 silly tarball no local data for @netlify/functions-utils@https://registry.npmjs.org/@netlify/functions-utils/-/functions-utils-7.1.15.tgz. Extracting by manifest.
7460 silly tarball no local data for @netlify/cache-utils@https://registry.npmjs.org/@netlify/cache-utils/-/cache-utils-7.1.2.tgz. Extracting by manifest.
7461 silly tarball no local data for @bugsnag/js@https://registry.npmjs.org/@bugsnag/js/-/js-8.10.0.tgz. Extracting by manifest.
7462 silly tarball no local data for @netlify/runtime-utils@https://registry.npmjs.org/@netlify/runtime-utils/-/runtime-utils-3.0.0.tgz. Extracting by manifest.
7463 silly tarball no local data for @netlify/otel@https://registry.npmjs.org/@netlify/otel/-/otel-7.0.3.tgz. Extracting by manifest.
7464 silly tarball no local data for picoquery@https://registry.npmjs.org/picoquery/-/picoquery-2.5.0.tgz. Extracting by manifest.
7465 silly tarball no local data for @netlify/open-api@https://registry.npmjs.org/@netlify/open-api/-/open-api-2.60.0.tgz. Extracting by manifest.
7466 silly tarball no local data for mime@https://registry.npmjs.org/mime/-/mime-3.0.0.tgz. Extracting by manifest.
7467 silly tarball no local data for http-errors@https://registry.npmjs.org/http-errors/-/http-errors-2.0.1.tgz. Extracting by manifest.
7468 silly tarball no local data for fast-decode-uri-component@https://registry.npmjs.org/fast-decode-uri-component/-/fast-decode-uri-component-1.0.1.tgz. Extracting by manifest.
7469 silly tarball no local data for @lukeed/ms@https://registry.npmjs.org/@lukeed/ms/-/ms-2.0.2.tgz. Extracting by manifest.
7470 silly tarball no local data for escape-html@https://registry.npmjs.org/escape-html/-/escape-html-1.0.3.tgz. Extracting by manifest.
7471 silly tarball no local data for glob@https://registry.npmjs.org/glob/-/glob-13.0.6.tgz. Extracting by manifest.
7472 silly tarball no local data for fastify-plugin@https://registry.npmjs.org/fastify-plugin/-/fastify-plugin-6.0.0.tgz. Extracting by manifest.
7473 silly tarball no local data for fastq@https://registry.npmjs.org/fastq/-/fastq-1.20.3.tgz. Extracting by manifest.
7474 silly tarball no local data for content-disposition@https://registry.npmjs.org/content-disposition/-/content-disposition-3.0.0.tgz. Extracting by manifest.
7475 silly tarball no local data for @fastify/send@https://registry.npmjs.org/@fastify/send/-/send-4.1.1.tgz. Extracting by manifest.
7476 silly tarball no local data for yauzl@https://registry.npmjs.org/yauzl/-/yauzl-3.4.0.tgz. Extracting by manifest.
7477 silly tarball no local data for @fastify/error@https://registry.npmjs.org/@fastify/error/-/error-4.2.0.tgz. Extracting by manifest.
7478 silly tarball no local data for @fastify/accept-negotiator@https://registry.npmjs.org/@fastify/accept-negotiator/-/accept-negotiator-2.1.0.tgz. Extracting by manifest.
7479 silly tarball no local data for ws@https://registry.npmjs.org/ws/-/ws-8.22.0.tgz. Extracting by manifest.
7480 silly tarball no local data for write-file-atomic@https://registry.npmjs.org/write-file-atomic/-/write-file-atomic-5.0.1.tgz. Extracting by manifest.
7481 silly tarball no local data for update-notifier@https://registry.npmjs.org/update-notifier/-/update-notifier-7.3.1.tgz. Extracting by manifest.
7482 silly tarball no local data for ulid@https://registry.npmjs.org/ulid/-/ulid-3.0.2.tgz. Extracting by manifest.
7483 silly tarball no local data for tomlify-j0.4@https://registry.npmjs.org/tomlify-j0.4/-/tomlify-j0.4-3.0.0.tgz. Extracting by manifest.
7484 silly tarball no local data for toml@https://registry.npmjs.org/toml/-/toml-4.3.0.tgz. Extracting by manifest.
7485 silly tarball no local data for terminal-link@https://registry.npmjs.org/terminal-link/-/terminal-link-5.0.0.tgz. Extracting by manifest.
7486 silly tarball no local data for source-map-support@https://registry.npmjs.org/source-map-support/-/source-map-support-0.5.21.tgz. Extracting by manifest.
7487 silly tarball no local data for readdirp@https://registry.npmjs.org/readdirp/-/readdirp-5.1.1.tgz. Extracting by manifest.
7488 silly tarball no local data for read-package-up@https://registry.npmjs.org/read-package-up/-/read-package-up-12.0.0.tgz. Extracting by manifest.
7489 silly tarball no local data for prettyjson@https://registry.npmjs.org/prettyjson/-/prettyjson-1.2.5.tgz. Extracting by manifest.
7490 silly tarball no local data for raw-body@https://registry.npmjs.org/raw-body/-/raw-body-4.0.0.tgz. Extracting by manifest.
7491 silly tarball no local data for semver@https://registry.npmjs.org/semver/-/semver-7.8.5.tgz. Extracting by manifest.
7492 silly tarball no local data for pg@https://registry.npmjs.org/pg/-/pg-8.23.1.tgz. Extracting by manifest.
7493 silly tarball no local data for parse-github-url@https://registry.npmjs.org/parse-github-url/-/parse-github-url-1.0.4.tgz. Extracting by manifest.
7494 silly tarball no local data for parse-duration@https://registry.npmjs.org/parse-duration/-/parse-duration-2.1.9.tgz. Extracting by manifest.
7495 silly tarball no local data for parallel-transform@https://registry.npmjs.org/parallel-transform/-/parallel-transform-1.2.0.tgz. Extracting by manifest.
7496 silly tarball no local data for p-wait-for@https://registry.npmjs.org/p-wait-for/-/p-wait-for-6.0.0.tgz. Extracting by manifest.
7497 silly tarball no local data for p-map@https://registry.npmjs.org/p-map/-/p-map-7.0.8.tgz. Extracting by manifest.
7498 silly tarball no local data for p-filter@https://registry.npmjs.org/p-filter/-/p-filter-4.1.0.tgz. Extracting by manifest.
7499 silly tarball no local data for open@https://registry.npmjs.org/open/-/open-11.0.4.tgz. Extracting by manifest.
7500 silly tarball no local data for normalize-package-data@https://registry.npmjs.org/normalize-package-data/-/normalize-package-data-7.0.1.tgz. Extracting by manifest.
7501 silly tarball no local data for node-fetch@https://registry.npmjs.org/node-fetch/-/node-fetch-3.3.2.tgz. Extracting by manifest.
7502 silly tarball no local data for nanospinner@https://registry.npmjs.org/nanospinner/-/nanospinner-1.2.2.tgz. Extracting by manifest.
7503 silly tarball no local data for netlify-redirector@https://registry.npmjs.org/netlify-redirector/-/netlify-redirector-0.5.0.tgz. Extracting by manifest.
7504 silly tarball no local data for multiparty@https://registry.npmjs.org/multiparty/-/multiparty-4.3.1.tgz. Extracting by manifest.
7505 silly tarball no local data for modern-tar@https://registry.npmjs.org/modern-tar/-/modern-tar-0.8.5.tgz. Extracting by manifest.
7506 silly tarball no local data for maxstache-stream@https://registry.npmjs.org/maxstache-stream/-/maxstache-stream-1.0.4.tgz. Extracting by manifest.
7507 silly tarball no local data for maxstache@https://registry.npmjs.org/maxstache/-/maxstache-1.0.7.tgz. Extracting by manifest.
7508 silly tarball no local data for log-update@https://registry.npmjs.org/log-update/-/log-update-8.0.0.tgz. Extracting by manifest.
7509 silly tarball no local data for locate-path@https://registry.npmjs.org/locate-path/-/locate-path-8.0.0.tgz. Extracting by manifest.
7510 silly tarball no local data for lambda-local@https://registry.npmjs.org/lambda-local/-/lambda-local-2.2.0.tgz. Extracting by manifest.
7511 silly tarball no local data for jwt-decode@https://registry.npmjs.org/jwt-decode/-/jwt-decode-4.0.0.tgz. Extracting by manifest.
7512 silly tarball no local data for jsonwebtoken@https://registry.npmjs.org/jsonwebtoken/-/jsonwebtoken-9.0.3.tgz. Extracting by manifest.
7513 silly tarball no local data for isexe@https://registry.npmjs.org/isexe/-/isexe-4.0.0.tgz. Extracting by manifest.
7514 silly tarball no local data for is-wsl@https://registry.npmjs.org/is-wsl/-/is-wsl-3.1.1.tgz. Extracting by manifest.
7515 silly tarball no local data for is-stream@https://registry.npmjs.org/is-stream/-/is-stream-4.0.1.tgz. Extracting by manifest.
7516 silly tarball no local data for is-docker@https://registry.npmjs.org/is-docker/-/is-docker-4.0.0.tgz. Extracting by manifest.
7517 silly tarball no local data for inquirer-autocomplete-prompt@https://registry.npmjs.org/inquirer-autocomplete-prompt/-/inquirer-autocomplete-prompt-1.4.0.tgz. Extracting by manifest.
7518 silly tarball no local data for inquirer@https://registry.npmjs.org/inquirer/-/inquirer-8.2.7.tgz. Extracting by manifest.
7519 silly tarball no local data for https-proxy-agent@https://registry.npmjs.org/https-proxy-agent/-/https-proxy-agent-8.0.0.tgz. Extracting by manifest.
7520 silly tarball no local data for http-proxy-middleware@https://registry.npmjs.org/http-proxy-middleware/-/http-proxy-middleware-3.0.7.tgz. Extracting by manifest.
7521 silly tarball no local data for http-proxy@https://registry.npmjs.org/http-proxy/-/http-proxy-1.18.1.tgz. Extracting by manifest.
7522 silly tarball no local data for gitconfiglocal@https://registry.npmjs.org/gitconfiglocal/-/gitconfiglocal-2.1.0.tgz. Extracting by manifest.
7523 silly tarball no local data for git-repo-info@https://registry.npmjs.org/git-repo-info/-/git-repo-info-2.1.1.tgz. Extracting by manifest.
7524 silly tarball no local data for get-port@https://registry.npmjs.org/get-port/-/get-port-5.1.1.tgz. Extracting by manifest.
7525 silly tarball no local data for fuzzy@https://registry.npmjs.org/fuzzy/-/fuzzy-0.1.3.tgz. Extracting by manifest.
7526 silly tarball no local data for fastify@https://registry.npmjs.org/fastify/-/fastify-5.12.5.tgz. Extracting by manifest.
7527 silly tarball no local data for find-up@https://registry.npmjs.org/find-up/-/find-up-8.0.0.tgz. Extracting by manifest.
7528 silly tarball no local data for folder-walker@https://registry.npmjs.org/folder-walker/-/folder-walker-3.2.0.tgz. Extracting by manifest.
7529 silly tarball no local data for fastest-levenshtein@https://registry.npmjs.org/fastest-levenshtein/-/fastest-levenshtein-1.0.16.tgz. Extracting by manifest.
7530 silly tarball no local data for express-logging@https://registry.npmjs.org/express-logging/-/express-logging-1.1.1.tgz. Extracting by manifest.
7531 silly tarball no local data for execa@https://registry.npmjs.org/execa/-/execa-5.1.1.tgz. Extracting by manifest.
7532 silly tarball no local data for express@https://registry.npmjs.org/express/-/express-5.2.1.tgz. Extracting by manifest.
7533 silly tarball no local data for envinfo@https://registry.npmjs.org/envinfo/-/envinfo-7.21.0.tgz. Extracting by manifest.
7534 silly tarball no local data for etag@https://registry.npmjs.org/etag/-/etag-1.8.1.tgz. Extracting by manifest.
7535 silly tarball no local data for env-paths@https://registry.npmjs.org/env-paths/-/env-paths-4.0.0.tgz. Extracting by manifest.
7536 silly tarball no local data for dotenv@https://registry.npmjs.org/dotenv/-/dotenv-17.4.2.tgz. Extracting by manifest.
7537 silly tarball no local data for decache@https://registry.npmjs.org/decache/-/decache-4.6.2.tgz. Extracting by manifest.
7538 silly tarball no local data for dot-prop@https://registry.npmjs.org/dot-prop/-/dot-prop-10.2.0.tgz. Extracting by manifest.
7539 silly tarball no local data for debug@https://registry.npmjs.org/debug/-/debug-4.4.3.tgz. Extracting by manifest.
7540 silly tarball no local data for cron-parser@https://registry.npmjs.org/cron-parser/-/cron-parser-5.10.1.tgz. Extracting by manifest.
7541 silly tarball no local data for cookie@https://registry.npmjs.org/cookie/-/cookie-2.0.1.tgz. Extracting by manifest.
7542 silly tarball no local data for content-type@https://registry.npmjs.org/content-type/-/content-type-1.0.5.tgz. Extracting by manifest.
7543 silly tarball no local data for comment-json@https://registry.npmjs.org/comment-json/-/comment-json-5.0.0.tgz. Extracting by manifest.
7544 silly tarball no local data for commander@https://registry.npmjs.org/commander/-/commander-12.1.0.tgz. Extracting by manifest.
7545 silly tarball no local data for clean-deep@https://registry.npmjs.org/clean-deep/-/clean-deep-3.4.0.tgz. Extracting by manifest.
7546 silly tarball no local data for chokidar@https://registry.npmjs.org/chokidar/-/chokidar-5.0.0.tgz. Extracting by manifest.
7547 silly tarball no local data for better-ajv-errors@https://registry.npmjs.org/better-ajv-errors/-/better-ajv-errors-1.2.0.tgz. Extracting by manifest.
7548 silly tarball no local data for merge-options@https://registry.npmjs.org/merge-options/-/merge-options-3.0.4.tgz. Extracting by manifest.
7549 silly tarball no local data for boxen@https://registry.npmjs.org/boxen/-/boxen-8.0.1.tgz. Extracting by manifest.
7550 silly tarball no local data for backoff@https://registry.npmjs.org/backoff/-/backoff-2.5.0.tgz. Extracting by manifest.
7551 silly tarball no local data for @octokit/rest@https://registry.npmjs.org/@octokit/rest/-/rest-22.0.1.tgz. Extracting by manifest.
7552 silly tarball no local data for ascii-table@https://registry.npmjs.org/ascii-table/-/ascii-table-0.0.9.tgz. Extracting by manifest.
7553 silly tarball no local data for ansi-to-html@https://registry.npmjs.org/ansi-to-html/-/ansi-to-html-0.7.2.tgz. Extracting by manifest.
7554 silly tarball no local data for ansi-escapes@https://registry.npmjs.org/ansi-escapes/-/ansi-escapes-7.3.0.tgz. Extracting by manifest.
7555 silly tarball no local data for @netlify/zip-it-and-ship-it@https://registry.npmjs.org/@netlify/zip-it-and-ship-it/-/zip-it-and-ship-it-16.2.3.tgz. Extracting by manifest.
7556 silly tarball no local data for @netlify/server-dev@https://registry.npmjs.org/@netlify/server-dev/-/server-dev-0.1.2.tgz. Extracting by manifest.
7557 silly tarball no local data for @netlify/redirect-parser@https://registry.npmjs.org/@netlify/redirect-parser/-/redirect-parser-16.1.1.tgz. Extracting by manifest.
7558 silly tarball no local data for @netlify/local-functions-proxy@https://registry.npmjs.org/@netlify/local-functions-proxy/-/local-functions-proxy-2.0.3.tgz. Extracting by manifest.
7559 silly tarball no local data for @netlify/images@https://registry.npmjs.org/@netlify/images/-/images-2.0.2.tgz. Extracting by manifest.
7560 silly tarball no local data for @netlify/headers-parser@https://registry.npmjs.org/@netlify/headers-parser/-/headers-parser-10.1.1.tgz. Extracting by manifest.
7561 silly tarball no local data for @netlify/edge-functions-bootstrap@https://registry.npmjs.org/@netlify/edge-functions-bootstrap/-/edge-functions-bootstrap-3.2.0.tgz. Extracting by manifest.
7562 silly tarball no local data for @netlify/edge-functions@https://registry.npmjs.org/@netlify/edge-functions/-/edge-functions-4.0.1.tgz. Extracting by manifest.
7563 silly tarball no local data for @netlify/edge-bundler@https://registry.npmjs.org/@netlify/edge-bundler/-/edge-bundler-16.1.1.tgz. Extracting by manifest.
7564 silly tarball no local data for @netlify/dev-utils@https://registry.npmjs.org/@netlify/dev-utils/-/dev-utils-6.0.2.tgz. Extracting by manifest.
7565 silly tarball no local data for @netlify/dev@https://registry.npmjs.org/@netlify/dev/-/dev-5.1.4.tgz. Extracting by manifest.
7566 silly tarball no local data for @netlify/config@https://registry.npmjs.org/@netlify/config/-/config-25.2.6.tgz. Extracting by manifest.
7567 silly tarball no local data for @netlify/build-info@https://registry.npmjs.org/@netlify/build-info/-/build-info-11.3.0.tgz. Extracting by manifest.
7568 silly tarball no local data for @opentelemetry/api@https://registry.npmjs.org/@opentelemetry/api/-/api-1.9.1.tgz. Extracting by manifest.
7569 silly tarball no local data for @netlify/blobs@https://registry.npmjs.org/@netlify/blobs/-/blobs-11.1.2.tgz. Extracting by manifest.
7570 silly tarball no local data for @netlify/build@https://registry.npmjs.org/@netlify/build/-/build-37.3.3.tgz. Extracting by manifest.
7571 silly tarball no local data for @netlify/api@https://registry.npmjs.org/@netlify/api/-/api-15.1.2.tgz. Extracting by manifest.
7572 silly tarball no local data for @netlify/ai@https://registry.npmjs.org/@netlify/ai/-/ai-1.0.1.tgz. Extracting by manifest.
7573 silly tarball no local data for @fastify/static@https://registry.npmjs.org/@fastify/static/-/static-10.1.5.tgz. Extracting by manifest.
7574 silly tarball no local data for netlify-cli@https://registry.npmjs.org/netlify-cli/-/netlify-cli-27.10.2.tgz. Extracting by manifest.
7575 silly tarball no local data for @pnpm/tabtab@https://registry.npmjs.org/@pnpm/tabtab/-/tabtab-0.5.4.tgz. Extracting by manifest.
7576 silly tarball no local data for picomatch@https://registry.npmjs.org/picomatch/-/picomatch-2.3.2.tgz. Extracting by manifest.
7577 silly tarball no local data for ansi-styles@https://registry.npmjs.org/ansi-styles/-/ansi-styles-4.3.0.tgz. Extracting by manifest.
7578 silly tarball no local data for color-convert@https://registry.npmjs.org/color-convert/-/color-convert-2.0.1.tgz. Extracting by manifest.
7579 silly tarball no local data for is-fullwidth-code-point@https://registry.npmjs.org/is-fullwidth-code-point/-/is-fullwidth-code-point-3.0.0.tgz. Extracting by manifest.
7580 silly tarball no local data for emoji-regex@https://registry.npmjs.org/emoji-regex/-/emoji-regex-8.0.0.tgz. Extracting by manifest.
7581 silly tarball no local data for wrap-ansi@https://registry.npmjs.org/wrap-ansi/-/wrap-ansi-7.0.0.tgz. Extracting by manifest.
7582 silly tarball no local data for string-width@https://registry.npmjs.org/string-width/-/string-width-4.2.3.tgz. Extracting by manifest.
7583 silly tarball no local data for color-name@https://registry.npmjs.org/color-name/-/color-name-2.1.1.tgz. Extracting by manifest.
7584 silly tarball no local data for graceful-fs@https://registry.npmjs.org/graceful-fs/-/graceful-fs-4.2.10.tgz. Extracting by manifest.
7585 silly tarball no local data for ini@https://registry.npmjs.org/ini/-/ini-4.1.1.tgz. Extracting by manifest.
7586 silly tarball no local data for readable-stream@https://registry.npmjs.org/readable-stream/-/readable-stream-3.6.2.tgz. Extracting by manifest.
7587 silly tarball no local data for color-name@https://registry.npmjs.org/color-name/-/color-name-2.1.1.tgz. Extracting by manifest.
7588 silly tarball no local data for dot-prop@https://registry.npmjs.org/dot-prop/-/dot-prop-9.0.0.tgz. Extracting by manifest.
7589 silly tarball no local data for entities@https://registry.npmjs.org/entities/-/entities-4.5.0.tgz. Extracting by manifest.
7590 silly tarball no local data for @colors/colors@https://registry.npmjs.org/@colors/colors/-/colors-1.6.0.tgz. Extracting by manifest.
7591 silly tarball no local data for css-tree@https://registry.npmjs.org/css-tree/-/css-tree-2.2.1.tgz. Extracting by manifest.
7592 silly tarball no local data for supports-color@https://registry.npmjs.org/supports-color/-/supports-color-10.2.2.tgz. Extracting by manifest.
7593 silly tarball no local data for entities@https://registry.npmjs.org/entities/-/entities-7.0.1.tgz. Extracting by manifest.
7594 silly tarball no local data for semver@https://registry.npmjs.org/semver/-/semver-6.3.1.tgz. Extracting by manifest.
7595 silly tarball no local data for split2@https://registry.npmjs.org/split2/-/split2-4.2.0.tgz. Extracting by manifest.
7596 silly tarball no local data for split2@https://registry.npmjs.org/split2/-/split2-4.2.0.tgz. Extracting by manifest.
7597 silly tarball no local data for path-key@https://registry.npmjs.org/path-key/-/path-key-4.0.0.tgz. Extracting by manifest.
7598 silly tarball no local data for signal-exit@https://registry.npmjs.org/signal-exit/-/signal-exit-4.1.0.tgz. Extracting by manifest.
7599 silly tarball no local data for real-require@https://registry.npmjs.org/real-require/-/real-require-1.0.0.tgz. Extracting by manifest.
7600 silly tarball no local data for mdn-data@https://registry.npmjs.org/mdn-data/-/mdn-data-2.0.28.tgz. Extracting by manifest.
7601 silly tarball no local data for onetime@https://registry.npmjs.org/onetime/-/onetime-6.0.0.tgz. Extracting by manifest.
7602 silly tarball no local data for npm-run-path@https://registry.npmjs.org/npm-run-path/-/npm-run-path-5.3.0.tgz. Extracting by manifest.
7603 silly tarball no local data for is-stream@https://registry.npmjs.org/is-stream/-/is-stream-3.0.0.tgz. Extracting by manifest.
7604 silly tarball no local data for strip-final-newline@https://registry.npmjs.org/strip-final-newline/-/strip-final-newline-3.0.0.tgz. Extracting by manifest.
7605 silly tarball no local data for human-signals@https://registry.npmjs.org/human-signals/-/human-signals-5.0.0.tgz. Extracting by manifest.
7606 silly tarball no local data for color-convert@https://registry.npmjs.org/color-convert/-/color-convert-2.0.1.tgz. Extracting by manifest.
7607 silly tarball no local data for get-stream@https://registry.npmjs.org/get-stream/-/get-stream-8.0.1.tgz. Extracting by manifest.
7608 silly tarball no local data for execa@https://registry.npmjs.org/execa/-/execa-8.0.1.tgz. Extracting by manifest.
7609 silly tarball no local data for supports-color@https://registry.npmjs.org/supports-color/-/supports-color-7.2.0.tgz. Extracting by manifest.
7610 silly tarball no local data for readable-stream@https://registry.npmjs.org/readable-stream/-/readable-stream-3.6.2.tgz. Extracting by manifest.
7611 silly tarball no local data for ansi-styles@https://registry.npmjs.org/ansi-styles/-/ansi-styles-4.3.0.tgz. Extracting by manifest.
7612 silly tarball no local data for is-unicode-supported@https://registry.npmjs.org/is-unicode-supported/-/is-unicode-supported-0.1.0.tgz. Extracting by manifest.
7613 silly tarball no local data for has-flag@https://registry.npmjs.org/has-flag/-/has-flag-4.0.0.tgz. Extracting by manifest.
7614 silly tarball no local data for chalk@https://registry.npmjs.org/chalk/-/chalk-4.1.2.tgz. Extracting by manifest.
7615 silly tarball no local data for string_decoder@https://registry.npmjs.org/string_decoder/-/string_decoder-1.1.1.tgz. Extracting by manifest.
7616 silly tarball no local data for safe-buffer@https://registry.npmjs.org/safe-buffer/-/safe-buffer-5.1.2.tgz. Extracting by manifest.
7617 silly tarball no local data for is-docker@https://registry.npmjs.org/is-docker/-/is-docker-3.0.0.tgz. Extracting by manifest.
7618 silly tarball no local data for readable-stream@https://registry.npmjs.org/readable-stream/-/readable-stream-3.6.2.tgz. Extracting by manifest.
7619 silly tarball no local data for commander@https://registry.npmjs.org/commander/-/commander-2.20.3.tgz. Extracting by manifest.
7620 silly tarball no local data for commander@https://registry.npmjs.org/commander/-/commander-11.1.0.tgz. Extracting by manifest.
7621 silly tarball no local data for is-stream@https://registry.npmjs.org/is-stream/-/is-stream-2.0.1.tgz. Extracting by manifest.
7622 silly tarball no local data for readable-stream@https://registry.npmjs.org/readable-stream/-/readable-stream-2.3.8.tgz. Extracting by manifest.
7623 silly tarball no local data for isarray@https://registry.npmjs.org/isarray/-/isarray-1.0.0.tgz. Extracting by manifest.
7624 silly tarball no local data for crossws@https://registry.npmjs.org/crossws/-/crossws-0.4.12.tgz. Extracting by manifest.
7625 silly tarball no local data for citty@https://registry.npmjs.org/citty/-/citty-0.2.2.tgz. Extracting by manifest.
7626 silly tarball no local data for color-convert@https://registry.npmjs.org/color-convert/-/color-convert-2.0.1.tgz. Extracting by manifest.
7627 silly tarball no local data for has-flag@https://registry.npmjs.org/has-flag/-/has-flag-4.0.0.tgz. Extracting by manifest.
7628 silly tarball no local data for is-unicode-supported@https://registry.npmjs.org/is-unicode-supported/-/is-unicode-supported-0.1.0.tgz. Extracting by manifest.
7629 silly tarball no local data for ansi-styles@https://registry.npmjs.org/ansi-styles/-/ansi-styles-4.3.0.tgz. Extracting by manifest.
7630 silly tarball no local data for chalk@https://registry.npmjs.org/chalk/-/chalk-4.1.2.tgz. Extracting by manifest.
7631 silly tarball no local data for lru-cache@https://registry.npmjs.org/lru-cache/-/lru-cache-11.5.3.tgz. Extracting by manifest.
7632 silly tarball no local data for safe-buffer@https://registry.npmjs.org/safe-buffer/-/safe-buffer-5.1.2.tgz. Extracting by manifest.
7633 silly tarball no local data for string_decoder@https://registry.npmjs.org/string_decoder/-/string_decoder-1.1.1.tgz. Extracting by manifest.
7634 silly tarball no local data for isarray@https://registry.npmjs.org/isarray/-/isarray-1.0.0.tgz. Extracting by manifest.
7635 silly tarball no local data for readable-stream@https://registry.npmjs.org/readable-stream/-/readable-stream-2.3.8.tgz. Extracting by manifest.
7636 silly tarball no local data for process-warning@https://registry.npmjs.org/process-warning/-/process-warning-4.0.1.tgz. Extracting by manifest.
7637 silly tarball no local data for cookie@https://registry.npmjs.org/cookie/-/cookie-1.1.1.tgz. Extracting by manifest.
7638 silly tarball no local data for fast-uri@https://registry.npmjs.org/fast-uri/-/fast-uri-4.2.1.tgz. Extracting by manifest.
7639 silly tarball no local data for content-type@https://registry.npmjs.org/content-type/-/content-type-2.1.0.tgz. Extracting by manifest.
7640 silly tarball no local data for fast-uri@https://registry.npmjs.org/fast-uri/-/fast-uri-4.2.1.tgz. Extracting by manifest.
7641 silly tarball no local data for content-type@https://registry.npmjs.org/content-type/-/content-type-2.1.0.tgz. Extracting by manifest.
7642 silly tarball no local data for ipaddr.js@https://registry.npmjs.org/ipaddr.js/-/ipaddr.js-1.9.1.tgz. Extracting by manifest.
7643 silly tarball no local data for raw-body@https://registry.npmjs.org/raw-body/-/raw-body-3.0.2.tgz. Extracting by manifest.
7644 silly tarball no local data for mimic-fn@https://registry.npmjs.org/mimic-fn/-/mimic-fn-2.1.0.tgz. Extracting by manifest.
7645 silly tarball no local data for chalk@https://registry.npmjs.org/chalk/-/chalk-6.0.1.tgz. Extracting by manifest.
7646 silly tarball no local data for ansi-regex@https://registry.npmjs.org/ansi-regex/-/ansi-regex-6.4.0.tgz. Extracting by manifest.
7647 silly tarball no local data for is-fullwidth-code-point@https://registry.npmjs.org/is-fullwidth-code-point/-/is-fullwidth-code-point-3.0.0.tgz. Extracting by manifest.
7648 silly tarball no local data for strip-ansi@https://registry.npmjs.org/strip-ansi/-/strip-ansi-7.2.0.tgz. Extracting by manifest.
7649 silly tarball no local data for supports-color@https://registry.npmjs.org/supports-color/-/supports-color-7.2.0.tgz. Extracting by manifest.
7650 silly tarball no local data for ansi-regex@https://registry.npmjs.org/ansi-regex/-/ansi-regex-6.4.0.tgz. Extracting by manifest.
7651 silly tarball no local data for content-type@https://registry.npmjs.org/content-type/-/content-type-2.1.0.tgz. Extracting by manifest.
7652 silly tarball no local data for string-width@https://registry.npmjs.org/string-width/-/string-width-4.2.3.tgz. Extracting by manifest.
7653 silly tarball no local data for strip-ansi@https://registry.npmjs.org/strip-ansi/-/strip-ansi-7.2.0.tgz. Extracting by manifest.
7654 silly tarball no local data for buffer@https://registry.npmjs.org/buffer/-/buffer-6.0.3.tgz. Extracting by manifest.
7655 silly tarball no local data for string_decoder@https://registry.npmjs.org/string_decoder/-/string_decoder-1.1.1.tgz. Extracting by manifest.
7656 silly tarball no local data for isarray@https://registry.npmjs.org/isarray/-/isarray-1.0.0.tgz. Extracting by manifest.
7657 silly tarball no local data for safe-buffer@https://registry.npmjs.org/safe-buffer/-/safe-buffer-5.1.2.tgz. Extracting by manifest.
7658 silly tarball no local data for readable-stream@https://registry.npmjs.org/readable-stream/-/readable-stream-2.3.8.tgz. Extracting by manifest.
7659 silly tarball no local data for urlpattern-polyfill@https://registry.npmjs.org/urlpattern-polyfill/-/urlpattern-polyfill-10.1.0.tgz. Extracting by manifest.
7660 silly tarball no local data for agent-base@https://registry.npmjs.org/agent-base/-/agent-base-7.1.4.tgz. Extracting by manifest.
7661 silly tarball no local data for https-proxy-agent@https://registry.npmjs.org/https-proxy-agent/-/https-proxy-agent-7.0.6.tgz. Extracting by manifest.
7662 silly tarball no local data for node-fetch@https://registry.npmjs.org/node-fetch/-/node-fetch-2.7.0.tgz. Extracting by manifest.
7663 silly tarball no local data for es-module-lexer@https://registry.npmjs.org/es-module-lexer/-/es-module-lexer-3.0.2.tgz. Extracting by manifest.
7664 silly tarball no local data for content-type@https://registry.npmjs.org/content-type/-/content-type-3.1.1.tgz. Extracting by manifest.
7665 silly tarball no local data for emoji-regex@https://registry.npmjs.org/emoji-regex/-/emoji-regex-8.0.0.tgz. Extracting by manifest.
7666 silly tarball no local data for @octokit/openapi-types@https://registry.npmjs.org/@octokit/openapi-types/-/openapi-types-27.0.0.tgz. Extracting by manifest.
7667 silly tarball no local data for @octokit/types@https://registry.npmjs.org/@octokit/types/-/types-16.0.0.tgz. Extracting by manifest.
7668 silly tarball no local data for @octokit/openapi-types@https://registry.npmjs.org/@octokit/openapi-types/-/openapi-types-27.0.0.tgz. Extracting by manifest.
7669 silly tarball no local data for normalize-path@https://registry.npmjs.org/normalize-path/-/normalize-path-2.1.1.tgz. Extracting by manifest.
7670 silly tarball no local data for @octokit/types@https://registry.npmjs.org/@octokit/types/-/types-16.0.0.tgz. Extracting by manifest.
7671 silly tarball no local data for is-plain-obj@https://registry.npmjs.org/is-plain-obj/-/is-plain-obj-2.1.0.tgz. Extracting by manifest.
7672 silly tarball no local data for @netlify/types@https://registry.npmjs.org/@netlify/types/-/types-2.8.0.tgz. Extracting by manifest.
7673 silly tarball no local data for readdirp@https://registry.npmjs.org/readdirp/-/readdirp-4.1.2.tgz. Extracting by manifest.
7674 silly tarball no local data for @opentelemetry/sdk-trace@https://registry.npmjs.org/@opentelemetry/sdk-trace/-/sdk-trace-2.9.0.tgz. Extracting by manifest.
7675 silly tarball no local data for lru-cache@https://registry.npmjs.org/lru-cache/-/lru-cache-11.5.3.tgz. Extracting by manifest.
7676 silly tarball no local data for @opentelemetry/core@https://registry.npmjs.org/@opentelemetry/core/-/core-2.9.0.tgz. Extracting by manifest.
7677 silly tarball no local data for @opentelemetry/core@https://registry.npmjs.org/@opentelemetry/core/-/core-2.9.0.tgz. Extracting by manifest.
7678 silly tarball no local data for @opentelemetry/sdk-trace-base@https://registry.npmjs.org/@opentelemetry/sdk-trace-base/-/sdk-trace-base-2.9.0.tgz. Extracting by manifest.
7679 silly tarball no local data for @opentelemetry/api-logs@https://registry.npmjs.org/@opentelemetry/api-logs/-/api-logs-0.220.0.tgz. Extracting by manifest.
7680 silly tarball no local data for @opentelemetry/context-async-hooks@https://registry.npmjs.org/@opentelemetry/context-async-hooks/-/context-async-hooks-2.9.0.tgz. Extracting by manifest.
7681 silly tarball no local data for @opentelemetry/core@https://registry.npmjs.org/@opentelemetry/core/-/core-2.9.0.tgz. Extracting by manifest.
7682 silly tarball no local data for @opentelemetry/core@https://registry.npmjs.org/@opentelemetry/core/-/core-2.8.0.tgz. Extracting by manifest.
7683 silly tarball no local data for @opentelemetry/sdk-trace-node@https://registry.npmjs.org/@opentelemetry/sdk-trace-node/-/sdk-trace-node-2.9.0.tgz. Extracting by manifest.
7684 silly tarball no local data for @opentelemetry/instrumentation@https://registry.npmjs.org/@opentelemetry/instrumentation/-/instrumentation-0.220.0.tgz. Extracting by manifest.
7685 silly tarball no local data for env-paths@https://registry.npmjs.org/env-paths/-/env-paths-3.0.0.tgz. Extracting by manifest.
7686 silly tarball no local data for dot-prop@https://registry.npmjs.org/dot-prop/-/dot-prop-9.0.0.tgz. Extracting by manifest.
7687 silly tarball no local data for @opentelemetry/resources@https://registry.npmjs.org/@opentelemetry/resources/-/resources-2.9.0.tgz. Extracting by manifest.
7688 silly tarball no local data for @netlify/runtime-utils@https://registry.npmjs.org/@netlify/runtime-utils/-/runtime-utils-2.3.0.tgz. Extracting by manifest.
7689 silly tarball no local data for @netlify/dev-utils@https://registry.npmjs.org/@netlify/dev-utils/-/dev-utils-5.0.0.tgz. Extracting by manifest.
7690 silly tarball no local data for chokidar@https://registry.npmjs.org/chokidar/-/chokidar-4.0.3.tgz. Extracting by manifest.
7691 silly tarball no local data for @netlify/otel@https://registry.npmjs.org/@netlify/otel/-/otel-6.0.6.tgz. Extracting by manifest.
7692 silly tarball no local data for @netlify/blobs@https://registry.npmjs.org/@netlify/blobs/-/blobs-10.7.13.tgz. Extracting by manifest.
7693 silly tarball no local data for has-flag@https://registry.npmjs.org/has-flag/-/has-flag-4.0.0.tgz. Extracting by manifest.
7694 silly tarball no local data for supports-color@https://registry.npmjs.org/supports-color/-/supports-color-7.2.0.tgz. Extracting by manifest.
7695 silly tarball no local data for picomatch@https://registry.npmjs.org/picomatch/-/picomatch-2.3.2.tgz. Extracting by manifest.
7696 silly tarball no local data for ansi-styles@https://registry.npmjs.org/ansi-styles/-/ansi-styles-4.3.0.tgz. Extracting by manifest.
7697 silly tarball no local data for color-convert@https://registry.npmjs.org/color-convert/-/color-convert-2.0.1.tgz. Extracting by manifest.
7698 silly tarball no local data for @netlify/edge-functions-bootstrap@https://registry.npmjs.org/@netlify/edge-functions-bootstrap/-/edge-functions-bootstrap-2.16.0.tgz. Extracting by manifest.
7699 silly tarball no local data for chalk@https://registry.npmjs.org/chalk/-/chalk-4.1.2.tgz. Extracting by manifest.
7700 silly tarball no local data for get-port@https://registry.npmjs.org/get-port/-/get-port-7.2.0.tgz. Extracting by manifest.
7701 silly tarball no local data for hosted-git-info@https://registry.npmjs.org/hosted-git-info/-/hosted-git-info-7.0.2.tgz. Extracting by manifest.
7702 silly tarball no local data for @opentelemetry/core@https://registry.npmjs.org/@opentelemetry/core/-/core-2.9.0.tgz. Extracting by manifest.
7703 silly tarball no local data for unicorn-magic@https://registry.npmjs.org/unicorn-magic/-/unicorn-magic-0.1.0.tgz. Extracting by manifest.
7704 silly tarball no local data for ci-info@https://registry.npmjs.org/ci-info/-/ci-info-4.4.0.tgz. Extracting by manifest.
7705 silly tarball no local data for normalize-package-data@https://registry.npmjs.org/normalize-package-data/-/normalize-package-data-6.0.2.tgz. Extracting by manifest.
7706 silly tarball no local data for unstorage@https://registry.npmjs.org/unstorage/-/unstorage-1.17.5.tgz. Extracting by manifest.
7707 silly tarball no local data for path-key@https://registry.npmjs.org/path-key/-/path-key-4.0.0.tgz. Extracting by manifest.
7708 silly tarball no local data for strip-final-newline@https://registry.npmjs.org/strip-final-newline/-/strip-final-newline-3.0.0.tgz. Extracting by manifest.
7709 silly tarball no local data for string-width@https://registry.npmjs.org/string-width/-/string-width-4.2.3.tgz. Extracting by manifest.
7710 silly tarball no local data for emoji-regex@https://registry.npmjs.org/emoji-regex/-/emoji-regex-8.0.0.tgz. Extracting by manifest.
7711 silly tarball no local data for onetime@https://registry.npmjs.org/onetime/-/onetime-6.0.0.tgz. Extracting by manifest.
7712 silly tarball no local data for signal-exit@https://registry.npmjs.org/signal-exit/-/signal-exit-4.1.0.tgz. Extracting by manifest.
7713 silly tarball no local data for npm-run-path@https://registry.npmjs.org/npm-run-path/-/npm-run-path-5.3.0.tgz. Extracting by manifest.
7714 silly tarball no local data for is-stream@https://registry.npmjs.org/is-stream/-/is-stream-3.0.0.tgz. Extracting by manifest.
7715 silly tarball no local data for human-signals@https://registry.npmjs.org/human-signals/-/human-signals-5.0.0.tgz. Extracting by manifest.
7716 silly tarball no local data for get-stream@https://registry.npmjs.org/get-stream/-/get-stream-8.0.1.tgz. Extracting by manifest.
7717 silly tarball no local data for execa@https://registry.npmjs.org/execa/-/execa-8.0.1.tgz. Extracting by manifest.
7718 silly tarball no local data for signal-exit@https://registry.npmjs.org/signal-exit/-/signal-exit-4.1.0.tgz. Extracting by manifest.
7719 silly tarball no local data for chalk@https://registry.npmjs.org/chalk/-/chalk-5.6.2.tgz. Extracting by manifest.
7720 silly tarball no local data for lru-cache@https://registry.npmjs.org/lru-cache/-/lru-cache-11.5.3.tgz. Extracting by manifest.
7721 silly tarball no local data for hosted-git-info@https://registry.npmjs.org/hosted-git-info/-/hosted-git-info-9.0.3.tgz. Extracting by manifest.
7722 silly tarball no local data for unicorn-magic@https://registry.npmjs.org/unicorn-magic/-/unicorn-magic-0.4.1.tgz. Extracting by manifest.
7723 silly tarball no local data for normalize-package-data@https://registry.npmjs.org/normalize-package-data/-/normalize-package-data-8.0.0.tgz. Extracting by manifest.
7724 silly tarball no local data for type-fest@https://registry.npmjs.org/type-fest/-/type-fest-5.10.0.tgz. Extracting by manifest.
7725 silly tarball no local data for string_decoder@https://registry.npmjs.org/string_decoder/-/string_decoder-1.1.1.tgz. Extracting by manifest.
7726 silly tarball no local data for safe-buffer@https://registry.npmjs.org/safe-buffer/-/safe-buffer-5.1.2.tgz. Extracting by manifest.
7727 silly tarball no local data for read-pkg@https://registry.npmjs.org/read-pkg/-/read-pkg-10.1.0.tgz. Extracting by manifest.
7728 silly tarball no local data for isarray@https://registry.npmjs.org/isarray/-/isarray-1.0.0.tgz. Extracting by manifest.
7729 silly tarball no local data for statuses@https://registry.npmjs.org/statuses/-/statuses-2.0.1.tgz. Extracting by manifest.
7730 silly tarball no local data for readable-stream@https://registry.npmjs.org/readable-stream/-/readable-stream-2.3.8.tgz. Extracting by manifest.
7731 silly tarball no local data for http-errors@https://registry.npmjs.org/http-errors/-/http-errors-2.0.0.tgz. Extracting by manifest.
7732 silly tarball no local data for pump@https://registry.npmjs.org/pump/-/pump-1.0.3.tgz. Extracting by manifest.
7733 silly tarball no local data for ansi-regex@https://registry.npmjs.org/ansi-regex/-/ansi-regex-6.4.0.tgz. Extracting by manifest.
7734 silly tarball no local data for signal-exit@https://registry.npmjs.org/signal-exit/-/signal-exit-4.1.0.tgz. Extracting by manifest.
7735 silly tarball no local data for onetime@https://registry.npmjs.org/onetime/-/onetime-7.0.0.tgz. Extracting by manifest.
7736 silly tarball no local data for restore-cursor@https://registry.npmjs.org/restore-cursor/-/restore-cursor-5.1.0.tgz. Extracting by manifest.
7737 silly tarball no local data for wrap-ansi@https://registry.npmjs.org/wrap-ansi/-/wrap-ansi-10.0.2.tgz. Extracting by manifest.
7738 silly tarball no local data for strip-ansi@https://registry.npmjs.org/strip-ansi/-/strip-ansi-7.2.0.tgz. Extracting by manifest.
7739 silly tarball no local data for string-width@https://registry.npmjs.org/string-width/-/string-width-8.3.0.tgz. Extracting by manifest.
7740 silly tarball no local data for cli-cursor@https://registry.npmjs.org/cli-cursor/-/cli-cursor-5.0.0.tgz. Extracting by manifest.
7741 silly tarball no local data for dotenv@https://registry.npmjs.org/dotenv/-/dotenv-16.6.1.tgz. Extracting by manifest.
7742 silly tarball no local data for commander@https://registry.npmjs.org/commander/-/commander-10.0.1.tgz. Extracting by manifest.
7743 silly tarball no local data for has-flag@https://registry.npmjs.org/has-flag/-/has-flag-4.0.0.tgz. Extracting by manifest.
7744 silly tarball no local data for tslib@https://registry.npmjs.org/tslib/-/tslib-1.14.1.tgz. Extracting by manifest.
7745 silly tarball no local data for escape-string-regexp@https://registry.npmjs.org/escape-string-regexp/-/escape-string-regexp-1.0.5.tgz. Extracting by manifest.
7746 silly tarball no local data for color-convert@https://registry.npmjs.org/color-convert/-/color-convert-2.0.1.tgz. Extracting by manifest.
7747 silly tarball no local data for supports-color@https://registry.npmjs.org/supports-color/-/supports-color-7.2.0.tgz. Extracting by manifest.
7748 silly tarball no local data for ansi-styles@https://registry.npmjs.org/ansi-styles/-/ansi-styles-4.3.0.tgz. Extracting by manifest.
7749 silly tarball no local data for rxjs@https://registry.npmjs.org/rxjs/-/rxjs-6.6.7.tgz. Extracting by manifest.
7750 silly tarball no local data for figures@https://registry.npmjs.org/figures/-/figures-3.2.0.tgz. Extracting by manifest.
7751 silly tarball no local data for chalk@https://registry.npmjs.org/chalk/-/chalk-4.1.2.tgz. Extracting by manifest.
7752 silly tarball no local data for ansi-escapes@https://registry.npmjs.org/ansi-escapes/-/ansi-escapes-4.3.2.tgz. Extracting by manifest.
7753 silly tarball no local data for type-fest@https://registry.npmjs.org/type-fest/-/type-fest-0.21.3.tgz. Extracting by manifest.
7754 silly tarball no local data for is-fullwidth-code-point@https://registry.npmjs.org/is-fullwidth-code-point/-/is-fullwidth-code-point-3.0.0.tgz. Extracting by manifest.
7755 silly tarball no local data for has-flag@https://registry.npmjs.org/has-flag/-/has-flag-4.0.0.tgz. Extracting by manifest.
7756 silly tarball no local data for emoji-regex@https://registry.npmjs.org/emoji-regex/-/emoji-regex-8.0.0.tgz. Extracting by manifest.
7757 silly tarball no local data for escape-string-regexp@https://registry.npmjs.org/escape-string-regexp/-/escape-string-regexp-1.0.5.tgz. Extracting by manifest.
7758 silly tarball no local data for color-convert@https://registry.npmjs.org/color-convert/-/color-convert-2.0.1.tgz. Extracting by manifest.
7759 silly tarball no local data for supports-color@https://registry.npmjs.org/supports-color/-/supports-color-7.2.0.tgz. Extracting by manifest.
7760 silly tarball no local data for ansi-styles@https://registry.npmjs.org/ansi-styles/-/ansi-styles-4.3.0.tgz. Extracting by manifest.
7761 silly tarball no local data for type-fest@https://registry.npmjs.org/type-fest/-/type-fest-0.21.3.tgz. Extracting by manifest.
7762 silly tarball no local data for wrap-ansi@https://registry.npmjs.org/wrap-ansi/-/wrap-ansi-6.2.0.tgz. Extracting by manifest.
7763 silly tarball no local data for string-width@https://registry.npmjs.org/string-width/-/string-width-4.2.3.tgz. Extracting by manifest.
7764 silly tarball no local data for figures@https://registry.npmjs.org/figures/-/figures-3.2.0.tgz. Extracting by manifest.
7765 silly tarball no local data for chalk@https://registry.npmjs.org/chalk/-/chalk-4.1.2.tgz. Extracting by manifest.
7766 silly tarball no local data for ansi-escapes@https://registry.npmjs.org/ansi-escapes/-/ansi-escapes-4.3.2.tgz. Extracting by manifest.
7767 silly tarball no local data for cookie@https://registry.npmjs.org/cookie/-/cookie-0.7.2.tgz. Extracting by manifest.
7768 silly tarball no local data for is-stream@https://registry.npmjs.org/is-stream/-/is-stream-2.0.1.tgz. Extracting by manifest.
7769 silly tarball no local data for content-disposition@https://registry.npmjs.org/content-disposition/-/content-disposition-1.1.0.tgz. Extracting by manifest.
7770 silly tarball no local data for get-stream@https://registry.npmjs.org/get-stream/-/get-stream-6.0.1.tgz. Extracting by manifest.
7771 silly tarball no local data for chalk@https://registry.npmjs.org/chalk/-/chalk-5.6.2.tgz. Extracting by manifest.
7772 silly tarball no local data for path-key@https://registry.npmjs.org/path-key/-/path-key-4.0.0.tgz. Extracting by manifest.
7773 silly tarball no local data for unicorn-magic@https://registry.npmjs.org/unicorn-magic/-/unicorn-magic-0.1.0.tgz. Extracting by manifest.
7774 silly tarball no local data for onetime@https://registry.npmjs.org/onetime/-/onetime-6.0.0.tgz. Extracting by manifest.
7775 silly tarball no local data for strip-final-newline@https://registry.npmjs.org/strip-final-newline/-/strip-final-newline-3.0.0.tgz. Extracting by manifest.
7776 silly tarball no local data for npm-run-path@https://registry.npmjs.org/npm-run-path/-/npm-run-path-5.3.0.tgz. Extracting by manifest.
7777 silly tarball no local data for signal-exit@https://registry.npmjs.org/signal-exit/-/signal-exit-4.1.0.tgz. Extracting by manifest.
7778 silly tarball no local data for is-stream@https://registry.npmjs.org/is-stream/-/is-stream-3.0.0.tgz. Extracting by manifest.
7779 silly tarball no local data for human-signals@https://registry.npmjs.org/human-signals/-/human-signals-5.0.0.tgz. Extracting by manifest.
7780 silly tarball no local data for get-stream@https://registry.npmjs.org/get-stream/-/get-stream-8.0.1.tgz. Extracting by manifest.
7781 silly tarball no local data for @netlify/types@https://registry.npmjs.org/@netlify/types/-/types-2.8.0.tgz. Extracting by manifest.
7782 silly tarball no local data for locate-path@https://registry.npmjs.org/locate-path/-/locate-path-7.2.0.tgz. Extracting by manifest.
7783 silly tarball no local data for find-up@https://registry.npmjs.org/find-up/-/find-up-7.0.0.tgz. Extracting by manifest.
7784 silly tarball no local data for type-fest@https://registry.npmjs.org/type-fest/-/type-fest-5.10.0.tgz. Extracting by manifest.
7785 silly tarball no local data for execa@https://registry.npmjs.org/execa/-/execa-8.0.1.tgz. Extracting by manifest.
7786 silly tarball no local data for @netlify/serverless-functions-api@https://registry.npmjs.org/@netlify/serverless-functions-api/-/serverless-functions-api-2.18.0.tgz. Extracting by manifest.
7787 silly tarball no local data for get-port@https://registry.npmjs.org/get-port/-/get-port-7.2.0.tgz. Extracting by manifest.
7788 silly tarball no local data for path-key@https://registry.npmjs.org/path-key/-/path-key-4.0.0.tgz. Extracting by manifest.
7789 silly tarball no local data for locate-path@https://registry.npmjs.org/locate-path/-/locate-path-7.2.0.tgz. Extracting by manifest.
7790 silly tarball no local data for strip-final-newline@https://registry.npmjs.org/strip-final-newline/-/strip-final-newline-3.0.0.tgz. Extracting by manifest.
7791 silly tarball no local data for unicorn-magic@https://registry.npmjs.org/unicorn-magic/-/unicorn-magic-0.1.0.tgz. Extracting by manifest.
7792 silly tarball no local data for signal-exit@https://registry.npmjs.org/signal-exit/-/signal-exit-4.1.0.tgz. Extracting by manifest.
7793 silly tarball no local data for npm-run-path@https://registry.npmjs.org/npm-run-path/-/npm-run-path-5.3.0.tgz. Extracting by manifest.
7794 silly tarball no local data for is-stream@https://registry.npmjs.org/is-stream/-/is-stream-3.0.0.tgz. Extracting by manifest.
7795 silly tarball no local data for human-signals@https://registry.npmjs.org/human-signals/-/human-signals-5.0.0.tgz. Extracting by manifest.
7796 silly tarball no local data for get-stream@https://registry.npmjs.org/get-stream/-/get-stream-8.0.1.tgz. Extracting by manifest.
7797 silly tarball no local data for find-up@https://registry.npmjs.org/find-up/-/find-up-7.0.0.tgz. Extracting by manifest.
7798 silly tarball no local data for execa@https://registry.npmjs.org/execa/-/execa-8.0.1.tgz. Extracting by manifest.
7799 silly tarball no local data for env-paths@https://registry.npmjs.org/env-paths/-/env-paths-3.0.0.tgz. Extracting by manifest.
7800 silly tarball no local data for dot-prop@https://registry.npmjs.org/dot-prop/-/dot-prop-9.0.0.tgz. Extracting by manifest.
7801 silly tarball no local data for path-key@https://registry.npmjs.org/path-key/-/path-key-4.0.0.tgz. Extracting by manifest.
7802 silly tarball no local data for unicorn-magic@https://registry.npmjs.org/unicorn-magic/-/unicorn-magic-0.1.0.tgz. Extracting by manifest.
7803 silly tarball no local data for locate-path@https://registry.npmjs.org/locate-path/-/locate-path-7.2.0.tgz. Extracting by manifest.
7804 silly tarball no local data for strip-final-newline@https://registry.npmjs.org/strip-final-newline/-/strip-final-newline-3.0.0.tgz. Extracting by manifest.
7805 silly tarball no local data for signal-exit@https://registry.npmjs.org/signal-exit/-/signal-exit-4.1.0.tgz. Extracting by manifest.
7806 silly tarball no local data for onetime@https://registry.npmjs.org/onetime/-/onetime-6.0.0.tgz. Extracting by manifest.
7807 silly tarball no local data for npm-run-path@https://registry.npmjs.org/npm-run-path/-/npm-run-path-5.3.0.tgz. Extracting by manifest.
7808 silly tarball no local data for is-stream@https://registry.npmjs.org/is-stream/-/is-stream-3.0.0.tgz. Extracting by manifest.
7809 silly tarball no local data for human-signals@https://registry.npmjs.org/human-signals/-/human-signals-5.0.0.tgz. Extracting by manifest.
7810 silly tarball no local data for get-stream@https://registry.npmjs.org/get-stream/-/get-stream-8.0.1.tgz. Extracting by manifest.
7811 silly tarball no local data for read-package-up@https://registry.npmjs.org/read-package-up/-/read-package-up-11.0.0.tgz. Extracting by manifest.
7812 silly tarball no local data for unicorn-magic@https://registry.npmjs.org/unicorn-magic/-/unicorn-magic-0.1.0.tgz. Extracting by manifest.
7813 silly tarball no local data for execa@https://registry.npmjs.org/execa/-/execa-8.0.1.tgz. Extracting by manifest.
7814 silly tarball no local data for find-up@https://registry.npmjs.org/find-up/-/find-up-7.0.0.tgz. Extracting by manifest.
7815 silly tarball no local data for dot-prop@https://registry.npmjs.org/dot-prop/-/dot-prop-9.0.0.tgz. Extracting by manifest.
7816 silly tarball no local data for has-flag@https://registry.npmjs.org/has-flag/-/has-flag-4.0.0.tgz. Extracting by manifest.
7817 silly tarball no local data for locate-path@https://registry.npmjs.org/locate-path/-/locate-path-7.2.0.tgz. Extracting by manifest.
7818 silly tarball no local data for dot-prop@https://registry.npmjs.org/dot-prop/-/dot-prop-9.0.0.tgz. Extracting by manifest.
7819 silly tarball no local data for find-up@https://registry.npmjs.org/find-up/-/find-up-7.0.0.tgz. Extracting by manifest.
7820 silly tarball no local data for supports-color@https://registry.npmjs.org/supports-color/-/supports-color-7.2.0.tgz. Extracting by manifest.
7821 silly tarball no local data for supports-hyperlinks@https://registry.npmjs.org/supports-hyperlinks/-/supports-hyperlinks-3.2.0.tgz. Extracting by manifest.
7822 silly tarball no local data for path-key@https://registry.npmjs.org/path-key/-/path-key-4.0.0.tgz. Extracting by manifest.
7823 silly tarball no local data for strip-final-newline@https://registry.npmjs.org/strip-final-newline/-/strip-final-newline-3.0.0.tgz. Extracting by manifest.
7824 silly tarball no local data for signal-exit@https://registry.npmjs.org/signal-exit/-/signal-exit-4.1.0.tgz. Extracting by manifest.
7825 silly tarball no local data for isexe@https://registry.npmjs.org/isexe/-/isexe-2.0.0.tgz. Extracting by manifest.
7826 silly tarball no local data for is-fullwidth-code-point@https://registry.npmjs.org/is-fullwidth-code-point/-/is-fullwidth-code-point-3.0.0.tgz. Extracting by manifest.
7827 silly tarball no local data for npm-run-path@https://registry.npmjs.org/npm-run-path/-/npm-run-path-5.3.0.tgz. Extracting by manifest.
7828 silly tarball no local data for is-stream@https://registry.npmjs.org/is-stream/-/is-stream-3.0.0.tgz. Extracting by manifest.
7829 silly tarball no local data for human-signals@https://registry.npmjs.org/human-signals/-/human-signals-5.0.0.tgz. Extracting by manifest.
7830 silly tarball no local data for get-stream@https://registry.npmjs.org/get-stream/-/get-stream-8.0.1.tgz. Extracting by manifest.
7831 silly tarball no local data for terminal-link@https://registry.npmjs.org/terminal-link/-/terminal-link-4.0.0.tgz. Extracting by manifest.
7832 silly tarball no local data for readdirp@https://registry.npmjs.org/readdirp/-/readdirp-4.1.2.tgz. Extracting by manifest.
7833 silly tarball no local data for read-package-up@https://registry.npmjs.org/read-package-up/-/read-package-up-11.0.0.tgz. Extracting by manifest.
7834 silly tarball no local data for execa@https://registry.npmjs.org/execa/-/execa-8.0.1.tgz. Extracting by manifest.
7835 silly tarball no local data for onetime@https://registry.npmjs.org/onetime/-/onetime-6.0.0.tgz. Extracting by manifest.
7836 silly tarball no local data for onetime@https://registry.npmjs.org/onetime/-/onetime-6.0.0.tgz. Extracting by manifest.
7837 http fetch GET 200 https://registry.npmjs.org/mimic-function/-/mimic-function-5.0.1.tgz 8858ms (cache miss)
7838 http fetch GET 200 https://registry.npmjs.org/core-util-is/-/core-util-is-1.0.3.tgz 8854ms (cache miss)
7839 http fetch GET 200 https://registry.npmjs.org/anymatch/-/anymatch-3.1.3.tgz 8859ms (cache miss)
7840 http fetch GET 200 https://registry.npmjs.org/require-directory/-/require-directory-2.1.1.tgz 8915ms (cache miss)
7841 http fetch GET 200 https://registry.npmjs.org/get-caller-file/-/get-caller-file-2.0.5.tgz 9112ms (cache miss)
7842 http fetch GET 200 https://registry.npmjs.org/pend/-/pend-1.2.0.tgz 9354ms (cache miss)
7843 http fetch GET 200 https://registry.npmjs.org/cssfilter/-/cssfilter-0.0.10.tgz 9349ms (cache miss)
7844 http fetch GET 200 https://registry.npmjs.org/escalade/-/escalade-3.2.0.tgz 9377ms (cache miss)
7845 http fetch GET 200 https://registry.npmjs.org/imurmurhash/-/imurmurhash-0.1.4.tgz 9815ms (cache miss)
7846 http fetch GET 200 https://registry.npmjs.org/cliui/-/cliui-8.0.1.tgz 9828ms (cache miss)
7847 http fetch GET 200 https://registry.npmjs.org/tagged-tag/-/tagged-tag-1.0.0.tgz 11143ms (cache miss)
7848 http fetch GET 200 https://registry.npmjs.org/color-string/-/color-string-2.1.4.tgz 11016ms (cache miss)
7849 http fetch GET 200 https://registry.npmjs.org/@types/triple-beam/-/triple-beam-1.3.5.tgz 11060ms (cache miss)
7850 http fetch GET 200 https://registry.npmjs.org/process-nextick-args/-/process-nextick-args-2.0.1.tgz 11210ms (cache miss)
7851 http fetch GET 200 https://registry.npmjs.org/fn.name/-/fn.name-1.1.0.tgz 11427ms (cache miss)
7852 http fetch GET 200 https://registry.npmjs.org/winston-transport/-/winston-transport-4.9.0.tgz 11372ms (cache miss)
7853 http fetch GET 200 https://registry.npmjs.org/stack-trace/-/stack-trace-0.0.10.tgz 11369ms (cache miss)
7854 http fetch GET 200 https://registry.npmjs.org/unpipe/-/unpipe-1.0.0.tgz 12444ms (cache miss)
7855 http fetch GET 200 https://registry.npmjs.org/is-generator-function/-/is-generator-function-1.1.2.tgz 12183ms (cache miss)
7856 http fetch GET 200 https://registry.npmjs.org/is-bigint/-/is-bigint-1.1.0.tgz 12214ms (cache miss)
7857 http fetch GET 200 https://registry.npmjs.org/text-hex/-/text-hex-1.0.0.tgz 12637ms (cache miss)
7858 http fetch GET 200 https://registry.npmjs.org/rc/-/rc-1.2.8.tgz 12505ms (cache miss)
7859 http fetch GET 200 https://registry.npmjs.org/remove-trailing-separator/-/remove-trailing-separator-1.1.0.tgz 13332ms (cache miss)
7860 http fetch GET 200 https://registry.npmjs.org/spdx-exceptions/-/spdx-exceptions-2.5.0.tgz 13106ms (cache miss)
7861 http fetch GET 200 https://registry.npmjs.org/escape-goat/-/escape-goat-4.0.0.tgz 13139ms (cache miss)
7862 http fetch GET 200 https://registry.npmjs.org/one-time/-/one-time-1.0.0.tgz 13923ms (cache miss)
7863 http fetch GET 200 https://registry.npmjs.org/config-chain/-/config-chain-1.1.13.tgz 13848ms (cache miss)
7864 http fetch GET 200 https://registry.npmjs.org/is-installed-globally/-/is-installed-globally-1.0.1.tgz 13831ms (cache miss)
7865 http fetch GET 200 https://registry.npmjs.org/configstore/-/configstore-7.1.0.tgz 13818ms (cache miss)
7866 http fetch GET 200 https://registry.npmjs.org/which-builtin-type/-/which-builtin-type-1.2.1.tgz 13801ms (cache miss)
7867 http fetch GET 200 https://registry.npmjs.org/strip-json-comments/-/strip-json-comments-2.0.1.tgz 14186ms (cache miss)
7868 http fetch GET 200 https://registry.npmjs.org/random-bytes/-/random-bytes-1.0.0.tgz 14119ms (cache miss)
7869 http fetch GET 200 https://registry.npmjs.org/yn/-/yn-3.1.1.tgz 14080ms (cache miss)
7870 http fetch GET 200 https://registry.npmjs.org/webidl-conversions/-/webidl-conversions-3.0.1.tgz 15145ms (cache miss)
7871 http fetch GET 200 https://registry.npmjs.org/util-deprecate/-/util-deprecate-1.0.2.tgz 15160ms (cache miss)
7872 http fetch GET 200 https://registry.npmjs.org/defaults/-/defaults-1.0.4.tgz 14890ms (cache miss)
7873 http fetch GET 200 https://registry.npmjs.org/make-error/-/make-error-1.3.6.tgz 14773ms (cache miss)
7874 http fetch GET 200 https://registry.npmjs.org/@tsconfig/node12/-/node12-1.0.11.tgz 14714ms (cache miss)
7875 http fetch GET 200 https://registry.npmjs.org/@tsconfig/node10/-/node10-1.0.13.tgz 14713ms (cache miss)
7876 http fetch GET 200 https://registry.npmjs.org/acorn-walk/-/acorn-walk-8.3.5.tgz 14768ms (cache miss)
7877 http fetch GET 200 https://registry.npmjs.org/spdx-correct/-/spdx-correct-3.2.0.tgz 15878ms (cache miss)
7878 http fetch GET 200 https://registry.npmjs.org/enabled/-/enabled-2.0.0.tgz 15989ms (cache miss)
7879 http fetch GET 200 https://registry.npmjs.org/kuler/-/kuler-2.0.0.tgz 16001ms (cache miss)
7880 http fetch GET 200 https://registry.npmjs.org/spdx-license-ids/-/spdx-license-ids-3.0.24.tgz 15947ms (cache miss)
7881 http fetch GET 200 https://registry.npmjs.org/proto-list/-/proto-list-1.2.4.tgz 15951ms (cache miss)
7882 http fetch GET 200 https://registry.npmjs.org/@tsconfig/node14/-/node14-1.0.3.tgz 15748ms (cache miss)
7883 http fetch GET 200 https://registry.npmjs.org/events-universal/-/events-universal-1.0.1.tgz 15715ms (cache miss)
7884 http fetch GET 200 https://registry.npmjs.org/teex/-/teex-1.0.1.tgz 15711ms (cache miss)
7885 http fetch GET 200 https://registry.npmjs.org/has-flag/-/has-flag-5.0.1.tgz 15735ms (cache miss)
7886 http fetch GET 200 https://registry.npmjs.org/is-npm/-/is-npm-6.1.0.tgz 16281ms (cache miss)
7887 http fetch GET 200 https://registry.npmjs.org/@tsconfig/node16/-/node16-1.0.4.tgz 16118ms (cache miss)
7888 http fetch GET 200 https://registry.npmjs.org/registry-url/-/registry-url-6.0.1.tgz 16304ms (cache miss)
7889 http fetch GET 200 https://registry.npmjs.org/yallist/-/yallist-5.0.0.tgz 16024ms (cache miss)
7890 http fetch GET 200 https://registry.npmjs.org/global-directory/-/global-directory-4.0.1.tgz 16314ms (cache miss)
7891 http fetch GET 200 https://registry.npmjs.org/domelementtype/-/domelementtype-2.3.0.tgz 16024ms (cache miss)
7892 http fetch GET 200 https://registry.npmjs.org/pupa/-/pupa-3.3.0.tgz 16581ms (cache miss)
7893 http fetch GET 200 https://registry.npmjs.org/xdg-basedir/-/xdg-basedir-5.1.0.tgz 16653ms (cache miss)
7894 http fetch GET 200 https://registry.npmjs.org/latest-version/-/latest-version-9.0.0.tgz 16663ms (cache miss)
7895 http fetch GET 200 https://registry.npmjs.org/is-number/-/is-number-7.0.0.tgz 16472ms (cache miss)
7896 http fetch GET 200 https://registry.npmjs.org/tmp/-/tmp-0.2.7.tgz 16478ms (cache miss)
7897 http fetch GET 200 https://registry.npmjs.org/domhandler/-/domhandler-5.0.3.tgz 16383ms (cache miss)
7898 http fetch GET 200 https://registry.npmjs.org/boolbase/-/boolbase-1.0.0.tgz 16398ms (cache miss)
7899 http fetch GET 200 https://registry.npmjs.org/emoji-regex/-/emoji-regex-10.6.0.tgz 16421ms (cache miss)
7900 http fetch GET 200 https://registry.npmjs.org/ansi-regex/-/ansi-regex-5.0.1.tgz 16427ms (cache miss)
7901 http fetch GET 200 https://registry.npmjs.org/crc32-stream/-/crc32-stream-7.0.1.tgz 17352ms (cache miss)
7902 http fetch GET 200 https://registry.npmjs.org/media-typer/-/media-typer-1.1.1.tgz 17051ms (cache miss)
7903 http fetch GET 200 https://registry.npmjs.org/shebang-regex/-/shebang-regex-3.0.0.tgz 16848ms (cache miss)
7904 http fetch GET 200 https://registry.npmjs.org/ansi-styles/-/ansi-styles-6.2.3.tgz 16897ms (cache miss)
7905 http fetch GET 200 https://registry.npmjs.org/buffer-from/-/buffer-from-1.1.2.tgz 17033ms (cache miss)
7906 http fetch GET 200 https://registry.npmjs.org/clone/-/clone-1.0.4.tgz 17841ms (cache miss)
7907 http fetch GET 200 https://registry.npmjs.org/arg/-/arg-4.1.3.tgz 17668ms (cache miss)
7908 http fetch GET 200 https://registry.npmjs.org/is-fullwidth-code-point/-/is-fullwidth-code-point-5.1.0.tgz 17501ms (cache miss)
7909 http fetch GET 200 https://registry.npmjs.org/is-promise/-/is-promise-4.0.0.tgz 17455ms (cache miss)
7910 http fetch GET 200 https://registry.npmjs.org/dunder-proto/-/dunder-proto-1.0.1.tgz 17457ms (cache miss)
7911 http fetch GET 200 https://registry.npmjs.org/fast-fifo/-/fast-fifo-1.3.2.tgz 17592ms (cache miss)
7912 http fetch GET 200 https://registry.npmjs.org/is-document.all/-/is-document.all-1.0.0.tgz 17450ms (cache miss)
7913 http fetch GET 200 https://registry.npmjs.org/isarray/-/isarray-2.0.5.tgz 17496ms (cache miss)
7914 http fetch GET 200 https://registry.npmjs.org/set-function-name/-/set-function-name-2.0.2.tgz 17471ms (cache miss)
7915 http fetch GET 200 https://registry.npmjs.org/es-abstract-get/-/es-abstract-get-1.0.0.tgz 17447ms (cache miss)
7916 http fetch GET 200 https://registry.npmjs.org/string.prototype.trimstart/-/string.prototype.trimstart-1.0.8.tgz 17814ms (cache miss)
7917 http fetch GET 200 https://registry.npmjs.org/possible-typed-array-names/-/possible-typed-array-names-1.1.0.tgz 17867ms (cache miss)
7918 http fetch GET 200 https://registry.npmjs.org/has-tostringtag/-/has-tostringtag-1.0.2.tgz 17891ms (cache miss)
7919 http fetch GET 200 https://registry.npmjs.org/typed-array-buffer/-/typed-array-buffer-1.0.3.tgz 17855ms (cache miss)
7920 http fetch GET 200 https://registry.npmjs.org/is-typed-array/-/is-typed-array-1.1.15.tgz 17801ms (cache miss)
7921 http fetch GET 200 https://registry.npmjs.org/string.prototype.trimend/-/string.prototype.trimend-1.0.10.tgz 17873ms (cache miss)
7922 http fetch GET 200 https://registry.npmjs.org/color/-/color-5.0.3.tgz 18947ms (cache miss)
7923 http fetch GET 200 https://registry.npmjs.org/is-in-ci/-/is-in-ci-1.0.0.tgz 18807ms (cache miss)
7924 http fetch GET 200 https://registry.npmjs.org/create-require/-/create-require-1.1.1.tgz 18699ms (cache miss)
7925 http fetch GET 200 https://registry.npmjs.org/stop-iteration-iterator/-/stop-iteration-iterator-1.1.0.tgz 18365ms (cache miss)
7926 http fetch GET 200 https://registry.npmjs.org/safe-regex-test/-/safe-regex-test-1.1.0.tgz 18360ms (cache miss)
7927 http fetch GET 200 https://registry.npmjs.org/safe-push-apply/-/safe-push-apply-1.0.0.tgz 18369ms (cache miss)
7928 http fetch GET 200 https://registry.npmjs.org/safe-array-concat/-/safe-array-concat-1.1.4.tgz 18368ms (cache miss)
7929 http fetch GET 200 https://registry.npmjs.org/is-shared-array-buffer/-/is-shared-array-buffer-1.0.4.tgz 18327ms (cache miss)
7930 http fetch GET 200 https://registry.npmjs.org/spdx-expression-parse/-/spdx-expression-parse-3.0.1.tgz 19528ms (cache miss)
7931 http fetch GET 200 https://registry.npmjs.org/deep-extend/-/deep-extend-0.6.0.tgz 19528ms (cache miss)
7932 http fetch GET 200 https://registry.npmjs.org/v8-compile-cache-lib/-/v8-compile-cache-lib-3.0.1.tgz 19404ms (cache miss)
7933 http fetch GET 200 https://registry.npmjs.org/is-array-buffer/-/is-array-buffer-3.0.5.tgz 18986ms (cache miss)
7934 http fetch GET 200 https://registry.npmjs.org/is-data-view/-/is-data-view-1.0.2.tgz 19007ms (cache miss)
7935 http fetch GET 200 https://registry.npmjs.org/package-json/-/package-json-10.0.1.tgz 19972ms (cache miss)
7936 http fetch GET 200 https://registry.npmjs.org/queue-microtask/-/queue-microtask-1.2.3.tgz 19632ms (cache miss)
7937 http fetch GET 200 https://registry.npmjs.org/es-object-atoms/-/es-object-atoms-1.1.2.tgz 19485ms (cache miss)
7938 http fetch GET 200 https://registry.npmjs.org/function.prototype.name/-/function.prototype.name-1.2.0.tgz 19511ms (cache miss)
7939 http fetch GET 200 https://registry.npmjs.org/data-view-byte-offset/-/data-view-byte-offset-1.0.1.tgz 19512ms (cache miss)
7940 http fetch GET 200 https://registry.npmjs.org/data-view-byte-length/-/data-view-byte-length-1.0.2.tgz 19517ms (cache miss)
7941 http fetch GET 200 https://registry.npmjs.org/available-typed-arrays/-/available-typed-arrays-1.0.7.tgz 19517ms (cache miss)
7942 http fetch GET 200 https://registry.npmjs.org/sax/-/sax-1.6.1.tgz 20193ms (cache miss)
7943 http fetch GET 200 https://registry.npmjs.org/internal-slot/-/internal-slot-1.1.0.tgz 19909ms (cache miss)
7944 http fetch GET 200 https://registry.npmjs.org/set-function-length/-/set-function-length-1.2.2.tgz 19827ms (cache miss)
7945 http fetch GET 200 https://registry.npmjs.org/call-bind-apply-helpers/-/call-bind-apply-helpers-1.0.2.tgz 19825ms (cache miss)
7946 http fetch GET 200 https://registry.npmjs.org/call-bind/-/call-bind-1.0.9.tgz 19815ms (cache miss)
7947 http fetch GET 200 https://registry.npmjs.org/es-shim-unscopables/-/es-shim-unscopables-1.1.0.tgz 19823ms (cache miss)
7948 http fetch GET 200 https://registry.npmjs.org/define-properties/-/define-properties-1.2.1.tgz 19824ms (cache miss)
7949 http fetch GET 200 https://registry.npmjs.org/supports-hyperlinks/-/supports-hyperlinks-4.6.0.tgz 21088ms (cache miss)
7950 http fetch GET 200 https://registry.npmjs.org/es-errors/-/es-errors-1.3.0.tgz 20649ms (cache miss)
7951 http fetch GET 200 https://registry.npmjs.org/path-parse/-/path-parse-1.0.7.tgz 20665ms (cache miss)
7952 http fetch GET 200 https://registry.npmjs.org/array.prototype.flatmap/-/array.prototype.flatmap-1.3.3.tgz 20690ms (cache miss)
7953 http fetch GET 200 https://registry.npmjs.org/string_decoder/-/string_decoder-1.3.0.tgz 20694ms (cache miss)
7954 http fetch GET 200 https://registry.npmjs.org/is-core-module/-/is-core-module-2.17.0.tgz 20815ms (cache miss)
7955 http fetch GET 200 https://registry.npmjs.org/array-buffer-byte-length/-/array-buffer-byte-length-1.0.2.tgz 21949ms (cache miss)
7956 http fetch GET 200 https://registry.npmjs.org/process/-/process-0.11.10.tgz 21893ms (cache miss)
7957 http fetch GET 200 https://registry.npmjs.org/@types/normalize-package-data/-/normalize-package-data-2.4.4.tgz 21898ms (cache miss)
7958 http fetch GET 200 https://registry.npmjs.org/index-to-position/-/index-to-position-1.2.0.tgz 21896ms (cache miss)
7959 http fetch GET 200 https://registry.npmjs.org/parse-ms/-/parse-ms-4.0.0.tgz 21877ms (cache miss)
7960 http fetch GET 200 https://registry.npmjs.org/quote-unquote/-/quote-unquote-1.0.0.tgz 21886ms (cache miss)
7961 http fetch GET 200 https://registry.npmjs.org/side-channel/-/side-channel-1.1.1.tgz 21906ms (cache miss)
7962 http fetch GET 200 https://registry.npmjs.org/forwarded/-/forwarded-0.2.0.tgz 21902ms (cache miss)
7963 http fetch GET 200 https://registry.npmjs.org/color-name/-/color-name-1.1.4.tgz 22618ms (cache miss)
7964 http fetch GET 200 https://registry.npmjs.org/@vue/compiler-ssr/-/compiler-ssr-3.5.43.tgz 22660ms (cache miss)
7965 http fetch GET 200 https://registry.npmjs.org/@so-ric/colorspace/-/colorspace-1.1.6.tgz 23849ms (cache miss)
7966 http fetch GET 200 https://registry.npmjs.org/@typescript-eslint/tsconfig-utils/-/tsconfig-utils-8.71.0.tgz 23060ms (cache miss)
7967 http fetch GET 200 https://registry.npmjs.org/eslint-visitor-keys/-/eslint-visitor-keys-5.0.1.tgz 23106ms (cache miss)
7968 http fetch GET 200 https://registry.npmjs.org/end-of-stream/-/end-of-stream-1.4.5.tgz 23835ms (cache miss)
7969 http fetch GET 200 https://registry.npmjs.org/is-url-superb/-/is-url-superb-4.0.0.tgz 23857ms (cache miss)
7970 http fetch GET 200 https://registry.npmjs.org/@typescript-eslint/project-service/-/project-service-8.71.0.tgz 23872ms (cache miss)
7971 http fetch GET 200 https://registry.npmjs.org/get-amd-module-type/-/get-amd-module-type-6.0.2.tgz 23861ms (cache miss)
7972 http fetch GET 200 https://registry.npmjs.org/node-source-walk/-/node-source-walk-7.0.2.tgz 23863ms (cache miss)
7973 http fetch GET 200 https://registry.npmjs.org/ast-module-types/-/ast-module-types-6.0.2.tgz 23883ms (cache miss)
7974 http fetch GET 200 https://registry.npmjs.org/registry-auth-token/-/registry-auth-token-5.1.1.tgz 25136ms (cache miss)
7975 http fetch GET 200 https://registry.npmjs.org/text-decoder/-/text-decoder-1.2.7.tgz 24905ms (cache miss)
7976 http fetch GET 200 https://registry.npmjs.org/@img/colour/-/colour-1.1.0.tgz 24830ms (cache miss)
7977 http fetch GET 200 https://registry.npmjs.org/detective-vue2/-/detective-vue2-2.3.0.tgz 24469ms (cache miss)
7978 http fetch GET 200 https://registry.npmjs.org/detective-stylus/-/detective-stylus-5.0.1.tgz 24469ms (cache miss)
7979 http fetch GET 200 https://registry.npmjs.org/detective-cjs/-/detective-cjs-6.1.1.tgz 24464ms (cache miss)
7980 http fetch GET 200 https://registry.npmjs.org/detective-typescript/-/detective-typescript-14.1.2.tgz 24483ms (cache miss)
7981 http fetch GET 200 https://registry.npmjs.org/detective-sass/-/detective-sass-6.0.2.tgz 24479ms (cache miss)
7982 http fetch GET 200 https://registry.npmjs.org/detective-es6/-/detective-es6-5.0.2.tgz 24477ms (cache miss)
7983 http fetch GET 200 https://registry.npmjs.org/detective-postcss/-/detective-postcss-8.0.4.tgz 24706ms (cache miss)
7984 http fetch GET 200 https://registry.npmjs.org/safe-stable-stringify/-/safe-stable-stringify-2.5.0.tgz 24684ms (cache miss)
7985 http fetch GET 200 https://registry.npmjs.org/xtend/-/xtend-4.0.2.tgz 24703ms (cache miss)
7986 http fetch GET 200 https://registry.npmjs.org/own-keys/-/own-keys-1.0.2.tgz 24733ms (cache miss)
7987 http fetch GET 200 https://registry.npmjs.org/module-definition/-/module-definition-6.0.2.tgz 24770ms (cache miss)
7988 http fetch GET 200 https://registry.npmjs.org/tr46/-/tr46-0.0.3.tgz 25864ms (cache miss)
7989 http fetch GET 200 https://registry.npmjs.org/parse-json/-/parse-json-8.3.0.tgz 25161ms (cache miss)
7990 http fetch GET 200 https://registry.npmjs.org/pino-std-serializers/-/pino-std-serializers-7.1.0.tgz 25276ms (cache miss)
7991 http fetch GET 200 https://registry.npmjs.org/atomic-sleep/-/atomic-sleep-1.0.0.tgz 25278ms (cache miss)
7992 http fetch GET 200 https://registry.npmjs.org/real-require/-/real-require-0.2.0.tgz 25289ms (cache miss)
7993 http fetch GET 200 https://registry.npmjs.org/postgres-date/-/postgres-date-1.0.7.tgz 25273ms (cache miss)
7994 http fetch GET 200 https://registry.npmjs.org/pino-abstract-transport/-/pino-abstract-transport-3.0.0.tgz 25288ms (cache miss)
7995 http fetch GET 200 https://registry.npmjs.org/postgres-interval/-/postgres-interval-1.2.0.tgz 25278ms (cache miss)
7996 http fetch GET 200 https://registry.npmjs.org/detective-amd/-/detective-amd-6.1.0.tgz 25310ms (cache miss)
7997 http fetch GET 200 https://registry.npmjs.org/pg-int8/-/pg-int8-1.0.1.tgz 25289ms (cache miss)
7998 http fetch GET 200 https://registry.npmjs.org/detective-scss/-/detective-scss-5.0.2.tgz 25573ms (cache miss)
7999 http fetch GET 200 https://registry.npmjs.org/on-exit-leak-free/-/on-exit-leak-free-2.1.2.tgz 25791ms (cache miss)
8000 http fetch GET 200 https://registry.npmjs.org/pg-types/-/pg-types-2.2.0.tgz 25778ms (cache miss)
8001 http fetch GET 200 https://registry.npmjs.org/pg-connection-string/-/pg-connection-string-2.14.1.tgz 25773ms (cache miss)
8002 http fetch GET 200 https://registry.npmjs.org/pg-pool/-/pg-pool-3.14.0.tgz 25779ms (cache miss)
8003 http fetch GET 200 https://registry.npmjs.org/slashes/-/slashes-3.0.12.tgz 25772ms (cache miss)
8004 http fetch GET 200 https://registry.npmjs.org/find-up-simple/-/find-up-simple-1.0.1.tgz 25770ms (cache miss)
8005 http fetch GET 200 https://registry.npmjs.org/retry/-/retry-0.13.1.tgz 25769ms (cache miss)
8006 http fetch GET 200 https://registry.npmjs.org/is-network-error/-/is-network-error-1.3.2.tgz 25768ms (cache miss)
8007 http fetch GET 200 https://registry.npmjs.org/pgpass/-/pgpass-1.0.5.tgz 25798ms (cache miss)
8008 http fetch GET 200 https://registry.npmjs.org/cyclist/-/cyclist-1.0.2.tgz 25785ms (cache miss)
8009 http fetch GET 200 https://registry.npmjs.org/yocto-queue/-/yocto-queue-1.2.2.tgz 27118ms (cache miss)
8010 http fetch GET 200 https://registry.npmjs.org/windows-release/-/windows-release-6.1.0.tgz 27123ms (cache miss)
8011 http fetch GET 200 https://registry.npmjs.org/macos-release/-/macos-release-3.5.1.tgz 27122ms (cache miss)
8012 http fetch GET 200 https://registry.npmjs.org/@types/retry/-/retry-0.12.2.tgz 27140ms (cache miss)
8013 http fetch GET 200 https://registry.npmjs.org/p-limit/-/p-limit-4.0.0.tgz 27145ms (cache miss)
8014 http fetch GET 200 https://registry.npmjs.org/ieee754/-/ieee754-1.2.1.tgz 27145ms (cache miss)
8015 http fetch GET 200 https://registry.npmjs.org/log-symbols/-/log-symbols-4.1.0.tgz 27136ms (cache miss)
8016 http fetch GET 200 https://registry.npmjs.org/p-timeout/-/p-timeout-6.1.4.tgz 27193ms (cache miss)
8017 http fetch GET 200 https://registry.npmjs.org/wcwidth/-/wcwidth-1.0.1.tgz 27191ms (cache miss)
8018 http fetch GET 200 https://registry.npmjs.org/get-east-asian-width/-/get-east-asian-width-1.7.0.tgz 27932ms (cache miss)
8019 http fetch GET 200 https://registry.npmjs.org/postgres-array/-/postgres-array-2.0.0.tgz 27814ms (cache miss)
8020 http fetch GET 200 https://registry.npmjs.org/base64-js/-/base64-js-1.5.1.tgz 27767ms (cache miss)
8021 http fetch GET 200 https://registry.npmjs.org/cli-spinners/-/cli-spinners-2.9.2.tgz 27755ms (cache miss)
8022 http fetch GET 200 https://registry.npmjs.org/is-interactive/-/is-interactive-1.0.0.tgz 27764ms (cache miss)
8023 http fetch GET 200 https://registry.npmjs.org/wsl-utils/-/wsl-utils-1.0.1.tgz 27757ms (cache miss)
8024 http fetch GET 200 https://registry.npmjs.org/is-in-ssh/-/is-in-ssh-1.0.0.tgz 27754ms (cache miss)
8025 http fetch GET 200 https://registry.npmjs.org/default-browser-id/-/default-browser-id-5.0.1.tgz 27766ms (cache miss)
8026 http fetch GET 200 https://registry.npmjs.org/ee-first/-/ee-first-1.1.1.tgz 27754ms (cache miss)
8027 http fetch GET 200 https://registry.npmjs.org/define-lazy-prop/-/define-lazy-prop-3.0.0.tgz 27764ms (cache miss)
8028 http fetch GET 200 https://registry.npmjs.org/bundle-name/-/bundle-name-4.1.1.tgz 27773ms (cache miss)
8029 http fetch GET 200 https://registry.npmjs.org/default-browser/-/default-browser-5.5.1.tgz 27780ms (cache miss)
8030 http fetch GET 200 https://registry.npmjs.org/run-applescript/-/run-applescript-7.1.0.tgz 27786ms (cache miss)
8031 http fetch GET 200 https://registry.npmjs.org/path-to-regexp/-/path-to-regexp-8.4.2.tgz 28497ms (cache miss)
8032 http fetch GET 200 https://registry.npmjs.org/wrappy/-/wrappy-1.0.2.tgz 28259ms (cache miss)
8033 http fetch GET 200 https://registry.npmjs.org/balanced-match/-/balanced-match-4.0.4.tgz 28220ms (cache miss)
8034 http fetch GET 200 https://registry.npmjs.org/node-domexception/-/node-domexception-1.0.0.tgz 28241ms (cache miss)
8035 http fetch GET 200 https://registry.npmjs.org/uid-safe/-/uid-safe-2.1.5.tgz 28224ms (cache miss)
8036 http fetch GET 200 https://registry.npmjs.org/formdata-polyfill/-/formdata-polyfill-4.0.10.tgz 28240ms (cache miss)
8037 http fetch GET 200 https://registry.npmjs.org/abbrev/-/abbrev-3.0.1.tgz 28257ms (cache miss)
8038 http fetch GET 200 https://registry.npmjs.org/fetch-blob/-/fetch-blob-3.2.0.tgz 28244ms (cache miss)
8039 http fetch GET 200 https://registry.npmjs.org/powershell-utils/-/powershell-utils-0.2.1.tgz 28867ms (cache miss)
8040 http fetch GET 200 https://registry.npmjs.org/validate-npm-package-license/-/validate-npm-package-license-3.0.4.tgz 28850ms (cache miss)
8041 http fetch GET 200 https://registry.npmjs.org/brace-expansion/-/brace-expansion-5.0.12.tgz 28826ms (cache miss)
8042 http fetch GET 200 https://registry.npmjs.org/fast-stringify/-/fast-stringify-4.0.2.tgz 28819ms (cache miss)
8043 http fetch GET 200 https://registry.npmjs.org/split2/-/split2-1.1.1.tgz 28820ms (cache miss)
8044 http fetch GET 200 https://registry.npmjs.org/data-uri-to-buffer/-/data-uri-to-buffer-4.0.1.tgz 28855ms (cache miss)
8045 http fetch GET 200 https://registry.npmjs.org/set-error-message/-/set-error-message-2.0.1.tgz 28836ms (cache miss)
8046 http fetch GET 200 https://registry.npmjs.org/slice-ansi/-/slice-ansi-9.0.1.tgz 28848ms (cache miss)
8047 http fetch GET 200 https://registry.npmjs.org/to-regex-range/-/to-regex-range-5.0.1.tgz 28875ms (cache miss)
8048 http fetch GET 200 https://registry.npmjs.org/fill-range/-/fill-range-7.1.1.tgz 28877ms (cache miss)
8049 http fetch GET 200 https://registry.npmjs.org/normalize-exception/-/normalize-exception-3.0.0.tgz 28895ms (cache miss)
8050 http fetch GET 200 https://registry.npmjs.org/color-convert/-/color-convert-3.1.3.tgz 30180ms (cache miss)
8051 http fetch GET 200 https://registry.npmjs.org/streamx/-/streamx-2.28.1.tgz 29760ms (cache miss)
8052 http fetch GET 200 https://registry.npmjs.org/estraverse/-/estraverse-5.3.0.tgz 29342ms (cache miss)
8053 http fetch GET 200 https://registry.npmjs.org/is-error-instance/-/is-error-instance-2.0.0.tgz 29378ms (cache miss)
8054 http fetch GET 200 https://registry.npmjs.org/std-env/-/std-env-4.3.0.tgz 29434ms (cache miss)
8055 http fetch GET 200 https://registry.npmjs.org/get-port-please/-/get-port-please-3.2.0.tgz 29428ms (cache miss)
8056 http fetch GET 200 https://registry.npmjs.org/through2/-/through2-2.0.5.tgz 29542ms (cache miss)
8057 http fetch GET 200 https://registry.npmjs.org/tinyclip/-/tinyclip-0.1.15.tgz 29534ms (cache miss)
8058 http fetch GET 200 https://registry.npmjs.org/crc-32/-/crc-32-1.2.2.tgz 30960ms (cache miss)
8059 http fetch GET 200 https://registry.npmjs.org/buffer-equal-constant-time/-/buffer-equal-constant-time-1.0.1.tgz 30196ms (cache miss)
8060 http fetch GET 200 https://registry.npmjs.org/http-shutdown/-/http-shutdown-1.2.2.tgz 30205ms (cache miss)
8061 http fetch GET 200 https://registry.npmjs.org/jwa/-/jwa-2.0.1.tgz 30190ms (cache miss)
8062 http fetch GET 200 https://registry.npmjs.org/lodash.isnumber/-/lodash.isnumber-3.0.3.tgz 30189ms (cache miss)
8063 http fetch GET 200 https://registry.npmjs.org/mimic-fn/-/mimic-fn-4.0.0.tgz 30208ms (cache miss)
8064 http fetch GET 200 https://registry.npmjs.org/lodash.isstring/-/lodash.isstring-4.0.1.tgz 30194ms (cache miss)
8065 http fetch GET 200 https://registry.npmjs.org/lodash.once/-/lodash.once-4.1.1.tgz 30198ms (cache miss)
8066 http fetch GET 200 https://registry.npmjs.org/lodash.isinteger/-/lodash.isinteger-4.0.4.tgz 30188ms (cache miss)
8067 http fetch GET 200 https://registry.npmjs.org/lodash.isboolean/-/lodash.isboolean-3.0.3.tgz 30228ms (cache miss)
8068 http fetch GET 200 https://registry.npmjs.org/jws/-/jws-4.0.1.tgz 30224ms (cache miss)
8069 http fetch GET 200 https://registry.npmjs.org/cookie-es/-/cookie-es-1.2.3.tgz 30151ms (cache miss)
8070 http fetch GET 200 https://registry.npmjs.org/is-inside-container/-/is-inside-container-1.0.0.tgz 30234ms (cache miss)
8071 http fetch GET 200 https://registry.npmjs.org/lodash.includes/-/lodash.includes-4.3.0.tgz 30241ms (cache miss)
8072 http fetch GET 200 https://registry.npmjs.org/uncrypto/-/uncrypto-0.1.3.tgz 30216ms (cache miss)
8073 http fetch GET 200 https://registry.npmjs.org/is-extglob/-/is-extglob-2.1.1.tgz 30228ms (cache miss)
8074 http fetch GET 200 https://registry.npmjs.org/restore-cursor/-/restore-cursor-3.1.0.tgz 29999ms (cache miss)
8075 http fetch GET 200 https://registry.npmjs.org/defu/-/defu-6.1.7.tgz 30024ms (cache miss)
8076 http fetch GET 200 https://registry.npmjs.org/ora/-/ora-5.4.1.tgz 29833ms (cache miss)
8077 http fetch GET 200 https://registry.npmjs.org/destr/-/destr-2.0.5.tgz 30026ms (cache miss)
8078 http fetch GET 200 https://registry.npmjs.org/cli-cursor/-/cli-cursor-3.1.0.tgz 29790ms (cache miss)
8079 http fetch GET 200 https://registry.npmjs.org/run-async/-/run-async-2.4.1.tgz 29867ms (cache miss)
8080 http fetch GET 200 https://registry.npmjs.org/module-details-from-path/-/module-details-from-path-1.0.4.tgz 29778ms (cache miss)
8081 http fetch GET 200 https://registry.npmjs.org/agent-base/-/agent-base-8.0.0.tgz 29749ms (cache miss)
8082 http fetch GET 200 https://registry.npmjs.org/citty/-/citty-0.1.6.tgz 30040ms (cache miss)
8083 http fetch GET 200 https://registry.npmjs.org/cli-width/-/cli-width-3.0.0.tgz 29813ms (cache miss)
8084 http fetch GET 200 https://registry.npmjs.org/safer-buffer/-/safer-buffer-2.1.2.tgz 29770ms (cache miss)
8085 http fetch GET 200 https://registry.npmjs.org/is-plain-object/-/is-plain-object-5.1.0.tgz 29737ms (cache miss)
8086 http fetch GET 200 https://registry.npmjs.org/@types/http-proxy/-/http-proxy-1.17.17.tgz 29751ms (cache miss)
8087 http fetch GET 200 https://registry.npmjs.org/toidentifier/-/toidentifier-1.0.1.tgz 29678ms (cache miss)
8088 http fetch GET 200 https://registry.npmjs.org/requires-port/-/requires-port-1.0.0.tgz 29709ms (cache miss)
8089 http fetch GET 200 https://registry.npmjs.org/unix-dgram/-/unix-dgram-2.0.7.tgz 29678ms (cache miss)
8090 http fetch GET 200 https://registry.npmjs.org/setprototypeof/-/setprototypeof-1.2.0.tgz 29671ms (cache miss)
8091 http fetch GET 200 https://registry.npmjs.org/is-glob/-/is-glob-4.0.3.tgz 29670ms (cache miss)
8092 http fetch GET 200 https://registry.npmjs.org/@inquirer/external-editor/-/external-editor-1.0.3.tgz 29827ms (cache miss)
8093 http fetch GET 200 https://registry.npmjs.org/follow-redirects/-/follow-redirects-1.16.0.tgz 29711ms (cache miss)
8094 http fetch GET 200 https://registry.npmjs.org/safe-regex2/-/safe-regex2-5.1.1.tgz 29621ms (cache miss)
8095 http fetch GET 200 https://registry.npmjs.org/@sec-ant/readable-stream/-/readable-stream-0.4.1.tgz 29653ms (cache miss)
8096 http fetch GET 200 https://registry.npmjs.org/ini/-/ini-1.3.8.tgz 29647ms (cache miss)
8097 http fetch GET 200 https://registry.npmjs.org/unicorn-magic/-/unicorn-magic-0.3.0.tgz 29641ms (cache miss)
8098 http fetch GET 200 https://registry.npmjs.org/from2/-/from2-2.3.0.tgz 29644ms (cache miss)
8099 http fetch GET 200 https://registry.npmjs.org/is-unicode-supported/-/is-unicode-supported-2.1.0.tgz 29629ms (cache miss)
8100 http fetch GET 200 https://registry.npmjs.org/inherits/-/inherits-2.0.4.tgz 29659ms (cache miss)
8101 http fetch GET 200 https://registry.npmjs.org/fast-querystring/-/fast-querystring-1.1.2.tgz 29650ms (cache miss)
8102 http fetch GET 200 https://registry.npmjs.org/@fastify/merge-json-schemas/-/merge-json-schemas-0.2.1.tgz 29630ms (cache miss)
8103 http fetch GET 200 https://registry.npmjs.org/secure-json-parse/-/secure-json-parse-4.1.0.tgz 29618ms (cache miss)
8104 http fetch GET 200 https://registry.npmjs.org/reusify/-/reusify-1.1.0.tgz 29647ms (cache miss)
8105 http fetch GET 200 https://registry.npmjs.org/toad-cache/-/toad-cache-3.7.4.tgz 29631ms (cache miss)
8106 http fetch GET 200 https://registry.npmjs.org/ipaddr.js/-/ipaddr.js-2.5.0.tgz 29646ms (cache miss)
8107 http fetch GET 200 https://registry.npmjs.org/untun/-/untun-0.2.2.tgz 30957ms (cache miss)
8108 http fetch GET 200 https://registry.npmjs.org/set-cookie-parser/-/set-cookie-parser-2.7.2.tgz 30953ms (cache miss)
8109 http fetch GET 200 https://registry.npmjs.org/whatwg-url/-/whatwg-url-5.0.0.tgz 32514ms (cache miss)
8110 http fetch GET 200 https://registry.npmjs.org/@fastify/forwarded/-/forwarded-3.0.2.tgz 30495ms (cache miss)
8111 http fetch GET 200 https://registry.npmjs.org/postgres-bytea/-/postgres-bytea-1.0.1.tgz 30458ms (cache miss)
8112 http fetch GET 200 https://registry.npmjs.org/@fastify/proxy-addr/-/proxy-addr-5.1.1.tgz 30465ms (cache miss)
8113 http fetch GET 200 https://registry.npmjs.org/run-parallel/-/run-parallel-1.2.0.tgz 30437ms (cache miss)
8114 http fetch GET 200 https://registry.npmjs.org/@nodelib/fs.scandir/-/fs.scandir-2.1.5.tgz 30458ms (cache miss)
8115 http fetch GET 200 https://registry.npmjs.org/merge2/-/merge2-1.4.1.tgz 30452ms (cache miss)
8116 http fetch GET 200 https://registry.npmjs.org/abstract-logging/-/abstract-logging-2.0.1.tgz 30483ms (cache miss)
8117 http fetch GET 200 https://registry.npmjs.org/glob-parent/-/glob-parent-5.1.2.tgz 30453ms (cache miss)
8118 http fetch GET 200 https://registry.npmjs.org/dequal/-/dequal-2.0.3.tgz 30543ms (cache miss)
8119 http fetch GET 200 https://registry.npmjs.org/fast-string-truncated-width/-/fast-string-truncated-width-3.0.3.tgz 30479ms (cache miss)
8120 http fetch GET 200 https://registry.npmjs.org/@dependents/detective-less/-/detective-less-5.0.3.tgz 30487ms (cache miss)
8121 http fetch GET 200 https://registry.npmjs.org/@nodelib/fs.walk/-/fs.walk-1.2.8.tgz 30642ms (cache miss)
8122 http fetch GET 200 https://registry.npmjs.org/which-collection/-/which-collection-1.0.2.tgz 32827ms (cache miss)
8123 http fetch GET 200 https://registry.npmjs.org/is-finalizationregistry/-/is-finalizationregistry-1.1.1.tgz 32910ms (cache miss)
8124 http fetch GET 200 https://registry.npmjs.org/radix3/-/radix3-1.1.2.tgz 31729ms (cache miss)
8125 http fetch GET 200 https://registry.npmjs.org/mute-stream/-/mute-stream-0.0.8.tgz 31334ms (cache miss)
8126 http fetch GET 200 https://registry.npmjs.org/on-headers/-/on-headers-1.1.0.tgz 31040ms (cache miss)
8127 http fetch GET 200 https://registry.npmjs.org/@nodelib/fs.stat/-/fs.stat-2.0.5.tgz 31051ms (cache miss)
8128 http fetch GET 200 https://registry.npmjs.org/vary/-/vary-1.1.2.tgz 31035ms (cache miss)
8129 http fetch GET 200 https://registry.npmjs.org/statuses/-/statuses-2.0.2.tgz 31048ms (cache miss)
8130 http fetch GET 200 https://registry.npmjs.org/serve-static/-/serve-static-2.2.1.tgz 31037ms (cache miss)
8131 http fetch GET 200 https://registry.npmjs.org/proxy-addr/-/proxy-addr-2.0.8.tgz 31036ms (cache miss)
8132 http fetch GET 200 https://registry.npmjs.org/send/-/send-1.2.1.tgz 31337ms (cache miss)
8133 http fetch GET 200 https://registry.npmjs.org/bytes/-/bytes-3.1.2.tgz 31381ms (cache miss)
8134 http fetch GET 200 https://registry.npmjs.org/type-is/-/type-is-2.1.0.tgz 31399ms (cache miss)
8135 http fetch GET 200 https://registry.npmjs.org/bare-stream/-/bare-stream-2.13.4.tgz 33531ms (cache miss)
8136 http fetch GET 200 https://registry.npmjs.org/encodeurl/-/encodeurl-2.0.0.tgz 32045ms (cache miss)
8137 http fetch GET 200 https://registry.npmjs.org/fresh/-/fresh-2.0.0.tgz 32075ms (cache miss)
8138 http fetch GET 200 https://registry.npmjs.org/parseurl/-/parseurl-1.3.3.tgz 32098ms (cache miss)
8139 http fetch GET 200 https://registry.npmjs.org/on-finished/-/on-finished-2.4.1.tgz 32095ms (cache miss)
8140 http fetch GET 200 https://registry.npmjs.org/once/-/once-1.4.0.tgz 32110ms (cache miss)
8141 http fetch GET 200 https://registry.npmjs.org/cookie-signature/-/cookie-signature-1.2.2.tgz 32102ms (cache miss)
8142 http fetch GET 200 https://registry.npmjs.org/merge-descriptors/-/merge-descriptors-2.0.0.tgz 32128ms (cache miss)
8143 http fetch GET 200 https://registry.npmjs.org/shebang-command/-/shebang-command-2.0.0.tgz 32136ms (cache miss)
8144 http fetch GET 200 https://registry.npmjs.org/depd/-/depd-2.0.0.tgz 32164ms (cache miss)
8145 http fetch GET 200 https://registry.npmjs.org/finalhandler/-/finalhandler-2.1.1.tgz 32187ms (cache miss)
8146 http fetch GET 200 https://registry.npmjs.org/accepts/-/accepts-2.0.0.tgz 32232ms (cache miss)
8147 http fetch GET 200 https://registry.npmjs.org/safe-buffer/-/safe-buffer-5.2.1.tgz 33463ms (cache miss)
8148 http fetch GET 200 https://registry.npmjs.org/@jridgewell/resolve-uri/-/resolve-uri-3.1.2.tgz 34559ms (cache miss)
8149 http fetch GET 200 https://registry.npmjs.org/body-parser/-/body-parser-2.3.0.tgz 32945ms (cache miss)
8150 http fetch GET 200 https://registry.npmjs.org/path-key/-/path-key-3.1.1.tgz 32945ms (cache miss)
8151 http fetch GET 200 https://registry.npmjs.org/which/-/which-2.0.2.tgz 32944ms (cache miss)
8152 http fetch GET 200 https://registry.npmjs.org/signal-exit/-/signal-exit-3.0.7.tgz 32939ms (cache miss)
8153 http fetch GET 200 https://registry.npmjs.org/merge-stream/-/merge-stream-2.0.0.tgz 32902ms (cache miss)
8154 http fetch GET 200 https://registry.npmjs.org/npm-run-path/-/npm-run-path-4.0.1.tgz 32911ms (cache miss)
8155 http fetch GET 200 https://registry.npmjs.org/cross-spawn/-/cross-spawn-7.0.6.tgz 32899ms (cache miss)
8156 http fetch GET 200 https://registry.npmjs.org/stackframe/-/stackframe-1.3.4.tgz 32914ms (cache miss)
8157 http fetch GET 200 https://registry.npmjs.org/strip-final-newline/-/strip-final-newline-2.0.0.tgz 32978ms (cache miss)
8158 http fetch GET 200 https://registry.npmjs.org/onetime/-/onetime-5.1.2.tgz 32948ms (cache miss)
8159 http fetch GET 200 https://registry.npmjs.org/is-number-object/-/is-number-object-1.1.1.tgz 35236ms (cache miss)
8160 http fetch GET 200 https://registry.npmjs.org/has-bigints/-/has-bigints-1.1.0.tgz 35144ms (cache miss)
8161 http fetch GET 200 https://registry.npmjs.org/is-weakmap/-/is-weakmap-2.0.2.tgz 35295ms (cache miss)
8162 http fetch GET 200 https://registry.npmjs.org/is-safe-filename/-/is-safe-filename-0.1.1.tgz 33644ms (cache miss)
8163 http fetch GET 200 https://registry.npmjs.org/strip-ansi/-/strip-ansi-6.0.1.tgz 33643ms (cache miss)
8164 http fetch GET 200 https://registry.npmjs.org/callsite/-/callsite-1.0.0.tgz 33656ms (cache miss)
8165 http fetch GET 200 https://registry.npmjs.org/ms/-/ms-2.1.3.tgz 33663ms (cache miss)
8166 http fetch GET 200 https://registry.npmjs.org/p-event/-/p-event-6.0.1.tgz 33658ms (cache miss)
8167 http fetch GET 200 https://registry.npmjs.org/array-timsort/-/array-timsort-1.0.3.tgz 33660ms (cache miss)
8168 http fetch GET 200 https://registry.npmjs.org/ansi-colors/-/ansi-colors-4.1.3.tgz 33680ms (cache miss)
8169 http fetch GET 200 https://registry.npmjs.org/lodash.isempty/-/lodash.isempty-4.4.0.tgz 33662ms (cache miss)
8170 http fetch GET 200 https://registry.npmjs.org/@fastify/fast-json-stringify-compiler/-/fast-json-stringify-compiler-5.1.0.tgz 33676ms (cache miss)
8171 http fetch GET 200 https://registry.npmjs.org/lodash.isplainobject/-/lodash.isplainobject-4.0.6.tgz 33685ms (cache miss)
8172 http fetch GET 200 https://registry.npmjs.org/y18n/-/y18n-5.0.8.tgz 36320ms (cache miss)
8173 http fetch GET 200 https://registry.npmjs.org/bare-events/-/bare-events-2.9.2.tgz 35819ms (cache miss)
8174 http fetch GET 200 https://registry.npmjs.org/functions-have-names/-/functions-have-names-1.2.3.tgz 35712ms (cache miss)
8175 http fetch GET 200 https://registry.npmjs.org/escodegen/-/escodegen-2.1.0.tgz 35351ms (cache miss)
8176 http fetch GET 200 https://registry.npmjs.org/widest-line/-/widest-line-5.0.0.tgz 35015ms (cache miss)
8177 http fetch GET 200 https://registry.npmjs.org/string-width/-/string-width-7.2.0.tgz 35032ms (cache miss)
8178 http fetch GET 200 https://registry.npmjs.org/cli-boxes/-/cli-boxes-3.0.0.tgz 35075ms (cache miss)
8179 http fetch GET 200 https://registry.npmjs.org/picocolors/-/picocolors-1.1.1.tgz 35098ms (cache miss)
8180 http fetch GET 200 https://registry.npmjs.org/file-uri-to-path/-/file-uri-to-path-1.0.0.tgz 35135ms (cache miss)
8181 http fetch GET 200 https://registry.npmjs.org/leven/-/leven-3.1.0.tgz 35149ms (cache miss)
8182 http fetch GET 200 https://registry.npmjs.org/js-tokens/-/js-tokens-4.0.0.tgz 35146ms (cache miss)
8183 http fetch GET 200 https://registry.npmjs.org/ansi-align/-/ansi-align-3.0.1.tgz 35174ms (cache miss)
8184 http fetch GET 200 https://registry.npmjs.org/quick-format-unescaped/-/quick-format-unescaped-4.0.4.tgz 36631ms (cache miss)
8185 http fetch GET 200 https://registry.npmjs.org/which-boxed-primitive/-/which-boxed-primitive-1.1.1.tgz 37639ms (cache miss)
8186 http fetch GET 200 https://registry.npmjs.org/has-property-descriptors/-/has-property-descriptors-1.0.2.tgz 37028ms (cache miss)
8187 http fetch GET 200 https://registry.npmjs.org/range-parser/-/range-parser-1.3.0.tgz 36267ms (cache miss)
8188 http fetch GET 200 https://registry.npmjs.org/precond/-/precond-0.2.3.tgz 36200ms (cache miss)
8189 http fetch GET 200 https://registry.npmjs.org/@babel/code-frame/-/code-frame-7.29.7.tgz 36207ms (cache miss)
8190 http fetch GET 200 https://registry.npmjs.org/when-exit/-/when-exit-2.1.5.tgz 36215ms (cache miss)
8191 http fetch GET 200 https://registry.npmjs.org/zip-stream/-/zip-stream-7.0.5.tgz 36225ms (cache miss)
8192 http fetch GET 200 https://registry.npmjs.org/readdir-glob/-/readdir-glob-3.0.0.tgz 36240ms (cache miss)
8193 http fetch GET 200 https://registry.npmjs.org/jsonpointer/-/jsonpointer-5.0.1.tgz 36264ms (cache miss)
8194 http fetch GET 200 https://registry.npmjs.org/stubborn-fs/-/stubborn-fs-2.0.0.tgz 36276ms (cache miss)
8195 http fetch GET 200 https://registry.npmjs.org/is-async-function/-/is-async-function-2.1.1.tgz 38637ms (cache miss)
8196 http fetch GET 200 https://registry.npmjs.org/is-boolean-object/-/is-boolean-object-1.2.2.tgz 38654ms (cache miss)
8197 http fetch GET 200 https://registry.npmjs.org/buffer/-/buffer-5.7.1.tgz 37640ms (cache miss)
8198 http fetch GET 200 https://registry.npmjs.org/es-set-tostringtag/-/es-set-tostringtag-2.1.0.tgz 38024ms (cache miss)
8199 http fetch GET 200 https://registry.npmjs.org/get-intrinsic/-/get-intrinsic-1.3.0.tgz 38001ms (cache miss)
8200 http fetch GET 200 https://registry.npmjs.org/tinyglobby/-/tinyglobby-0.2.17.tgz 37932ms (cache miss)
8201 http fetch GET 200 https://registry.npmjs.org/lodash.transform/-/lodash.transform-4.6.0.tgz 36967ms (cache miss)
8202 http fetch GET 200 https://registry.npmjs.org/json-schema-traverse/-/json-schema-traverse-1.0.0.tgz 36913ms (cache miss)
8203 http fetch GET 200 https://registry.npmjs.org/require-from-string/-/require-from-string-2.0.2.tgz 36936ms (cache miss)
8204 http fetch GET 200 https://registry.npmjs.org/environment/-/environment-1.1.0.tgz 36951ms (cache miss)
8205 http fetch GET 200 https://registry.npmjs.org/buffer-crc32/-/buffer-crc32-1.0.0.tgz 37045ms (cache miss)
8206 http fetch GET 200 https://registry.npmjs.org/is-map/-/is-map-2.0.3.tgz 39596ms (cache miss)
8207 http fetch GET 200 https://registry.npmjs.org/esutils/-/esutils-2.0.3.tgz 38934ms (cache miss)
8208 http fetch GET 200 https://registry.npmjs.org/wrap-ansi/-/wrap-ansi-9.0.2.tgz 37862ms (cache miss)
8209 http fetch GET 200 https://registry.npmjs.org/camelcase/-/camelcase-8.0.0.tgz 37851ms (cache miss)
8210 http fetch GET 200 https://registry.npmjs.org/lazystream/-/lazystream-1.0.1.tgz 37842ms (cache miss)
8211 http fetch GET 200 https://registry.npmjs.org/@types/estree/-/estree-1.0.9.tgz 37791ms (cache miss)
8212 http fetch GET 200 https://registry.npmjs.org/detect-libc/-/detect-libc-2.1.2.tgz 37787ms (cache miss)
8213 http fetch GET 200 https://registry.npmjs.org/@whatwg-node/promise-helpers/-/promise-helpers-1.3.2.tgz 37843ms (cache miss)
8214 http fetch GET 200 https://registry.npmjs.org/@whatwg-node/disposablestack/-/disposablestack-0.0.6.tgz 37836ms (cache miss)
8215 http fetch GET 200 https://registry.npmjs.org/fast-deep-equal/-/fast-deep-equal-3.1.3.tgz 37889ms (cache miss)
8216 http fetch GET 200 https://registry.npmjs.org/is-weakset/-/is-weakset-2.0.4.tgz 40297ms (cache miss)
8217 http fetch GET 200 https://registry.npmjs.org/which-typed-array/-/which-typed-array-1.1.24.tgz 39807ms (cache miss)
8218 http fetch GET 200 https://registry.npmjs.org/is-callable/-/is-callable-1.2.7.tgz 39692ms (cache miss)
8219 http fetch GET 200 https://registry.npmjs.org/@humanwhocodes/momoa/-/momoa-2.0.4.tgz 38502ms (cache miss)
8220 http fetch GET 200 https://registry.npmjs.org/resolve-from/-/resolve-from-5.0.0.tgz 38358ms (cache miss)
8221 http fetch GET 200 https://registry.npmjs.org/bindings/-/bindings-1.5.0.tgz 38345ms (cache miss)
8222 http fetch GET 200 https://registry.npmjs.org/node-gyp-build/-/node-gyp-build-4.8.4.tgz 38375ms (cache miss)
8223 http fetch GET 200 https://registry.npmjs.org/@rollup/pluginutils/-/pluginutils-5.4.0.tgz 38327ms (cache miss)
8224 http fetch GET 200 https://registry.npmjs.org/async-sema/-/async-sema-3.1.1.tgz 38349ms (cache miss)
8225 http fetch GET 200 https://registry.npmjs.org/@whatwg-node/fetch/-/fetch-0.10.13.tgz 38451ms (cache miss)
8226 http fetch GET 200 https://registry.npmjs.org/acorn-import-attributes/-/acorn-import-attributes-1.9.5.tgz 38358ms (cache miss)
8227 http fetch GET 200 https://registry.npmjs.org/@envelop/instrumentation/-/instrumentation-1.0.1.tgz 38444ms (cache miss)
8228 http fetch GET 200 https://registry.npmjs.org/typed-array-byte-offset/-/typed-array-byte-offset-1.0.5.tgz 40334ms (cache miss)
8229 http fetch GET 200 https://registry.npmjs.org/typed-array-byte-length/-/typed-array-byte-length-1.0.3.tgz 40332ms (cache miss)
8230 http fetch GET 200 https://registry.npmjs.org/hasown/-/hasown-2.0.4.tgz 40109ms (cache miss)
8231 http fetch GET 200 https://registry.npmjs.org/untildify/-/untildify-4.0.0.tgz 38665ms (cache miss)
8232 http fetch GET 200 https://registry.npmjs.org/is-weakref/-/is-weakref-1.1.1.tgz 40607ms (cache miss)
8233 http fetch GET 200 https://registry.npmjs.org/@cspotcode/source-map-support/-/source-map-support-0.8.1.tgz 40972ms (cache miss)
8234 http fetch GET 200 https://registry.npmjs.org/is-string/-/is-string-1.1.1.tgz 40612ms (cache miss)
8235 http fetch GET 200 https://registry.npmjs.org/is-regex/-/is-regex-1.2.1.tgz 40604ms (cache miss)
8236 http fetch GET 200 https://registry.npmjs.org/supports-preserve-symlinks-flag/-/supports-preserve-symlinks-flag-1.0.0.tgz 40475ms (cache miss)
8237 http fetch GET 200 https://registry.npmjs.org/@opentelemetry/context-async-hooks/-/context-async-hooks-2.10.0.tgz 39077ms (cache miss)
8238 http fetch GET 200 https://registry.npmjs.org/before-after-hook/-/before-after-hook-4.0.0.tgz 39064ms (cache miss)
8239 http fetch GET 200 https://registry.npmjs.org/universal-user-agent/-/universal-user-agent-7.0.3.tgz 39089ms (cache miss)
8240 http fetch GET 200 https://registry.npmjs.org/side-channel-map/-/side-channel-map-1.0.1.tgz 41294ms (cache miss)
8241 http fetch GET 200 https://registry.npmjs.org/side-channel-weakmap/-/side-channel-weakmap-1.0.2.tgz 41318ms (cache miss)
8242 http fetch GET 200 https://registry.npmjs.org/typed-array-length/-/typed-array-length-1.0.8.tgz 41211ms (cache miss)
8243 http fetch GET 200 https://registry.npmjs.org/call-bound/-/call-bound-1.0.4.tgz 41023ms (cache miss)
8244 http fetch GET 200 https://registry.npmjs.org/@octokit/plugin-request-log/-/plugin-request-log-6.0.0.tgz 39674ms (cache miss)
8245 http fetch GET 200 https://registry.npmjs.org/@octokit/request-error/-/request-error-7.1.2.tgz 39676ms (cache miss)
8246 http fetch GET 200 https://registry.npmjs.org/@octokit/core/-/core-7.0.8.tgz 39667ms (cache miss)
8247 http fetch GET 200 https://registry.npmjs.org/precinct/-/precinct-12.3.2.tgz 39660ms (cache miss)
8248 http fetch GET 200 https://registry.npmjs.org/@babel/helper-validator-identifier/-/helper-validator-identifier-7.29.7.tgz 39672ms (cache miss)
8249 http fetch GET 200 https://registry.npmjs.org/@octokit/auth-token/-/auth-token-6.0.0.tgz 39686ms (cache miss)
8250 http fetch GET 200 https://registry.npmjs.org/require-package-name/-/require-package-name-2.0.1.tgz 39665ms (cache miss)
8251 http fetch GET 200 https://registry.npmjs.org/@babel/helper-string-parser/-/helper-string-parser-7.29.7.tgz 39697ms (cache miss)
8252 http fetch GET 200 https://registry.npmjs.org/is-date-object/-/is-date-object-1.1.0.tgz 41804ms (cache miss)
8253 http fetch GET 200 https://registry.npmjs.org/unbox-primitive/-/unbox-primitive-1.1.0.tgz 41801ms (cache miss)
8254 http fetch GET 200 https://registry.npmjs.org/data-view-buffer/-/data-view-buffer-1.0.2.tgz 41607ms (cache miss)
8255 http fetch GET 200 https://registry.npmjs.org/normalize-path/-/normalize-path-3.0.0.tgz 40146ms (cache miss)
8256 http fetch GET 200 https://registry.npmjs.org/copy-file/-/copy-file-11.1.0.tgz 40141ms (cache miss)
8257 http fetch GET 200 https://registry.npmjs.org/is-path-inside/-/is-path-inside-4.0.0.tgz 40189ms (cache miss)
8258 http fetch GET 200 https://registry.npmjs.org/archiver/-/archiver-8.0.0.tgz 40192ms (cache miss)
8259 http fetch GET 200 https://registry.npmjs.org/path-exists/-/path-exists-5.0.0.tgz 40227ms (cache miss)
8260 http fetch GET 200 https://registry.npmjs.org/for-each/-/for-each-0.3.5.tgz 42781ms (cache miss)
8261 http fetch GET 200 https://registry.npmjs.org/unixify/-/unixify-1.0.0.tgz 40332ms (cache miss)
8262 http fetch GET 200 https://registry.npmjs.org/triple-beam/-/triple-beam-1.4.1.tgz 43032ms (cache miss)
8263 http fetch GET 200 https://registry.npmjs.org/is-symbol/-/is-symbol-1.1.1.tgz 42510ms (cache miss)
8264 http fetch GET 200 https://registry.npmjs.org/escape-string-regexp/-/escape-string-regexp-5.0.0.tgz 40806ms (cache miss)
8265 http fetch GET 200 https://registry.npmjs.org/async-function/-/async-function-1.0.0.tgz 43492ms (cache miss)
8266 http fetch GET 200 https://registry.npmjs.org/side-channel-list/-/side-channel-list-1.0.1.tgz 43068ms (cache miss)
8267 http fetch GET 200 https://registry.npmjs.org/define-data-property/-/define-data-property-1.1.4.tgz 42748ms (cache miss)
8268 http fetch GET 200 https://registry.npmjs.org/@vue/shared/-/shared-3.5.43.tgz 42659ms (cache miss)
8269 http fetch GET 200 https://registry.npmjs.org/tinyexec/-/tinyexec-1.3.1.tgz 43446ms (cache miss)
8270 http fetch GET 200 https://registry.npmjs.org/parse-imports/-/parse-imports-2.2.1.tgz 43449ms (cache miss)
8271 http fetch GET 200 https://registry.npmjs.org/@netlify/functions/-/functions-6.0.1.tgz 43530ms (cache miss)
8272 http fetch GET 200 https://registry.npmjs.org/require-in-the-middle/-/require-in-the-middle-8.0.1.tgz 43696ms (cache miss)
8273 http fetch GET 200 https://registry.npmjs.org/hosted-git-info/-/hosted-git-info-8.1.0.tgz 45174ms (cache miss)
8274 http fetch GET 200 https://registry.npmjs.org/ecdsa-sig-formatter/-/ecdsa-sig-formatter-1.0.11.tgz 45078ms (cache miss)
8275 http fetch GET 200 https://registry.npmjs.org/generator-function/-/generator-function-2.0.1.tgz 46299ms (cache miss)
8276 http fetch GET 200 https://registry.npmjs.org/object-keys/-/object-keys-1.1.1.tgz 45534ms (cache miss)
8277 http fetch GET 200 https://registry.npmjs.org/is-negative-zero/-/is-negative-zero-2.0.3.tgz 45683ms (cache miss)
8278 http fetch GET 200 https://registry.npmjs.org/es-define-property/-/es-define-property-1.0.1.tgz 45517ms (cache miss)
8279 http fetch GET 200 https://registry.npmjs.org/@netlify/types/-/types-3.1.0.tgz 43986ms (cache miss)
8280 http fetch GET 200 https://registry.npmjs.org/p-retry/-/p-retry-6.2.1.tgz 43979ms (cache miss)
8281 http fetch GET 200 https://registry.npmjs.org/ajv-errors/-/ajv-errors-3.0.0.tgz 43950ms (cache miss)
8282 http fetch GET 200 https://registry.npmjs.org/common-path-prefix/-/common-path-prefix-3.0.0.tgz 43975ms (cache miss)
8283 http fetch GET 200 https://registry.npmjs.org/node-stream-zip/-/node-stream-zip-1.16.0.tgz 43991ms (cache miss)
8284 http fetch GET 200 https://registry.npmjs.org/atomically/-/atomically-2.1.1.tgz 45758ms (cache miss)
8285 http fetch GET 200 https://registry.npmjs.org/dettle/-/dettle-1.0.5.tgz 45747ms (cache miss)
8286 http fetch GET 200 https://registry.npmjs.org/parse-gitignore/-/parse-gitignore-2.0.0.tgz 45805ms (cache miss)
8287 http fetch GET 200 https://registry.npmjs.org/validate-npm-package-name/-/validate-npm-package-name-5.0.1.tgz 45713ms (cache miss)
8288 http fetch GET 200 https://registry.npmjs.org/empathic/-/empathic-2.1.0.tgz 45809ms (cache miss)
8289 http fetch GET 200 https://registry.npmjs.org/@netlify/runtime/-/runtime-5.0.6.tgz 45750ms (cache miss)
8290 http fetch GET 200 https://registry.npmjs.org/gopd/-/gopd-1.2.0.tgz 47885ms (cache miss)
8291 http fetch GET 200 https://registry.npmjs.org/@netlify/headers/-/headers-3.0.2.tgz 45983ms (cache miss)
8292 http fetch GET 200 https://registry.npmjs.org/@netlify/redirects/-/redirects-4.0.3.tgz 45994ms (cache miss)
8293 http fetch GET 200 https://registry.npmjs.org/path-type/-/path-type-6.0.0.tgz 45970ms (cache miss)
8294 http fetch GET 200 https://registry.npmjs.org/map-obj/-/map-obj-5.0.2.tgz 45966ms (cache miss)
8295 http fetch GET 200 https://registry.npmjs.org/p-locate/-/p-locate-6.0.0.tgz 45974ms (cache miss)
8296 http fetch GET 200 https://registry.npmjs.org/is-plain-obj/-/is-plain-obj-4.1.0.tgz 45970ms (cache miss)
8297 http fetch GET 200 https://registry.npmjs.org/@netlify/static/-/static-4.0.0.tgz 46031ms (cache miss)
8298 http fetch GET 200 https://registry.npmjs.org/filter-obj/-/filter-obj-6.1.0.tgz 45984ms (cache miss)
8299 http fetch GET 200 https://registry.npmjs.org/@typescript-eslint/visitor-keys/-/visitor-keys-8.71.0.tgz 48418ms (cache miss)
8300 http fetch GET 200 https://registry.npmjs.org/mime-db/-/mime-db-1.54.0.tgz 48202ms (cache miss)
8301 http fetch GET 200 https://registry.npmjs.org/is-set/-/is-set-2.0.3.tgz 48705ms (cache miss)
8302 http fetch GET 200 https://registry.npmjs.org/get-stream/-/get-stream-9.0.1.tgz 46536ms (cache miss)
8303 http fetch GET 200 https://registry.npmjs.org/@netlify/functions-dev/-/functions-dev-2.0.9.tgz 46584ms (cache miss)
8304 http fetch GET 200 https://registry.npmjs.org/@netlify/database-dev/-/database-dev-1.0.1.tgz 46574ms (cache miss)
8305 http fetch GET 200 https://registry.npmjs.org/junk/-/junk-4.0.1.tgz 46543ms (cache miss)
8306 http fetch GET 200 https://registry.npmjs.org/fast-safe-stringify/-/fast-safe-stringify-2.1.1.tgz 46560ms (cache miss)
8307 http fetch GET 200 https://registry.npmjs.org/read-pkg/-/read-pkg-9.0.1.tgz 46538ms (cache miss)
8308 http fetch GET 200 https://registry.npmjs.org/byline/-/byline-5.0.0.tgz 46540ms (cache miss)
8309 http fetch GET 200 https://registry.npmjs.org/pump/-/pump-3.0.4.tgz 46560ms (cache miss)
8310 http fetch GET 200 https://registry.npmjs.org/lockparse/-/lockparse-0.5.2.tgz 46577ms (cache miss)
8311 http fetch GET 200 https://registry.npmjs.org/micromatch/-/micromatch-4.0.8.tgz 47649ms (cache miss)
8312 http fetch GET 200 https://registry.npmjs.org/router/-/router-2.2.0.tgz 48229ms (cache miss)
8313 http fetch GET 200 https://registry.npmjs.org/@sindresorhus/transliterate/-/transliterate-1.6.0.tgz 47867ms (cache miss)
8314 http fetch GET 200 https://registry.npmjs.org/get-symbol-description/-/get-symbol-description-1.1.0.tgz 49646ms (cache miss)
8315 http fetch GET 200 https://registry.npmjs.org/iserror/-/iserror-0.0.2.tgz 47468ms (cache miss)
8316 http fetch GET 200 https://registry.npmjs.org/@bugsnag/safe-json-stringify/-/safe-json-stringify-6.1.0.tgz 47462ms (cache miss)
8317 http fetch GET 200 https://registry.npmjs.org/error-stack-parser/-/error-stack-parser-2.1.4.tgz 47480ms (cache miss)
8318 http fetch GET 200 https://registry.npmjs.org/stack-generator/-/stack-generator-2.0.10.tgz 47483ms (cache miss)
8319 http fetch GET 200 https://registry.npmjs.org/deepmerge/-/deepmerge-4.3.1.tgz 47571ms (cache miss)
8320 http fetch GET 200 https://registry.npmjs.org/safe-json-stringify/-/safe-json-stringify-1.2.0.tgz 48038ms (cache miss)
8321 http fetch GET 200 https://registry.npmjs.org/supports-color/-/supports-color-11.0.0.tgz 48057ms (cache miss)
8322 http fetch GET 200 https://registry.npmjs.org/rfdc/-/rfdc-1.4.1.tgz 48215ms (cache miss)
8323 http fetch GET 200 https://registry.npmjs.org/package-directory/-/package-directory-8.2.0.tgz 48213ms (cache miss)
8324 http fetch GET 200 https://registry.npmjs.org/os-name/-/os-name-6.1.0.tgz 48215ms (cache miss)
8325 http fetch GET 200 https://registry.npmjs.org/pretty-ms/-/pretty-ms-9.3.1.tgz 48227ms (cache miss)
8326 http fetch GET 200 https://registry.npmjs.org/p-reduce/-/p-reduce-3.0.0.tgz 48230ms (cache miss)
8327 http fetch GET 200 https://registry.npmjs.org/graceful-fs/-/graceful-fs-4.2.11.tgz 49183ms (cache miss)
8328 http fetch GET 200 https://registry.npmjs.org/eventemitter3/-/eventemitter3-4.0.7.tgz 49982ms (cache miss)
8329 http fetch GET 200 https://registry.npmjs.org/log-process-errors/-/log-process-errors-11.0.1.tgz 49181ms (cache miss)
8330 http fetch GET 200 https://registry.npmjs.org/memoize-one/-/memoize-one-6.0.0.tgz 49184ms (cache miss)
8331 http fetch GET 200 https://registry.npmjs.org/figures/-/figures-6.1.0.tgz 49192ms (cache miss)
8332 http fetch GET 200 https://registry.npmjs.org/indent-string/-/indent-string-5.0.0.tgz 49201ms (cache miss)
8333 http fetch GET 200 https://registry.npmjs.org/ansis/-/ansis-4.4.0.tgz 49194ms (cache miss)
8334 http fetch GET 200 https://registry.npmjs.org/fdir/-/fdir-6.5.0.tgz 49199ms (cache miss)
8335 http fetch GET 200 https://registry.npmjs.org/@sindresorhus/slugify/-/slugify-2.2.1.tgz 50045ms (cache miss)
8336 http fetch GET 200 https://registry.npmjs.org/fast-string-width/-/fast-string-width-3.0.2.tgz 50066ms (cache miss)
8337 http fetch GET 200 https://registry.npmjs.org/@netlify/plugins-list/-/plugins-list-6.81.11.tgz 50058ms (cache miss)
8338 http fetch GET 200 https://registry.npmjs.org/picoquery/-/picoquery-2.5.0.tgz 50348ms (cache miss)
8339 http fetch GET 200 https://registry.npmjs.org/@netlify/git-utils/-/git-utils-7.1.1.tgz 50375ms (cache miss)
8340 http fetch GET 200 https://registry.npmjs.org/@netlify/opentelemetry-utils/-/opentelemetry-utils-4.0.0.tgz 50374ms (cache miss)
8341 http fetch GET 200 https://registry.npmjs.org/@netlify/run-utils/-/run-utils-7.1.0.tgz 50401ms (cache miss)
8342 http fetch GET 200 https://registry.npmjs.org/@netlify/runtime-utils/-/runtime-utils-3.0.0.tgz 50384ms (cache miss)
8343 http fetch GET 200 https://registry.npmjs.org/@bugsnag/js/-/js-8.10.0.tgz 50387ms (cache miss)
8344 http fetch GET 200 https://registry.npmjs.org/@netlify/functions-utils/-/functions-utils-7.1.15.tgz 50400ms (cache miss)
8345 http fetch GET 200 https://registry.npmjs.org/@netlify/cache-utils/-/cache-utils-7.1.2.tgz 50405ms (cache miss)
8346 http fetch GET 200 https://registry.npmjs.org/mime-types/-/mime-types-3.0.2.tgz 50960ms (cache miss)
8347 http fetch GET 200 https://registry.npmjs.org/function-bind/-/function-bind-1.1.2.tgz 52886ms (cache miss)
8348 http fetch GET 200 https://registry.npmjs.org/fastify-plugin/-/fastify-plugin-6.0.0.tgz 50823ms (cache miss)
8349 http fetch GET 200 https://registry.npmjs.org/fast-decode-uri-component/-/fast-decode-uri-component-1.0.1.tgz 50847ms (cache miss)
8350 http fetch GET 200 https://registry.npmjs.org/escape-html/-/escape-html-1.0.3.tgz 50853ms (cache miss)
8351 http fetch GET 200 https://registry.npmjs.org/http-errors/-/http-errors-2.0.1.tgz 50875ms (cache miss)
8352 http fetch GET 200 https://registry.npmjs.org/set-proto/-/set-proto-1.0.0.tgz 53733ms (cache miss)
8353 http fetch GET 200 https://registry.npmjs.org/image-meta/-/image-meta-0.2.2.tgz 52893ms (cache miss)
8354 http fetch GET 200 https://registry.npmjs.org/cjs-module-lexer/-/cjs-module-lexer-2.2.1.tgz 52588ms (cache miss)
8355 http fetch GET 200 https://registry.npmjs.org/iron-webcrypto/-/iron-webcrypto-1.2.1.tgz 53063ms (cache miss)
8356 http fetch GET 200 https://registry.npmjs.org/@fastify/accept-negotiator/-/accept-negotiator-2.1.0.tgz 51528ms (cache miss)
8357 http fetch GET 200 https://registry.npmjs.org/@fastify/error/-/error-4.2.0.tgz 51545ms (cache miss)
8358 http fetch GET 200 https://registry.npmjs.org/update-notifier/-/update-notifier-7.3.1.tgz 51673ms (cache miss)
8359 http fetch GET 200 https://registry.npmjs.org/@lukeed/ms/-/ms-2.0.2.tgz 51709ms (cache miss)
8360 http fetch GET 200 https://registry.npmjs.org/terminal-link/-/terminal-link-5.0.0.tgz 51719ms (cache miss)
8361 http fetch GET 200 https://registry.npmjs.org/tar-stream/-/tar-stream-3.2.1.tgz 52765ms (cache miss)
8362 http fetch GET 200 https://registry.npmjs.org/uqr/-/uqr-0.1.3.tgz 53932ms (cache miss)
8363 http fetch GET 200 https://registry.npmjs.org/write-file-atomic/-/write-file-atomic-5.0.1.tgz 52635ms (cache miss)
8364 http fetch GET 200 https://registry.npmjs.org/raw-body/-/raw-body-4.0.0.tgz 52612ms (cache miss)
8365 http fetch GET 200 https://registry.npmjs.org/parallel-transform/-/parallel-transform-1.2.0.tgz 52613ms (cache miss)
8366 http fetch GET 200 https://registry.npmjs.org/readdirp/-/readdirp-5.1.1.tgz 52637ms (cache miss)
8367 http fetch GET 200 https://registry.npmjs.org/read-package-up/-/read-package-up-12.0.0.tgz 52637ms (cache miss)
8368 http fetch GET 200 https://registry.npmjs.org/parse-duration/-/parse-duration-2.1.9.tgz 52632ms (cache miss)
8369 http fetch GET 200 https://registry.npmjs.org/p-map/-/p-map-7.0.8.tgz 52626ms (cache miss)
8370 http fetch GET 200 https://registry.npmjs.org/bl/-/bl-4.1.0.tgz 54730ms (cache miss)
8371 http fetch GET 200 https://registry.npmjs.org/get-proto/-/get-proto-1.0.1.tgz 55109ms (cache miss)
8372 http fetch GET 200 https://registry.npmjs.org/prettyjson/-/prettyjson-1.2.5.tgz 53074ms (cache miss)
8373 http fetch GET 200 https://registry.npmjs.org/normalize-package-data/-/normalize-package-data-7.0.1.tgz 53067ms (cache miss)
8374 http fetch GET 200 https://registry.npmjs.org/p-wait-for/-/p-wait-for-6.0.0.tgz 53080ms (cache miss)
8375 http fetch GET 200 https://registry.npmjs.org/p-filter/-/p-filter-4.1.0.tgz 53089ms (cache miss)
8376 http fetch GET 200 https://registry.npmjs.org/nanospinner/-/nanospinner-1.2.2.tgz 53094ms (cache miss)
8377 http fetch GET 200 https://registry.npmjs.org/multiparty/-/multiparty-4.3.1.tgz 53087ms (cache miss)
8378 http fetch GET 200 https://registry.npmjs.org/maxstache-stream/-/maxstache-stream-1.0.4.tgz 53742ms (cache miss)
8379 http fetch GET 200 https://registry.npmjs.org/maxstache/-/maxstache-1.0.7.tgz 53753ms (cache miss)
8380 http fetch GET 200 https://registry.npmjs.org/log-update/-/log-update-8.0.0.tgz 53805ms (cache miss)
8381 http fetch GET 200 https://registry.npmjs.org/is-stream/-/is-stream-4.0.1.tgz 53806ms (cache miss)
8382 http fetch GET 200 https://registry.npmjs.org/locate-path/-/locate-path-8.0.0.tgz 53831ms (cache miss)
8383 http fetch GET 200 https://registry.npmjs.org/is-wsl/-/is-wsl-3.1.1.tgz 53835ms (cache miss)
8384 http fetch GET 200 https://registry.npmjs.org/ts-api-utils/-/ts-api-utils-2.5.0.tgz 56279ms (cache miss)
8385 http fetch GET 200 https://registry.npmjs.org/ufo/-/ufo-1.6.4.tgz 55932ms (cache miss)
8386 http fetch GET 200 https://registry.npmjs.org/inquirer-autocomplete-prompt/-/inquirer-autocomplete-prompt-1.4.0.tgz 54182ms (cache miss)
8387 http fetch GET 200 https://registry.npmjs.org/get-port/-/get-port-5.1.1.tgz 54175ms (cache miss)
8388 http fetch GET 200 https://registry.npmjs.org/gitconfiglocal/-/gitconfiglocal-2.1.0.tgz 54216ms (cache miss)
8389 http fetch GET 200 https://registry.npmjs.org/git-repo-info/-/git-repo-info-2.1.1.tgz 54220ms (cache miss)
8390 http fetch GET 200 https://registry.npmjs.org/fuzzy/-/fuzzy-0.1.3.tgz 54220ms (cache miss)
8391 http fetch GET 200 https://registry.npmjs.org/etag/-/etag-1.8.1.tgz 54248ms (cache miss)
8392 http fetch GET 200 https://registry.npmjs.org/find-up/-/find-up-8.0.0.tgz 54283ms (cache miss)
8393 http fetch GET 200 https://registry.npmjs.org/decache/-/decache-4.6.2.tgz 54267ms (cache miss)
8394 http fetch GET 200 https://registry.npmjs.org/ansi-escapes/-/ansi-escapes-7.3.0.tgz 54238ms (cache miss)
8395 http fetch GET 200 https://registry.npmjs.org/env-paths/-/env-paths-4.0.0.tgz 54308ms (cache miss)
8396 http fetch GET 200 https://registry.npmjs.org/merge-options/-/merge-options-3.0.4.tgz 54294ms (cache miss)
8397 http fetch GET 200 https://registry.npmjs.org/clean-deep/-/clean-deep-3.4.0.tgz 54306ms (cache miss)
8398 http fetch GET 200 https://registry.npmjs.org/backoff/-/backoff-2.5.0.tgz 54309ms (cache miss)
8399 http fetch GET 200 https://registry.npmjs.org/@netlify/redirect-parser/-/redirect-parser-16.1.1.tgz 54294ms (cache miss)
8400 http fetch GET 200 https://registry.npmjs.org/content-type/-/content-type-1.0.5.tgz 54346ms (cache miss)
8401 http fetch GET 200 https://registry.npmjs.org/@octokit/rest/-/rest-22.0.1.tgz 54323ms (cache miss)
8402 http fetch GET 200 https://registry.npmjs.org/boxen/-/boxen-8.0.1.tgz 54337ms (cache miss)
8403 http fetch GET 200 https://registry.npmjs.org/@netlify/images/-/images-2.0.2.tgz 54325ms (cache miss)
8404 http fetch GET 200 https://registry.npmjs.org/@netlify/local-functions-proxy/-/local-functions-proxy-2.0.3.tgz 54338ms (cache miss)
8405 http fetch GET 200 https://registry.npmjs.org/@netlify/headers-parser/-/headers-parser-10.1.1.tgz 54353ms (cache miss)
8406 http fetch GET 200 https://registry.npmjs.org/@netlify/edge-functions-bootstrap/-/edge-functions-bootstrap-3.2.0.tgz 54352ms (cache miss)
8407 http fetch GET 200 https://registry.npmjs.org/wrap-ansi/-/wrap-ansi-7.0.0.tgz 54306ms (cache miss)
8408 http fetch GET 200 https://registry.npmjs.org/string-width/-/string-width-4.2.3.tgz 54305ms (cache miss)
8409 http fetch GET 200 https://registry.npmjs.org/color-name/-/color-name-2.1.1.tgz 54310ms (cache miss)
8410 http fetch GET 200 https://registry.npmjs.org/emoji-regex/-/emoji-regex-8.0.0.tgz 54331ms (cache miss)
8411 http fetch GET 200 https://registry.npmjs.org/supports-color/-/supports-color-10.2.2.tgz 54302ms (cache miss)
8412 http fetch GET 200 https://registry.npmjs.org/graceful-fs/-/graceful-fs-4.2.10.tgz 54321ms (cache miss)
8413 http fetch GET 200 https://registry.npmjs.org/color-convert/-/color-convert-2.0.1.tgz 54349ms (cache miss)
8414 http fetch GET 200 https://registry.npmjs.org/is-fullwidth-code-point/-/is-fullwidth-code-point-3.0.0.tgz 54380ms (cache miss)
8415 http fetch GET 200 https://registry.npmjs.org/dot-prop/-/dot-prop-9.0.0.tgz 54356ms (cache miss)
8416 http fetch GET 200 https://registry.npmjs.org/ini/-/ini-4.1.1.tgz 54370ms (cache miss)
8417 http fetch GET 200 https://registry.npmjs.org/ansi-styles/-/ansi-styles-4.3.0.tgz 54391ms (cache miss)
8418 http fetch GET 200 https://registry.npmjs.org/@netlify/edge-functions/-/edge-functions-4.0.1.tgz 54436ms (cache miss)
8419 http fetch GET 200 https://registry.npmjs.org/npm-run-path/-/npm-run-path-5.3.0.tgz 54341ms (cache miss)
8420 http fetch GET 200 https://registry.npmjs.org/@netlify/ai/-/ai-1.0.1.tgz 54434ms (cache miss)
8421 http fetch GET 200 https://registry.npmjs.org/@netlify/api/-/api-15.1.2.tgz 54447ms (cache miss)
8422 http fetch GET 200 https://registry.npmjs.org/path-key/-/path-key-4.0.0.tgz 54409ms (cache miss)
8423 http fetch GET 200 https://registry.npmjs.org/split2/-/split2-4.2.0.tgz 54414ms (cache miss)
8424 http fetch GET 200 https://registry.npmjs.org/strip-final-newline/-/strip-final-newline-3.0.0.tgz 54420ms (cache miss)
8425 http fetch GET 200 https://registry.npmjs.org/signal-exit/-/signal-exit-4.1.0.tgz 54437ms (cache miss)
8426 http fetch GET 200 https://registry.npmjs.org/supports-color/-/supports-color-7.2.0.tgz 54428ms (cache miss)
8427 http fetch GET 200 https://registry.npmjs.org/get-stream/-/get-stream-8.0.1.tgz 54447ms (cache miss)
8428 http fetch GET 200 https://registry.npmjs.org/is-unicode-supported/-/is-unicode-supported-0.1.0.tgz 54447ms (cache miss)
8429 http fetch GET 200 https://registry.npmjs.org/string_decoder/-/string_decoder-1.1.1.tgz 54439ms (cache miss)
8430 http fetch GET 200 https://registry.npmjs.org/chalk/-/chalk-4.1.2.tgz 54461ms (cache miss)
8431 http fetch GET 200 https://registry.npmjs.org/real-require/-/real-require-1.0.0.tgz 54507ms (cache miss)
8432 http fetch GET 200 https://registry.npmjs.org/is-stream/-/is-stream-2.0.1.tgz 54481ms (cache miss)
8433 http fetch GET 200 https://registry.npmjs.org/isarray/-/isarray-1.0.0.tgz 54477ms (cache miss)
8434 http fetch GET 200 https://registry.npmjs.org/safe-buffer/-/safe-buffer-5.1.2.tgz 54504ms (cache miss)
8435 http fetch GET 200 https://registry.npmjs.org/@colors/colors/-/colors-1.6.0.tgz 54574ms (cache miss)
8436 http fetch GET 200 https://registry.npmjs.org/has-flag/-/has-flag-4.0.0.tgz 54520ms (cache miss)
8437 http fetch GET 200 https://registry.npmjs.org/is-docker/-/is-docker-3.0.0.tgz 54522ms (cache miss)
8438 http fetch GET 200 https://registry.npmjs.org/human-signals/-/human-signals-5.0.0.tgz 54554ms (cache miss)
8439 http fetch GET 200 https://registry.npmjs.org/citty/-/citty-0.2.2.tgz 54543ms (cache miss)
8440 http fetch GET 200 https://registry.npmjs.org/process-warning/-/process-warning-4.0.1.tgz 54521ms (cache miss)
8441 http fetch GET 200 https://registry.npmjs.org/content-type/-/content-type-2.1.0.tgz 54522ms (cache miss)
8442 http fetch GET 200 https://registry.npmjs.org/raw-body/-/raw-body-3.0.2.tgz 54512ms (cache miss)
8443 http fetch GET 200 https://registry.npmjs.org/ansi-regex/-/ansi-regex-6.4.0.tgz 54513ms (cache miss)
8444 http fetch GET 200 https://registry.npmjs.org/cookie/-/cookie-1.1.1.tgz 54572ms (cache miss)
8445 http fetch GET 200 https://registry.npmjs.org/content-type/-/content-type-3.1.1.tgz 54506ms (cache miss)
8446 http fetch GET 200 https://registry.npmjs.org/agent-base/-/agent-base-7.1.4.tgz 54528ms (cache miss)
8447 http fetch GET 200 https://registry.npmjs.org/strip-ansi/-/strip-ansi-7.2.0.tgz 54562ms (cache miss)
8448 http fetch GET 200 https://registry.npmjs.org/mimic-fn/-/mimic-fn-2.1.0.tgz 54571ms (cache miss)
8449 http fetch GET 200 https://registry.npmjs.org/normalize-path/-/normalize-path-2.1.1.tgz 54513ms (cache miss)
8450 http fetch GET 200 https://registry.npmjs.org/is-plain-obj/-/is-plain-obj-2.1.0.tgz 54523ms (cache miss)
8451 http fetch GET 200 https://registry.npmjs.org/@opentelemetry/context-async-hooks/-/context-async-hooks-2.9.0.tgz 54527ms (cache miss)
8452 http fetch GET 200 https://registry.npmjs.org/https-proxy-agent/-/https-proxy-agent-7.0.6.tgz 54594ms (cache miss)
8453 http fetch GET 200 https://registry.npmjs.org/@netlify/otel/-/otel-6.0.6.tgz 54532ms (cache miss)
8454 http fetch GET 200 https://registry.npmjs.org/unicorn-magic/-/unicorn-magic-0.1.0.tgz 54500ms (cache miss)
8455 http fetch GET 200 https://registry.npmjs.org/@opentelemetry/sdk-trace-node/-/sdk-trace-node-2.9.0.tgz 54579ms (cache miss)
8456 http fetch GET 200 https://registry.npmjs.org/ci-info/-/ci-info-4.4.0.tgz 54520ms (cache miss)
8457 http fetch GET 200 https://registry.npmjs.org/@netlify/types/-/types-2.8.0.tgz 54633ms (cache miss)
8458 http fetch GET 200 https://registry.npmjs.org/@netlify/edge-functions-bootstrap/-/edge-functions-bootstrap-2.16.0.tgz 54567ms (cache miss)
8459 http fetch GET 200 https://registry.npmjs.org/get-port/-/get-port-7.2.0.tgz 54617ms (cache miss)
8460 http fetch GET 200 https://registry.npmjs.org/@netlify/dev-utils/-/dev-utils-5.0.0.tgz 54646ms (cache miss)
8461 http fetch GET 200 https://registry.npmjs.org/hosted-git-info/-/hosted-git-info-9.0.3.tgz 54501ms (cache miss)
8462 http fetch GET 200 https://registry.npmjs.org/@netlify/runtime-utils/-/runtime-utils-2.3.0.tgz 54709ms (cache miss)
8463 http fetch GET 200 https://registry.npmjs.org/env-paths/-/env-paths-3.0.0.tgz 54717ms (cache miss)
8464 http fetch GET 200 https://registry.npmjs.org/unicorn-magic/-/unicorn-magic-0.4.1.tgz 54533ms (cache miss)
8465 http fetch GET 200 https://registry.npmjs.org/hosted-git-info/-/hosted-git-info-7.0.2.tgz 54712ms (cache miss)
8466 http fetch GET 200 https://registry.npmjs.org/read-pkg/-/read-pkg-10.1.0.tgz 54583ms (cache miss)
8467 http fetch GET 200 https://registry.npmjs.org/pump/-/pump-1.0.3.tgz 54574ms (cache miss)
8468 http fetch GET 200 https://registry.npmjs.org/restore-cursor/-/restore-cursor-5.1.0.tgz 54580ms (cache miss)
8469 http fetch GET 200 https://registry.npmjs.org/onetime/-/onetime-7.0.0.tgz 54585ms (cache miss)
8470 http fetch GET 200 https://registry.npmjs.org/normalize-package-data/-/normalize-package-data-8.0.0.tgz 54650ms (cache miss)
8471 http fetch GET 200 https://registry.npmjs.org/http-errors/-/http-errors-2.0.0.tgz 54606ms (cache miss)
8472 http fetch GET 200 https://registry.npmjs.org/cli-cursor/-/cli-cursor-5.0.0.tgz 54575ms (cache miss)
8473 http fetch GET 200 https://registry.npmjs.org/escape-string-regexp/-/escape-string-regexp-1.0.5.tgz 54572ms (cache miss)
8474 http fetch GET 200 https://registry.npmjs.org/figures/-/figures-3.2.0.tgz 54569ms (cache miss)
8475 http fetch GET 200 https://registry.npmjs.org/tslib/-/tslib-1.14.1.tgz 54595ms (cache miss)
8476 http fetch GET 200 https://registry.npmjs.org/ansi-escapes/-/ansi-escapes-4.3.2.tgz 54572ms (cache miss)
8477 http fetch GET 200 https://registry.npmjs.org/locate-path/-/locate-path-7.2.0.tgz 54510ms (cache miss)
8478 http fetch GET 200 https://registry.npmjs.org/string-width/-/string-width-8.3.0.tgz 54677ms (cache miss)
8479 http fetch GET 200 https://registry.npmjs.org/wrap-ansi/-/wrap-ansi-6.2.0.tgz 54622ms (cache miss)
8480 http fetch GET 200 https://registry.npmjs.org/content-disposition/-/content-disposition-1.1.0.tgz 54610ms (cache miss)
8481 http fetch GET 200 https://registry.npmjs.org/chalk/-/chalk-5.6.2.tgz 54607ms (cache miss)
8482 http fetch GET 200 https://registry.npmjs.org/find-up/-/find-up-7.0.0.tgz 54699ms (cache miss)
8483 http fetch GET 200 https://registry.npmjs.org/read-package-up/-/read-package-up-11.0.0.tgz 54470ms (cache miss)
8484 http fetch GET 200 https://registry.npmjs.org/readdirp/-/readdirp-4.1.2.tgz 54446ms (cache miss)
8485 http fetch GET 200 https://registry.npmjs.org/terminal-link/-/terminal-link-4.0.0.tgz 54501ms (cache miss)
8486 http fetch GET 200 https://registry.npmjs.org/isexe/-/isexe-2.0.0.tgz 54522ms (cache miss)
8487 http fetch GET 200 https://registry.npmjs.org/supports-hyperlinks/-/supports-hyperlinks-3.2.0.tgz 54566ms (cache miss)
8488 http fetch GET 200 https://registry.npmjs.org/jwt-decode/-/jwt-decode-4.0.0.tgz 55725ms (cache miss)
8489 http fetch GET 200 https://registry.npmjs.org/is-docker/-/is-docker-4.0.0.tgz 55823ms (cache miss)
8490 http fetch GET 200 https://registry.npmjs.org/negotiator/-/negotiator-1.1.0.tgz 56966ms (cache miss)
8491 http fetch GET 200 https://registry.npmjs.org/folder-walker/-/folder-walker-3.2.0.tgz 56011ms (cache miss)
8492 http fetch GET 200 https://registry.npmjs.org/onetime/-/onetime-6.0.0.tgz 55999ms (cache miss)
8493 http fetch GET 200 https://registry.npmjs.org/is-stream/-/is-stream-3.0.0.tgz 55994ms (cache miss)
8494 http fetch GET 200 https://registry.npmjs.org/statuses/-/statuses-2.0.1.tgz 55715ms (cache miss)
8495 http fetch GET 200 https://registry.npmjs.org/@pnpm/npm-conf/-/npm-conf-3.0.3.tgz 59655ms (cache miss)
8496 http fetch GET 200 https://registry.npmjs.org/b4a/-/b4a-1.9.0.tgz 59371ms (cache miss)
8497 http fetch GET 200 https://registry.npmjs.org/@netlify/server-dev/-/server-dev-0.1.2.tgz 56523ms (cache miss)
8498 http fetch GET 200 https://registry.npmjs.org/keep-func-props/-/keep-func-props-6.0.0.tgz 56873ms (cache miss)
8499 http fetch GET 200 https://registry.npmjs.org/string.prototype.trim/-/string.prototype.trim-1.2.11.tgz 59417ms (cache miss)
8500 http fetch GET 200 https://registry.npmjs.org/reflect.getprototypeof/-/reflect.getprototypeof-1.0.10.tgz 60045ms (cache miss)
8501 http fetch GET 200 https://registry.npmjs.org/braces/-/braces-3.0.3.tgz 59044ms (cache miss)
8502 http fetch GET 200 https://registry.npmjs.org/color-convert/-/color-convert-2.0.1.tgz 56919ms (cache miss)
8503 http fetch GET 200 https://registry.npmjs.org/color-convert/-/color-convert-2.0.1.tgz 56876ms (cache miss)
8504 http fetch GET 200 https://registry.npmjs.org/color-convert/-/color-convert-2.0.1.tgz 56396ms (cache miss)
8505 http fetch GET 200 https://registry.npmjs.org/color-convert/-/color-convert-2.0.1.tgz 56703ms (cache miss)
8506 http fetch GET 200 https://registry.npmjs.org/string-width/-/string-width-4.2.3.tgz 56640ms (cache miss)
8507 http fetch GET 200 https://registry.npmjs.org/string-width/-/string-width-4.2.3.tgz 56830ms (cache miss)
8508 http fetch GET 200 https://registry.npmjs.org/string-width/-/string-width-4.2.3.tgz 56402ms (cache miss)
8509 http fetch GET 200 https://registry.npmjs.org/emoji-regex/-/emoji-regex-8.0.0.tgz 56820ms (cache miss)
8510 http fetch GET 200 https://registry.npmjs.org/emoji-regex/-/emoji-regex-8.0.0.tgz 56672ms (cache miss)
8511 http fetch GET 200 https://registry.npmjs.org/color-name/-/color-name-2.1.1.tgz 57017ms (cache miss)
8512 http fetch GET 200 https://registry.npmjs.org/emoji-regex/-/emoji-regex-8.0.0.tgz 56452ms (cache miss)
8513 http fetch GET 200 https://registry.npmjs.org/ansi-styles/-/ansi-styles-4.3.0.tgz 56969ms (cache miss)
8514 http fetch GET 200 https://registry.npmjs.org/ansi-styles/-/ansi-styles-4.3.0.tgz 56936ms (cache miss)
8515 http fetch GET 200 https://registry.npmjs.org/ansi-styles/-/ansi-styles-4.3.0.tgz 56468ms (cache miss)
8516 http fetch GET 200 https://registry.npmjs.org/ansi-styles/-/ansi-styles-4.3.0.tgz 56784ms (cache miss)
8517 http fetch GET 200 https://registry.npmjs.org/dot-prop/-/dot-prop-9.0.0.tgz 56233ms (cache miss)
8518 http fetch GET 200 https://registry.npmjs.org/dot-prop/-/dot-prop-9.0.0.tgz 56170ms (cache miss)
8519 http fetch GET 200 https://registry.npmjs.org/is-fullwidth-code-point/-/is-fullwidth-code-point-3.0.0.tgz 56147ms (cache miss)
8520 http fetch GET 200 https://registry.npmjs.org/is-fullwidth-code-point/-/is-fullwidth-code-point-3.0.0.tgz 56512ms (cache miss)
8521 http fetch GET 200 https://registry.npmjs.org/is-fullwidth-code-point/-/is-fullwidth-code-point-3.0.0.tgz 56935ms (cache miss)
8522 http fetch GET 200 https://registry.npmjs.org/ansi-styles/-/ansi-styles-4.3.0.tgz 56535ms (cache miss)
8523 http fetch GET 200 https://registry.npmjs.org/dot-prop/-/dot-prop-9.0.0.tgz 56187ms (cache miss)
8524 http fetch GET 200 https://registry.npmjs.org/dot-prop/-/dot-prop-9.0.0.tgz 56853ms (cache miss)
8525 http fetch GET 200 https://registry.npmjs.org/npm-run-path/-/npm-run-path-5.3.0.tgz 56739ms (cache miss)
8526 http fetch GET 200 https://registry.npmjs.org/npm-run-path/-/npm-run-path-5.3.0.tgz 56476ms (cache miss)
8527 http fetch GET 200 https://registry.npmjs.org/npm-run-path/-/npm-run-path-5.3.0.tgz 56328ms (cache miss)
8528 http fetch GET 200 https://registry.npmjs.org/npm-run-path/-/npm-run-path-5.3.0.tgz 56179ms (cache miss)
8529 http fetch GET 200 https://registry.npmjs.org/npm-run-path/-/npm-run-path-5.3.0.tgz 56258ms (cache miss)
8530 http fetch GET 200 https://registry.npmjs.org/path-key/-/path-key-4.0.0.tgz 56517ms (cache miss)
8531 http fetch GET 200 https://registry.npmjs.org/path-key/-/path-key-4.0.0.tgz 56386ms (cache miss)
8532 http fetch GET 200 https://registry.npmjs.org/signal-exit/-/signal-exit-4.1.0.tgz 56293ms (cache miss)
8533 http fetch GET 200 https://registry.npmjs.org/signal-exit/-/signal-exit-4.1.0.tgz 56522ms (cache miss)
8534 http fetch GET 200 https://registry.npmjs.org/path-key/-/path-key-4.0.0.tgz 56322ms (cache miss)
8535 http fetch GET 200 https://registry.npmjs.org/path-key/-/path-key-4.0.0.tgz 56244ms (cache miss)
8536 http fetch GET 200 https://registry.npmjs.org/path-key/-/path-key-4.0.0.tgz 56839ms (cache miss)
8537 http fetch GET 200 https://registry.npmjs.org/signal-exit/-/signal-exit-4.1.0.tgz 56769ms (cache miss)
8538 http fetch GET 200 https://registry.npmjs.org/signal-exit/-/signal-exit-4.1.0.tgz 56255ms (cache miss)
8539 http fetch GET 200 https://registry.npmjs.org/split2/-/split2-4.2.0.tgz 57166ms (cache miss)
8540 http fetch GET 200 https://registry.npmjs.org/strip-final-newline/-/strip-final-newline-3.0.0.tgz 56348ms (cache miss)
8541 http fetch GET 200 https://registry.npmjs.org/strip-final-newline/-/strip-final-newline-3.0.0.tgz 56448ms (cache miss)
8542 http fetch GET 200 https://registry.npmjs.org/strip-final-newline/-/strip-final-newline-3.0.0.tgz 56868ms (cache miss)
8543 http fetch GET 200 https://registry.npmjs.org/strip-final-newline/-/strip-final-newline-3.0.0.tgz 56587ms (cache miss)
8544 http fetch GET 200 https://registry.npmjs.org/is-stream/-/is-stream-3.0.0.tgz 56595ms (cache miss)
8545 http fetch GET 200 https://registry.npmjs.org/is-stream/-/is-stream-3.0.0.tgz 56431ms (cache miss)
8546 http fetch GET 200 https://registry.npmjs.org/is-stream/-/is-stream-3.0.0.tgz 56304ms (cache miss)
8547 http fetch GET 200 https://registry.npmjs.org/is-stream/-/is-stream-3.0.0.tgz 56380ms (cache miss)
8548 http fetch GET 200 https://registry.npmjs.org/supports-color/-/supports-color-7.2.0.tgz 57091ms (cache miss)
8549 http fetch GET 200 https://registry.npmjs.org/is-stream/-/is-stream-3.0.0.tgz 56884ms (cache miss)
8550 http fetch GET 200 https://registry.npmjs.org/supports-color/-/supports-color-7.2.0.tgz 56705ms (cache miss)
8551 http fetch GET 200 https://registry.npmjs.org/strip-final-newline/-/strip-final-newline-3.0.0.tgz 56336ms (cache miss)
8552 http fetch GET 200 https://registry.npmjs.org/supports-color/-/supports-color-7.2.0.tgz 56686ms (cache miss)
8553 http fetch GET 200 https://registry.npmjs.org/supports-color/-/supports-color-7.2.0.tgz 56362ms (cache miss)
8554 http fetch GET 200 https://registry.npmjs.org/is-unicode-supported/-/is-unicode-supported-0.1.0.tgz 57176ms (cache miss)
8555 http fetch GET 200 https://registry.npmjs.org/chalk/-/chalk-4.1.2.tgz 56999ms (cache miss)
8556 http fetch GET 200 https://registry.npmjs.org/chalk/-/chalk-4.1.2.tgz 56723ms (cache miss)
8557 http fetch GET 200 https://registry.npmjs.org/get-stream/-/get-stream-8.0.1.tgz 56899ms (cache miss)
8558 http fetch GET 200 https://registry.npmjs.org/get-stream/-/get-stream-8.0.1.tgz 56660ms (cache miss)
8559 http fetch GET 200 https://registry.npmjs.org/get-stream/-/get-stream-8.0.1.tgz 56480ms (cache miss)
8560 http fetch GET 200 https://registry.npmjs.org/get-stream/-/get-stream-8.0.1.tgz 56352ms (cache miss)
8561 http fetch GET 200 https://registry.npmjs.org/string_decoder/-/string_decoder-1.1.1.tgz 57183ms (cache miss)
8562 http fetch GET 200 https://registry.npmjs.org/string_decoder/-/string_decoder-1.1.1.tgz 57133ms (cache miss)
8563 http fetch GET 200 https://registry.npmjs.org/chalk/-/chalk-4.1.2.tgz 56710ms (cache miss)
8564 http fetch GET 200 https://registry.npmjs.org/get-stream/-/get-stream-8.0.1.tgz 56432ms (cache miss)
8565 http fetch GET 200 https://registry.npmjs.org/string_decoder/-/string_decoder-1.1.1.tgz 56848ms (cache miss)
8566 http fetch GET 200 https://registry.npmjs.org/safe-buffer/-/safe-buffer-5.1.2.tgz 57205ms (cache miss)
8567 http fetch GET 200 https://registry.npmjs.org/safe-buffer/-/safe-buffer-5.1.2.tgz 57150ms (cache miss)
8568 http fetch GET 200 https://registry.npmjs.org/is-stream/-/is-stream-2.0.1.tgz 56721ms (cache miss)
8569 http fetch GET 200 https://registry.npmjs.org/safe-buffer/-/safe-buffer-5.1.2.tgz 56856ms (cache miss)
8570 http fetch GET 200 https://registry.npmjs.org/isarray/-/isarray-1.0.0.tgz 57212ms (cache miss)
8571 http fetch GET 200 https://registry.npmjs.org/isarray/-/isarray-1.0.0.tgz 57159ms (cache miss)
8572 http fetch GET 200 https://registry.npmjs.org/chalk/-/chalk-4.1.2.tgz 57225ms (cache miss)
8573 http fetch GET 200 https://registry.npmjs.org/supports-color/-/supports-color-7.2.0.tgz 57077ms (cache miss)
8574 http fetch GET 200 https://registry.npmjs.org/has-flag/-/has-flag-4.0.0.tgz 56447ms (cache miss)
8575 http fetch GET 200 https://registry.npmjs.org/has-flag/-/has-flag-4.0.0.tgz 56775ms (cache miss)
8576 http fetch GET 200 https://registry.npmjs.org/human-signals/-/human-signals-5.0.0.tgz 56969ms (cache miss)
8577 http fetch GET 200 https://registry.npmjs.org/has-flag/-/has-flag-4.0.0.tgz 57256ms (cache miss)
8578 http fetch GET 200 https://registry.npmjs.org/has-flag/-/has-flag-4.0.0.tgz 56823ms (cache miss)
8579 http fetch GET 200 https://registry.npmjs.org/has-flag/-/has-flag-4.0.0.tgz 57092ms (cache miss)
8580 http fetch GET 200 https://registry.npmjs.org/human-signals/-/human-signals-5.0.0.tgz 56420ms (cache miss)
8581 http fetch GET 200 https://registry.npmjs.org/human-signals/-/human-signals-5.0.0.tgz 56489ms (cache miss)
8582 http fetch GET 200 https://registry.npmjs.org/isarray/-/isarray-1.0.0.tgz 56897ms (cache miss)
8583 http fetch GET 200 https://registry.npmjs.org/content-type/-/content-type-2.1.0.tgz 57250ms (cache miss)
8584 http fetch GET 200 https://registry.npmjs.org/ansi-regex/-/ansi-regex-6.4.0.tgz 57246ms (cache miss)
8585 http fetch GET 200 https://registry.npmjs.org/ansi-regex/-/ansi-regex-6.4.0.tgz 56910ms (cache miss)
8586 http fetch GET 200 https://registry.npmjs.org/strip-ansi/-/strip-ansi-7.2.0.tgz 57249ms (cache miss)
8587 http fetch GET 200 https://registry.npmjs.org/strip-ansi/-/strip-ansi-7.2.0.tgz 56900ms (cache miss)
8588 http fetch GET 200 https://registry.npmjs.org/@netlify/types/-/types-2.8.0.tgz 56810ms (cache miss)
8589 http fetch GET 200 https://registry.npmjs.org/unicorn-magic/-/unicorn-magic-0.1.0.tgz 56694ms (cache miss)
8590 http fetch GET 200 https://registry.npmjs.org/unicorn-magic/-/unicorn-magic-0.1.0.tgz 56627ms (cache miss)
8591 http fetch GET 200 https://registry.npmjs.org/unicorn-magic/-/unicorn-magic-0.1.0.tgz 56585ms (cache miss)
8592 http fetch GET 200 https://registry.npmjs.org/unicorn-magic/-/unicorn-magic-0.1.0.tgz 56865ms (cache miss)
8593 http fetch GET 200 https://registry.npmjs.org/env-paths/-/env-paths-3.0.0.tgz 56674ms (cache miss)
8594 http fetch GET 200 https://registry.npmjs.org/escape-string-regexp/-/escape-string-regexp-1.0.5.tgz 56949ms (cache miss)
8595 http fetch GET 200 https://registry.npmjs.org/wrap-ansi/-/wrap-ansi-10.0.2.tgz 57015ms (cache miss)
8596 http fetch GET 200 https://registry.npmjs.org/figures/-/figures-3.2.0.tgz 56962ms (cache miss)
8597 http fetch GET 200 https://registry.npmjs.org/locate-path/-/locate-path-7.2.0.tgz 56810ms (cache miss)
8598 http fetch GET 200 https://registry.npmjs.org/locate-path/-/locate-path-7.2.0.tgz 56726ms (cache miss)
8599 http fetch GET 200 https://registry.npmjs.org/locate-path/-/locate-path-7.2.0.tgz 56675ms (cache miss)
8600 http fetch GET 200 https://registry.npmjs.org/ansi-escapes/-/ansi-escapes-4.3.2.tgz 56980ms (cache miss)
8601 http fetch GET 200 https://registry.npmjs.org/get-port/-/get-port-7.2.0.tgz 56837ms (cache miss)
8602 http fetch GET 200 https://registry.npmjs.org/find-up/-/find-up-7.0.0.tgz 56691ms (cache miss)
8603 http fetch GET 200 https://registry.npmjs.org/find-up/-/find-up-7.0.0.tgz 56719ms (cache miss)
8604 http fetch GET 200 https://registry.npmjs.org/find-up/-/find-up-7.0.0.tgz 56791ms (cache miss)
8605 http fetch GET 200 https://registry.npmjs.org/read-package-up/-/read-package-up-11.0.0.tgz 56668ms (cache miss)
8606 http fetch GET 200 https://registry.npmjs.org/nopt/-/nopt-8.1.0.tgz 58746ms (cache miss)
8607 http fetch GET 200 https://registry.npmjs.org/through/-/through-2.3.8.tgz 59579ms (cache miss)
8608 http fetch GET 200 https://registry.npmjs.org/dot-prop/-/dot-prop-10.2.0.tgz 57953ms (cache miss)
8609 http fetch GET 200 https://registry.npmjs.org/onetime/-/onetime-6.0.0.tgz 56861ms (cache miss)
8610 http fetch GET 200 https://registry.npmjs.org/onetime/-/onetime-6.0.0.tgz 56857ms (cache miss)
8611 http fetch GET 200 https://registry.npmjs.org/onetime/-/onetime-6.0.0.tgz 57247ms (cache miss)
8612 http fetch GET 200 https://registry.npmjs.org/onetime/-/onetime-6.0.0.tgz 57019ms (cache miss)
8613 http fetch GET 200 https://registry.npmjs.org/onetime/-/onetime-6.0.0.tgz 57522ms (cache miss)
8614 http fetch GET 200 https://registry.npmjs.org/@netlify/dev-utils/-/dev-utils-6.0.2.tgz 57935ms (cache miss)
8615 http fetch GET 200 https://registry.npmjs.org/cookie/-/cookie-0.7.2.tgz 57339ms (cache miss)
8616 http fetch GET 200 https://registry.npmjs.org/has-proto/-/has-proto-1.2.0.tgz 60673ms (cache miss)
8617 http fetch GET 200 https://registry.npmjs.org/tomlify-j0.4/-/tomlify-j0.4-3.0.0.tgz 58320ms (cache miss)
8618 http fetch GET 200 https://registry.npmjs.org/tmp-promise/-/tmp-promise-3.0.3.tgz 59289ms (cache miss)
8619 http fetch GET 200 https://registry.npmjs.org/ignore/-/ignore-7.0.11.tgz 59102ms (cache miss)
8620 http fetch GET 200 https://registry.npmjs.org/gonzales-pe/-/gonzales-pe-4.3.0.tgz 61287ms (cache miss)
8621 http fetch GET 200 https://registry.npmjs.org/arraybuffer.prototype.slice/-/arraybuffer.prototype.slice-1.0.4.tgz 61490ms (cache miss)
8622 http fetch GET 200 https://registry.npmjs.org/get-stream/-/get-stream-6.0.1.tgz 58453ms (cache miss)
8623 http fetch GET 200 https://registry.npmjs.org/open/-/open-11.0.4.tgz 59312ms (cache miss)
8624 http fetch GET 200 https://registry.npmjs.org/esprima/-/esprima-4.0.1.tgz 60407ms (cache miss)
8625 http fetch GET 200 https://registry.npmjs.org/content-disposition/-/content-disposition-3.0.0.tgz 59653ms (cache miss)
8626 http fetch GET 200 https://registry.npmjs.org/fecha/-/fecha-4.2.3.tgz 63358ms (cache miss)
8627 http fetch GET 200 https://registry.npmjs.org/es-module-lexer/-/es-module-lexer-1.7.0.tgz 61148ms (cache miss)
8628 http fetch GET 200 https://registry.npmjs.org/commander/-/commander-2.20.3.tgz 60394ms (cache miss)
8629 http fetch GET 200 https://registry.npmjs.org/yauzl/-/yauzl-3.4.0.tgz 60814ms (cache miss)
8630 http fetch GET 200 https://registry.npmjs.org/parse-github-url/-/parse-github-url-1.0.4.tgz 60790ms (cache miss)
8631 http fetch GET 200 https://registry.npmjs.org/esbuild/-/esbuild-0.28.1.tgz 61239ms (cache miss)
8632 http fetch GET 200 https://registry.npmjs.org/has-symbols/-/has-symbols-1.1.0.tgz 63274ms (cache miss)
8633 http fetch GET 200 https://registry.npmjs.org/yargs-parser/-/yargs-parser-21.1.1.tgz 64317ms (cache miss)
8634 http fetch GET 200 https://registry.npmjs.org/abort-controller/-/abort-controller-3.0.0.tgz 63344ms (cache miss)
8635 http fetch GET 200 https://registry.npmjs.org/semver/-/semver-6.3.1.tgz 60837ms (cache miss)
8636 http fetch GET 200 https://registry.npmjs.org/ipaddr.js/-/ipaddr.js-1.9.1.tgz 60718ms (cache miss)
8637 http fetch GET 200 https://registry.npmjs.org/content-type/-/content-type-2.1.0.tgz 60703ms (cache miss)
8638 http fetch GET 200 https://registry.npmjs.org/color-convert/-/color-convert-2.0.1.tgz 60345ms (cache miss)
8639 http fetch GET 200 https://registry.npmjs.org/globalthis/-/globalthis-1.0.4.tgz 63624ms (cache miss)
8640 http fetch GET 200 https://registry.npmjs.org/regexp.prototype.flags/-/regexp.prototype.flags-1.5.4.tgz 63719ms (cache miss)
8641 http fetch GET 200 https://registry.npmjs.org/pg-cloudflare/-/pg-cloudflare-1.4.1.tgz 63463ms (cache miss)
8642 http fetch GET 200 https://registry.npmjs.org/buffer/-/buffer-6.0.3.tgz 61068ms (cache miss)
8643 http fetch GET 200 https://registry.npmjs.org/source-map-support/-/source-map-support-0.5.21.tgz 61512ms (cache miss)
8644 http fetch GET 200 https://registry.npmjs.org/cookie/-/cookie-2.0.1.tgz 61461ms (cache miss)
8645 http fetch GET 200 https://registry.npmjs.org/chokidar/-/chokidar-5.0.0.tgz 61463ms (cache miss)
8646 http fetch GET 200 https://registry.npmjs.org/event-target-shim/-/event-target-shim-5.0.1.tgz 63963ms (cache miss)
8647 http fetch GET 200 https://registry.npmjs.org/urlpattern-polyfill/-/urlpattern-polyfill-8.0.2.tgz 62150ms (cache miss)
8648 http fetch GET 200 https://registry.npmjs.org/@netlify/binary-info/-/binary-info-1.0.0.tgz 62206ms (cache miss)
8649 http fetch GET 200 https://registry.npmjs.org/envinfo/-/envinfo-7.21.0.tgz 61662ms (cache miss)
8650 http fetch GET 200 https://registry.npmjs.org/toml/-/toml-4.3.0.tgz 61829ms (cache miss)
8651 http fetch GET 200 https://registry.npmjs.org/picomatch/-/picomatch-4.0.7.tgz 62575ms (cache miss)
8652 http fetch GET 200 https://registry.npmjs.org/@bugsnag/node/-/node-8.10.0.tgz 62082ms (cache miss)
8653 http fetch GET 200 https://registry.npmjs.org/@netlify/dev/-/dev-5.1.4.tgz 61789ms (cache miss)
8654 http fetch GET 200 https://registry.npmjs.org/chownr/-/chownr-3.0.0.tgz 64795ms (cache miss)
8655 http fetch GET 200 https://registry.npmjs.org/debug/-/debug-4.4.3.tgz 62476ms (cache miss)
8656 http fetch GET 200 https://registry.npmjs.org/readdirp/-/readdirp-4.1.2.tgz 62177ms (cache miss)
8657 http fetch GET 200 https://registry.npmjs.org/compress-commons/-/compress-commons-7.0.1.tgz 66299ms (cache miss)
8658 http fetch GET 200 https://registry.npmjs.org/@typescript-eslint/types/-/types-8.71.0.tgz 65222ms (cache miss)
8659 http fetch GET 200 https://registry.npmjs.org/@vue/compiler-core/-/compiler-core-3.5.43.tgz 65258ms (cache miss)
8660 http fetch GET 200 https://registry.npmjs.org/mime/-/mime-3.0.0.tgz 63135ms (cache miss)
8661 http fetch GET 200 https://registry.npmjs.org/@isaacs/fs-minipass/-/fs-minipass-4.0.1.tgz 65924ms (cache miss)
8662 http fetch GET 200 https://registry.npmjs.org/object.entries/-/object.entries-1.1.9.tgz 65527ms (cache miss)
8663 http fetch GET 200 https://registry.npmjs.org/tslib/-/tslib-2.8.1.tgz 64609ms (cache miss)
8664 http fetch GET 200 https://registry.npmjs.org/stubborn-utils/-/stubborn-utils-1.0.2.tgz 66549ms (cache miss)
8665 http fetch GET 200 https://registry.npmjs.org/node-fetch/-/node-fetch-2.7.0.tgz 63433ms (cache miss)
8666 http fetch GET 200 https://registry.npmjs.org/urlpattern-polyfill/-/urlpattern-polyfill-10.1.0.tgz 63601ms (cache miss)
8667 http fetch GET 200 https://registry.npmjs.org/comment-json/-/comment-json-5.0.0.tgz 64454ms (cache miss)
8668 http fetch GET 200 https://registry.npmjs.org/dom-serializer/-/dom-serializer-2.0.0.tgz 67722ms (cache miss)
8669 http fetch GET 200 https://registry.npmjs.org/es-to-primitive/-/es-to-primitive-1.3.4.tgz 67402ms (cache miss)
8670 http fetch GET 200 https://registry.npmjs.org/h3/-/h3-1.15.11.tgz 66695ms (cache miss)
8671 http fetch GET 200 https://registry.npmjs.org/magic-string/-/magic-string-0.30.21.tgz 67303ms (cache miss)
8672 http fetch GET 200 https://registry.npmjs.org/picomatch/-/picomatch-2.3.2.tgz 65105ms (cache miss)
8673 http fetch GET 200 https://registry.npmjs.org/picomatch/-/picomatch-2.3.2.tgz 64857ms (cache miss)
8674 http fetch GET 200 https://registry.npmjs.org/human-signals/-/human-signals-5.0.0.tgz 64457ms (cache miss)
8675 http fetch GET 200 https://registry.npmjs.org/human-signals/-/human-signals-5.0.0.tgz 64637ms (cache miss)
8676 http fetch GET 200 https://registry.npmjs.org/object.assign/-/object.assign-4.1.7.tgz 68210ms (cache miss)
8677 http fetch GET 200 https://registry.npmjs.org/express/-/express-5.2.1.tgz 65628ms (cache miss)
8678 http fetch GET 200 https://registry.npmjs.org/express-logging/-/express-logging-1.1.1.tgz 65644ms (cache miss)
8679 http fetch GET 200 https://registry.npmjs.org/ajv-formats/-/ajv-formats-3.0.1.tgz 67011ms (cache miss)
8680 http fetch GET 200 https://registry.npmjs.org/xss/-/xss-1.0.15.tgz 67689ms (cache miss)
8681 http fetch GET 200 https://registry.npmjs.org/@pnpm/config.env-replace/-/config.env-replace-1.1.0.tgz 69079ms (cache miss)
8682 http fetch GET 200 https://registry.npmjs.org/normalize-package-data/-/normalize-package-data-6.0.2.tgz 65593ms (cache miss)
8683 http fetch GET 200 https://registry.npmjs.org/ps-list/-/ps-list-8.1.1.tgz 66371ms (cache miss)
8684 http fetch GET 200 https://registry.npmjs.org/modern-tar/-/modern-tar-0.8.5.tgz 66659ms (cache miss)
8685 http fetch GET 200 https://registry.npmjs.org/dotenv/-/dotenv-16.6.1.tgz 66207ms (cache miss)
8686 http fetch GET 200 https://registry.npmjs.org/https-proxy-agent/-/https-proxy-agent-8.0.0.tgz 67044ms (cache miss)
8687 http fetch GET 200 https://registry.npmjs.org/execa/-/execa-5.1.1.tgz 67038ms (cache miss)
8688 http fetch GET 200 https://registry.npmjs.org/fastq/-/fastq-1.20.3.tgz 67190ms (cache miss)
8689 http fetch GET 200 https://registry.npmjs.org/pathe/-/pathe-2.0.3.tgz 69016ms (cache miss)
8690 http fetch GET 200 https://registry.npmjs.org/ascii-table/-/ascii-table-0.0.9.tgz 67212ms (cache miss)
8691 http fetch GET 200 https://registry.npmjs.org/json-with-bigint/-/json-with-bigint-3.5.12.tgz 68085ms (cache miss)
8692 http fetch GET 200 https://registry.npmjs.org/fastest-levenshtein/-/fastest-levenshtein-1.0.16.tgz 67406ms (cache miss)
8693 http fetch GET 200 https://registry.npmjs.org/@vue/compiler-dom/-/compiler-dom-3.5.43.tgz 69752ms (cache miss)
8694 http fetch GET 200 https://registry.npmjs.org/@dabh/diagnostics/-/diagnostics-2.0.9.tgz 70716ms (cache miss)
8695 http fetch GET 200 https://registry.npmjs.org/@pnpm/network.ca-file/-/network.ca-file-1.0.2.tgz 70651ms (cache miss)
8696 http fetch GET 200 https://registry.npmjs.org/source-map-js/-/source-map-js-1.2.2.tgz 69912ms (cache miss)
8697 http fetch GET 200 https://registry.npmjs.org/human-signals/-/human-signals-2.1.0.tgz 68734ms (cache miss)
8698 http fetch GET 200 https://registry.npmjs.org/@pinojs/redact/-/redact-0.4.0.tgz 70192ms (cache miss)
8699 http fetch GET 200 https://registry.npmjs.org/@netlify/cache/-/cache-4.0.1.tgz 68671ms (cache miss)
8700 http fetch GET 200 https://registry.npmjs.org/json-schema-ref-resolver/-/json-schema-ref-resolver-3.0.0.tgz 69395ms (cache miss)
8701 http fetch GET 200 https://registry.npmjs.org/chokidar/-/chokidar-4.0.3.tgz 67830ms (cache miss)
8702 http fetch GET 200 https://registry.npmjs.org/fast-equals/-/fast-equals-5.4.3.tgz 70503ms (cache miss)
8703 http fetch GET 200 https://registry.npmjs.org/execa/-/execa-8.0.1.tgz 68013ms (cache miss)
8704 http fetch GET 200 https://registry.npmjs.org/hot-shots/-/hot-shots-11.4.0.tgz 69386ms (cache miss)
8705 http fetch GET 200 https://registry.npmjs.org/execa/-/execa-8.0.1.tgz 68136ms (cache miss)
8706 http fetch GET 200 https://registry.npmjs.org/execa/-/execa-8.0.1.tgz 69071ms (cache miss)
8707 http fetch GET 200 https://registry.npmjs.org/execa/-/execa-8.0.1.tgz 68770ms (cache miss)
8708 http fetch GET 200 https://registry.npmjs.org/execa/-/execa-8.0.1.tgz 68361ms (cache miss)
8709 http fetch GET 200 https://registry.npmjs.org/execa/-/execa-8.0.1.tgz 68535ms (cache miss)
8710 http fetch GET 200 https://registry.npmjs.org/@octokit/graphql/-/graphql-9.0.5.tgz 69962ms (cache miss)
8711 http fetch GET 200 https://registry.npmjs.org/acorn/-/acorn-8.18.0.tgz 70310ms (cache miss)
8712 http fetch GET 200 https://registry.npmjs.org/@colors/colors/-/colors-1.6.1.tgz 73100ms (cache miss)
8713 http fetch GET 200 https://registry.npmjs.org/@jridgewell/trace-mapping/-/trace-mapping-0.3.9.tgz 72933ms (cache miss)
8714 http fetch GET 200 https://registry.npmjs.org/dotenv/-/dotenv-17.4.2.tgz 69896ms (cache miss)
8715 http fetch GET 200 https://registry.npmjs.org/import-in-the-middle/-/import-in-the-middle-3.5.2.tgz 70700ms (cache miss)
8716 http fetch GET 200 https://registry.npmjs.org/commander/-/commander-10.0.1.tgz 69442ms (cache miss)
8717 http fetch GET 200 https://registry.npmjs.org/@netlify/open-api/-/open-api-2.60.0.tgz 70313ms (cache miss)
8718 http fetch GET 200 https://registry.npmjs.org/@netlify/blobs/-/blobs-11.1.2.tgz 70067ms (cache miss)
8719 http fetch GET 200 https://registry.npmjs.org/estree-walker/-/estree-walker-2.0.2.tgz 71037ms (cache miss)
8720 http fetch GET 200 https://registry.npmjs.org/@netlify/edge-functions-dev/-/edge-functions-dev-2.0.2.tgz 70644ms (cache miss)
8721 http fetch GET 200 https://registry.npmjs.org/es-module-lexer/-/es-module-lexer-3.0.2.tgz 69959ms (cache miss)
8722 http fetch GET 200 https://registry.npmjs.org/ansi-to-html/-/ansi-to-html-0.7.2.tgz 70279ms (cache miss)
8723 http fetch GET 200 https://registry.npmjs.org/@netlify/blobs/-/blobs-10.7.13.tgz 69938ms (cache miss)
8724 http fetch GET 200 https://registry.npmjs.org/jsonwebtoken/-/jsonwebtoken-9.0.3.tgz 70470ms (cache miss)
8725 http fetch GET 200 https://registry.npmjs.org/@octokit/request/-/request-10.0.16.tgz 71213ms (cache miss)
8726 http fetch GET 200 https://registry.npmjs.org/commander/-/commander-11.1.0.tgz 70487ms (cache miss)
8727 http fetch GET 200 https://registry.npmjs.org/@bugsnag/browser/-/browser-8.10.0.tgz 71016ms (cache miss)
8728 http fetch GET 200 https://registry.npmjs.org/commander/-/commander-12.1.0.tgz 71053ms (cache miss)
8729 http fetch GET 200 https://registry.npmjs.org/colors/-/colors-1.4.0.tgz 73914ms (cache miss)
8730 http fetch GET 200 https://registry.npmjs.org/nanoid/-/nanoid-3.3.19.tgz 74102ms (cache miss)
8731 http fetch GET 200 https://registry.npmjs.org/ipx/-/ipx-3.1.1.tgz 72354ms (cache miss)
8732 http fetch GET 200 https://registry.npmjs.org/minipass/-/minipass-7.1.3.tgz 73198ms (cache miss)
8733 http fetch GET 200 https://registry.npmjs.org/ofetch/-/ofetch-1.5.1.tgz 73858ms (cache miss)
8734 http fetch GET 200 https://registry.npmjs.org/chalk/-/chalk-5.6.2.tgz 72023ms (cache miss)
8735 http fetch GET 200 https://registry.npmjs.org/netlify-redirector/-/netlify-redirector-0.5.0.tgz 72738ms (cache miss)
8736 http fetch GET 200 https://registry.npmjs.org/chalk/-/chalk-6.0.1.tgz 72531ms (cache miss)
8737 http fetch GET 200 https://registry.npmjs.org/micro-memoize/-/micro-memoize-5.2.0.tgz 73398ms (cache miss)
8738 http fetch GET 200 https://registry.npmjs.org/@opentelemetry/sdk-trace-node/-/sdk-trace-node-2.10.0.tgz 73564ms (cache miss)
8739 http fetch GET 200 https://registry.npmjs.org/path-scurry/-/path-scurry-2.0.2.tgz 74485ms (cache miss)
8740 http fetch GET 200 https://registry.npmjs.org/entities/-/entities-2.2.0.tgz 74389ms (cache miss)
8741 http fetch GET 200 https://registry.npmjs.org/sonic-boom/-/sonic-boom-4.2.1.tgz 75881ms (cache miss)
8742 http fetch GET 200 https://registry.npmjs.org/qs/-/qs-6.16.0.tgz 74894ms (cache miss)
8743 http fetch GET 200 https://registry.npmjs.org/@bugsnag/cuid/-/cuid-3.2.2.tgz 74185ms (cache miss)
8744 http fetch GET 200 https://registry.npmjs.org/@import-maps/resolve/-/resolve-2.0.0.tgz 74566ms (cache miss)
8745 http fetch GET 200 https://registry.npmjs.org/process-warning/-/process-warning-5.1.0.tgz 75319ms (cache miss)
8746 http fetch GET 200 https://registry.npmjs.org/@fastify/ajv-compiler/-/ajv-compiler-4.0.6.tgz 75034ms (cache miss)
8747 http fetch GET 200 https://registry.npmjs.org/minizlib/-/minizlib-3.1.0.tgz 77367ms (cache miss)
8748 http fetch GET 200 https://registry.npmjs.org/smol-toml/-/smol-toml-1.9.0.tgz 74882ms (cache miss)
8749 http fetch GET 200 https://registry.npmjs.org/http-proxy/-/http-proxy-1.18.1.tgz 74779ms (cache miss)
8750 http fetch GET 200 https://registry.npmjs.org/postcss-values-parser/-/postcss-values-parser-6.0.2.tgz 77135ms (cache miss)
8751 http fetch GET 200 https://registry.npmjs.org/ws/-/ws-8.22.0.tgz 75034ms (cache miss)
8752 http fetch GET 200 https://registry.npmjs.org/light-my-request/-/light-my-request-6.6.0.tgz 76321ms (cache miss)
8753 http fetch GET 200 https://registry.npmjs.org/minimist/-/minimist-1.2.8.tgz 76006ms (cache miss)
8754 http fetch GET 200 https://registry.npmjs.org/node-fetch/-/node-fetch-3.3.2.tgz 75957ms (cache miss)
8755 http fetch GET 200 https://registry.npmjs.org/listhen/-/listhen-1.10.1.tgz 77679ms (cache miss)
8756 http fetch GET 200 https://registry.npmjs.org/math-intrinsics/-/math-intrinsics-1.1.0.tgz 78624ms (cache miss)
8757 http fetch GET 200 https://registry.npmjs.org/node-exports-info/-/node-exports-info-1.6.2.tgz 79382ms (cache miss)
8758 http fetch GET 200 https://registry.npmjs.org/@octokit/plugin-paginate-rest/-/plugin-paginate-rest-14.0.0.tgz 77650ms (cache miss)
8759 http fetch GET 200 https://registry.npmjs.org/@fastify/busboy/-/busboy-3.2.2.tgz 78623ms (cache miss)
8760 http fetch GET 200 https://registry.npmjs.org/source-map/-/source-map-0.6.1.tgz 80261ms (cache miss)
8761 http fetch GET 200 https://registry.npmjs.org/pg/-/pg-8.23.1.tgz 79138ms (cache miss)
8762 http fetch GET 200 https://registry.npmjs.org/events/-/events-3.3.0.tgz 82990ms (cache miss)
8763 http fetch GET 200 https://registry.npmjs.org/readable-stream/-/readable-stream-2.3.8.tgz 80369ms (cache miss)
8764 http fetch GET 200 https://registry.npmjs.org/readable-stream/-/readable-stream-2.3.8.tgz 80130ms (cache miss)
8765 http fetch GET 200 https://registry.npmjs.org/readable-stream/-/readable-stream-2.3.8.tgz 80510ms (cache miss)
8766 http fetch GET 200 https://registry.npmjs.org/readable-stream/-/readable-stream-2.3.8.tgz 80597ms (cache miss)
8767 http fetch GET 200 https://registry.npmjs.org/bare-path/-/bare-path-3.1.2.tgz 84451ms (cache miss)
8768 http fetch GET 200 https://registry.npmjs.org/@octokit/types/-/types-18.0.0.tgz 82354ms (cache miss)
8769 http fetch GET 200 https://registry.npmjs.org/lru-cache/-/lru-cache-10.4.3.tgz 84213ms (cache miss)
8770 http fetch GET 200 https://registry.npmjs.org/mdn-data/-/mdn-data-2.27.1.tgz 85100ms (cache miss)
8771 http fetch GET 200 https://registry.npmjs.org/@jridgewell/sourcemap-codec/-/sourcemap-codec-1.6.0.tgz 84630ms (cache miss)
8772 http fetch GET 200 https://registry.npmjs.org/object-inspect/-/object-inspect-1.13.4.tgz 84966ms (cache miss)
8773 http fetch GET 200 https://registry.npmjs.org/nth-check/-/nth-check-2.1.1.tgz 84733ms (cache miss)
8774 http fetch GET 200 https://registry.npmjs.org/@octokit/types/-/types-16.0.0.tgz 83197ms (cache miss)
8775 http fetch GET 200 https://registry.npmjs.org/@octokit/types/-/types-16.0.0.tgz 83271ms (cache miss)
8776 http fetch GET 200 https://registry.npmjs.org/@babel/parser/-/parser-7.29.9.tgz 84670ms (cache miss)
8777 http fetch GET 200 https://registry.npmjs.org/diff/-/diff-4.0.4.tgz 87397ms (cache miss)
8778 http fetch GET 200 https://registry.npmjs.org/@vue/compiler-sfc/-/compiler-sfc-3.5.43.tgz 87087ms (cache miss)
8779 http fetch GET 200 https://registry.npmjs.org/iconv-lite/-/iconv-lite-0.7.3.tgz 86279ms (cache miss)
8780 http fetch GET 200 https://registry.npmjs.org/ulid/-/ulid-3.0.2.tgz 85498ms (cache miss)
8781 http fetch GET 200 https://registry.npmjs.org/readable-stream/-/readable-stream-3.6.2.tgz 86626ms (cache miss)
8782 http fetch GET 200 https://registry.npmjs.org/readable-stream/-/readable-stream-3.6.2.tgz 86678ms (cache miss)
8783 http fetch GET 200 https://registry.npmjs.org/mdn-data/-/mdn-data-2.0.28.tgz 86865ms (cache miss)
8784 http fetch GET 200 https://registry.npmjs.org/readable-stream/-/readable-stream-3.6.2.tgz 86864ms (cache miss)
8785 http fetch GET 200 https://registry.npmjs.org/jiti/-/jiti-2.7.0.tgz 89208ms (cache miss)
8786 http fetch GET 200 https://registry.npmjs.org/undici-types/-/undici-types-8.9.0.tgz 88011ms (cache miss)
8787 http fetch GET 200 https://registry.npmjs.org/@octokit/plugin-rest-endpoint-methods/-/plugin-rest-endpoint-methods-17.0.0.tgz 88079ms (cache miss)
8788 http fetch GET 200 https://registry.npmjs.org/@netlify/otel/-/otel-7.0.3.tgz 87697ms (cache miss)
8789 http fetch GET 200 https://registry.npmjs.org/ret/-/ret-0.5.0.tgz 90360ms (cache miss)
8790 http fetch GET 200 https://registry.npmjs.org/sharp/-/sharp-0.34.5.tgz 89888ms (cache miss)
8791 http fetch GET 200 https://registry.npmjs.org/inquirer/-/inquirer-8.2.7.tgz 88286ms (cache miss)
8792 http fetch GET 200 https://registry.npmjs.org/bare-fs/-/bare-fs-4.8.2.tgz 91392ms (cache miss)
8793 http fetch GET 200 https://registry.npmjs.org/lambda-local/-/lambda-local-2.2.0.tgz 88602ms (cache miss)
8794 http fetch GET 200 https://registry.npmjs.org/node-fetch-native/-/node-fetch-native-1.6.7.tgz 91085ms (cache miss)
8795 http fetch GET 200 https://registry.npmjs.org/logform/-/logform-2.7.0.tgz 92311ms (cache miss)
8796 warn deprecated node-domexception@1.0.0: Use your platform's native DOMException instead
8797 http fetch GET 200 https://registry.npmjs.org/@octokit/endpoint/-/endpoint-11.0.5.tgz 90869ms (cache miss)
8798 http fetch GET 200 https://registry.npmjs.org/node-mock-http/-/node-mock-http-1.0.5.tgz 92253ms (cache miss)
8799 http fetch GET 200 https://registry.npmjs.org/signal-exit/-/signal-exit-4.1.0.tgz 89509ms (cache miss)
8800 http fetch GET 200 https://registry.npmjs.org/pg-protocol/-/pg-protocol-1.16.1.tgz 92641ms (cache miss)
8801 http fetch GET 200 https://registry.npmjs.org/signal-exit/-/signal-exit-4.1.0.tgz 89967ms (cache miss)
8802 http fetch GET 200 https://registry.npmjs.org/signal-exit/-/signal-exit-4.1.0.tgz 89874ms (cache miss)
8803 http fetch GET 200 https://registry.npmjs.org/nan/-/nan-2.29.0.tgz 93722ms (cache miss)
8804 http fetch GET 200 https://registry.npmjs.org/consola/-/consola-3.4.2.tgz 92144ms (cache miss)
8805 http fetch GET 200 https://registry.npmjs.org/fast-uri/-/fast-uri-3.1.8.tgz 93161ms (cache miss)
8806 http fetch GET 200 https://registry.npmjs.org/@mapbox/node-pre-gyp/-/node-pre-gyp-2.0.3.tgz 93371ms (cache miss)
8807 http fetch GET 200 https://registry.npmjs.org/chardet/-/chardet-2.2.0.tgz 94530ms (cache miss)
8808 http fetch GET 200 https://registry.npmjs.org/css-what/-/css-what-7.0.0.tgz 96886ms (cache miss)
8809 http fetch GET 200 https://registry.npmjs.org/type-fest/-/type-fest-0.21.3.tgz 94072ms (cache miss)
8810 http fetch GET 200 https://registry.npmjs.org/type-fest/-/type-fest-0.21.3.tgz 94122ms (cache miss)
8811 http fetch GET 200 https://registry.npmjs.org/cron-parser/-/cron-parser-5.10.1.tgz 94983ms (cache miss)
8812 http fetch GET 200 https://registry.npmjs.org/readable-stream/-/readable-stream-4.7.0.tgz 95974ms (cache miss)
8813 http fetch GET 200 https://registry.npmjs.org/postcss/-/postcss-8.5.28.tgz 98354ms (cache miss)
8814 http fetch GET 200 https://registry.npmjs.org/winston/-/winston-3.19.0.tgz 98408ms (cache miss)
8815 http fetch GET 200 https://registry.npmjs.org/semver/-/semver-7.8.5.tgz 96574ms (cache miss)
8816 http fetch GET 200 https://registry.npmjs.org/fast-uri/-/fast-uri-4.2.1.tgz 96268ms (cache miss)
8817 http fetch GET 200 https://registry.npmjs.org/@vercel/nft/-/nft-1.3.1.tgz 97154ms (cache miss)
8818 http fetch GET 200 https://registry.npmjs.org/fast-uri/-/fast-uri-4.2.1.tgz 96328ms (cache miss)
8819 http fetch GET 200 https://registry.npmjs.org/@whatwg-node/server/-/server-0.11.0.tgz 97313ms (cache miss)
8820 http fetch GET 200 https://registry.npmjs.org/enquirer/-/enquirer-2.4.1.tgz 97615ms (cache miss)
8821 http fetch GET 200 https://registry.npmjs.org/pg-gateway/-/pg-gateway-0.3.0-beta.4.tgz 97428ms (cache miss)
8822 http fetch GET 200 https://registry.npmjs.org/isexe/-/isexe-4.0.0.tgz 97130ms (cache miss)
8823 http fetch GET 200 https://registry.npmjs.org/@octokit/openapi-types/-/openapi-types-27.0.0.tgz 96894ms (cache miss)
8824 http fetch GET 200 https://registry.npmjs.org/@octokit/openapi-types/-/openapi-types-27.0.0.tgz 97211ms (cache miss)
8825 http fetch GET 200 https://registry.npmjs.org/@octokit/openapi-types/-/openapi-types-29.0.1.tgz 98652ms (cache miss)
8826 http fetch GET 200 https://registry.npmjs.org/crossws/-/crossws-0.3.5.tgz 100321ms (cache miss)
8827 http fetch GET 200 https://registry.npmjs.org/thread-stream/-/thread-stream-4.2.0.tgz 100737ms (cache miss)
8828 http fetch GET 200 https://registry.npmjs.org/@pnpm/tabtab/-/tabtab-0.5.4.tgz 98775ms (cache miss)
8829 http fetch GET 200 https://registry.npmjs.org/@fastify/send/-/send-4.1.1.tgz 99881ms (cache miss)
8830 http fetch GET 200 https://registry.npmjs.org/@bugsnag/core/-/core-8.9.0.tgz 100134ms (cache miss)
8831 http fetch GET 200 https://registry.npmjs.org/bare-url/-/bare-url-2.5.4.tgz 103451ms (cache miss)
8832 http fetch GET 200 https://registry.npmjs.org/avvio/-/avvio-9.3.0.tgz 103869ms (cache miss)
8833 http fetch GET 200 https://registry.npmjs.org/fast-glob/-/fast-glob-3.3.3.tgz 103307ms (cache miss)
8834 http fetch GET 200 https://registry.npmjs.org/yargs/-/yargs-17.7.3.tgz 103119ms (cache miss)
8835 http fetch GET 200 https://registry.npmjs.org/domutils/-/domutils-3.2.2.tgz 105979ms (cache miss)
8836 http fetch GET 200 https://registry.npmjs.org/minimatch/-/minimatch-10.2.6.tgz 103775ms (cache miss)
8837 http fetch GET 200 https://registry.npmjs.org/node-forge/-/node-forge-1.4.0.tgz 105844ms (cache miss)
8838 http fetch GET 200 https://registry.npmjs.org/@netlify/local-functions-proxy-win32-x64/-/local-functions-proxy-win32-x64-1.1.1.tgz 105181ms (cache miss)
8839 http fetch GET 200 https://registry.npmjs.org/@netlify/serverless-functions-api/-/serverless-functions-api-2.18.0.tgz 103786ms (cache miss)
8840 http fetch GET 200 https://registry.npmjs.org/http-proxy-middleware/-/http-proxy-middleware-3.0.7.tgz 105331ms (cache miss)
8841 http fetch GET 200 https://registry.npmjs.org/@netlify/serverless-functions-api/-/serverless-functions-api-2.23.0.tgz 106069ms (cache miss)
8842 http fetch GET 200 https://registry.npmjs.org/fast-json-stringify/-/fast-json-stringify-7.0.1.tgz 108400ms (cache miss)
8843 http fetch GET 200 https://registry.npmjs.org/entities/-/entities-4.5.0.tgz 108344ms (cache miss)
8844 http fetch GET 200 https://registry.npmjs.org/ky/-/ky-1.14.3.tgz 112038ms (cache miss)
8845 http fetch GET 200 https://registry.npmjs.org/@whatwg-node/node-fetch/-/node-fetch-0.8.6.tgz 109826ms (cache miss)
8846 http fetch GET 200 https://registry.npmjs.org/luxon/-/luxon-3.7.2.tgz 110310ms (cache miss)
8847 http fetch GET 200 https://registry.npmjs.org/crossws/-/crossws-0.4.12.tgz 109227ms (cache miss)
8848 http fetch GET 200 https://registry.npmjs.org/@opentelemetry/sdk-trace-base/-/sdk-trace-base-2.10.0.tgz 110371ms (cache miss)
8849 http fetch GET 200 https://registry.npmjs.org/better-ajv-errors/-/better-ajv-errors-1.2.0.tgz 109799ms (cache miss)
8850 http fetch GET 200 https://registry.npmjs.org/find-my-way/-/find-my-way-9.9.0.tgz 111178ms (cache miss)
8851 http fetch GET 200 https://registry.npmjs.org/@opentelemetry/sdk-trace-base/-/sdk-trace-base-2.9.0.tgz 110040ms (cache miss)
8852 http fetch GET 200 https://registry.npmjs.org/@types/node/-/node-26.6.3.tgz 110945ms (cache miss)
8853 http fetch GET 200 https://registry.npmjs.org/@typescript-eslint/typescript-estree/-/typescript-estree-8.71.0.tgz 113245ms (cache miss)
8854 http fetch GET 200 https://registry.npmjs.org/glob/-/glob-13.0.6.tgz 111376ms (cache miss)
8855 http fetch GET 200 https://registry.npmjs.org/@fastify/static/-/static-10.1.5.tgz 111916ms (cache miss)
8856 http fetch GET 200 https://registry.npmjs.org/async/-/async-3.2.6.tgz 113937ms (cache miss)
8857 http fetch GET 200 https://registry.npmjs.org/csso/-/csso-5.0.5.tgz 119816ms (cache miss)
8858 http fetch GET 200 https://registry.npmjs.org/ts-node/-/ts-node-10.9.2.tgz 119081ms (cache miss)
8859 http fetch GET 200 https://registry.npmjs.org/@esbuild/win32-x64/-/win32-x64-0.28.1.tgz 123042ms (cache miss)
8860 http fetch GET 200 https://registry.npmjs.org/web-streams-polyfill/-/web-streams-polyfill-3.3.3.tgz 124903ms (cache miss)
8861 http fetch GET 200 https://registry.npmjs.org/resolve/-/resolve-2.0.0-next.7.tgz 124468ms (cache miss)
8862 http fetch GET 200 https://registry.npmjs.org/@netlify/config/-/config-25.2.6.tgz 124679ms (cache miss)
8863 http fetch GET 200 https://registry.npmjs.org/entities/-/entities-7.0.1.tgz 126361ms (cache miss)
8864 http fetch GET 200 https://registry.npmjs.org/type-fest/-/type-fest-4.41.0.tgz 129535ms (cache miss)
8865 http fetch GET 200 https://registry.npmjs.org/@opentelemetry/api-logs/-/api-logs-0.221.0.tgz 129908ms (cache miss)
8866 http fetch GET 200 https://registry.npmjs.org/css-select/-/css-select-6.0.0.tgz 132896ms (cache miss)
8867 http fetch GET 200 https://registry.npmjs.org/@opentelemetry/api-logs/-/api-logs-0.220.0.tgz 129913ms (cache miss)
8868 http fetch GET 200 https://registry.npmjs.org/svgo/-/svgo-4.1.0.tgz 133893ms (cache miss)
8869 http fetch GET 200 https://registry.npmjs.org/unstorage/-/unstorage-1.17.5.tgz 138252ms (cache miss)
8870 http fetch GET 200 https://registry.npmjs.org/lru-cache/-/lru-cache-11.5.3.tgz 138931ms (cache miss)
8871 http fetch GET 200 https://registry.npmjs.org/lru-cache/-/lru-cache-11.5.3.tgz 139145ms (cache miss)
8872 http fetch GET 200 https://registry.npmjs.org/lru-cache/-/lru-cache-11.5.3.tgz 139254ms (cache miss)
8873 http fetch GET 200 https://registry.npmjs.org/type-fest/-/type-fest-5.10.0.tgz 141371ms (cache miss)
8874 http fetch GET 200 https://registry.npmjs.org/type-fest/-/type-fest-5.10.0.tgz 141778ms (cache miss)
8875 http fetch GET 200 https://registry.npmjs.org/@img/sharp-win32-x64/-/sharp-win32-x64-0.34.5.tgz 145246ms (cache miss)
8876 http fetch GET 200 https://registry.npmjs.org/pino/-/pino-10.3.1.tgz 144502ms (cache miss)
8877 http fetch GET 200 https://registry.npmjs.org/@babel/types/-/types-7.29.8.tgz 149836ms (cache miss)
8878 http fetch GET 200 https://registry.npmjs.org/@opentelemetry/semantic-conventions/-/semantic-conventions-1.43.0.tgz 155744ms (cache miss)
8879 http fetch GET 200 https://registry.npmjs.org/@opentelemetry/instrumentation/-/instrumentation-0.221.0.tgz 156020ms (cache miss)
8880 http fetch GET 200 https://registry.npmjs.org/@opentelemetry/instrumentation/-/instrumentation-0.220.0.tgz 155223ms (cache miss)
8881 http fetch GET 200 https://registry.npmjs.org/@netlify/edge-bundler/-/edge-bundler-16.1.1.tgz 156033ms (cache miss)
8882 http fetch GET 200 https://registry.npmjs.org/@netlify/zip-it-and-ship-it/-/zip-it-and-ship-it-16.2.3.tgz 156684ms (cache miss)
8883 http fetch GET 200 https://registry.npmjs.org/yaml/-/yaml-2.9.1.tgz 157787ms (cache miss)
8884 http fetch GET 200 https://registry.npmjs.org/tar/-/tar-7.5.22.tgz 159060ms (cache miss)
8885 http fetch GET 200 https://registry.npmjs.org/css-tree/-/css-tree-2.2.1.tgz 159318ms (cache miss)
8886 http fetch GET 200 https://registry.npmjs.org/typescript/-/typescript-5.9.3.tgz 161159ms (cache miss)
8887 http fetch GET 200 https://registry.npmjs.org/css-tree/-/css-tree-3.2.1.tgz 164525ms (cache miss)
8888 http fetch GET 200 https://registry.npmjs.org/@netlify/build-info/-/build-info-11.3.0.tgz 162420ms (cache miss)
8889 http fetch GET 200 https://registry.npmjs.org/fastify/-/fastify-5.12.5.tgz 163989ms (cache miss)
8890 http fetch GET 200 https://registry.npmjs.org/@opentelemetry/sdk-trace/-/sdk-trace-2.10.0.tgz 167080ms (cache miss)
8891 http fetch GET 200 https://registry.npmjs.org/@opentelemetry/sdk-trace/-/sdk-trace-2.9.0.tgz 166196ms (cache miss)
8892 http fetch GET 200 https://registry.npmjs.org/@opentelemetry/core/-/core-2.10.0.tgz 168511ms (cache miss)
8893 http fetch GET 200 https://registry.npmjs.org/@opentelemetry/core/-/core-2.9.0.tgz 167633ms (cache miss)
8894 http fetch GET 200 https://registry.npmjs.org/@opentelemetry/core/-/core-2.8.0.tgz 167721ms (cache miss)
8895 http fetch GET 200 https://registry.npmjs.org/@opentelemetry/core/-/core-2.9.0.tgz 167743ms (cache miss)
8896 http fetch GET 200 https://registry.npmjs.org/@netlify/build/-/build-37.3.3.tgz 168086ms (cache miss)
8897 http fetch GET 200 https://registry.npmjs.org/@opentelemetry/core/-/core-2.9.0.tgz 167762ms (cache miss)
8898 http fetch GET 200 https://registry.npmjs.org/@opentelemetry/core/-/core-2.9.0.tgz 167851ms (cache miss)
8899 http fetch GET 200 https://registry.npmjs.org/@opentelemetry/resources/-/resources-2.10.0.tgz 169508ms (cache miss)
8900 http fetch GET 200 https://registry.npmjs.org/@opentelemetry/resources/-/resources-2.9.0.tgz 168682ms (cache miss)
8901 http fetch GET 200 https://registry.npmjs.org/@electric-sql/pglite/-/pglite-0.3.16.tgz 172083ms (cache miss)
8902 http fetch GET 200 https://registry.npmjs.org/ajv/-/ajv-8.20.0.tgz 175471ms (cache miss)
8903 http fetch GET 200 https://registry.npmjs.org/lodash/-/lodash-4.18.1.tgz 181538ms (cache miss)
8904 http fetch GET 200 https://registry.npmjs.org/netlify-cli/-/netlify-cli-27.10.2.tgz 185282ms (cache miss)
8905 http fetch GET 200 https://registry.npmjs.org/@opentelemetry/api/-/api-1.9.1.tgz 185441ms (cache miss)
8906 http fetch GET 200 https://registry.npmjs.org/zod/-/zod-4.6.5.tgz 191024ms (cache miss)
8907 http fetch GET 200 https://registry.npmjs.org/es-abstract/-/es-abstract-1.24.2.tgz 216850ms (cache miss)
8908 http fetch GET 200 https://registry.npmjs.org/rxjs/-/rxjs-7.8.2.tgz 238577ms (cache miss)
8909 http fetch GET 200 https://registry.npmjs.org/rxjs/-/rxjs-6.6.7.tgz 244573ms (cache miss)
8910 info run sharp@0.34.5 install node_modules/sharp node install/check.js || npm run build
8911 info run unix-dgram@2.0.7 install node_modules/unix-dgram node-gyp rebuild
8912 info run sharp@0.34.5 install { code: 0, signal: null }
8913 info run unix-dgram@2.0.7 install { code: 1, signal: null }
8914 verbose reify failed optional dependency C:\Users\Elen\OneDrive\Compartilhado\Fazenda\.netlify-cli\node_modules\unix-dgram
8915 silly reify mark deleted [
8915 silly reify   'C:\\Users\\Elen\\OneDrive\\Compartilhado\\Fazenda\\.netlify-cli\\node_modules\\unix-dgram'
8915 silly reify ]
8916 verbose reify failed optional dependency C:\Users\Elen\OneDrive\Compartilhado\Fazenda\.netlify-cli\node_modules\nan
8917 silly reify mark deleted [
8917 silly reify   'C:\\Users\\Elen\\OneDrive\\Compartilhado\\Fazenda\\.netlify-cli\\node_modules\\nan'
8917 silly reify ]
8918 info run esbuild@0.28.1 postinstall node_modules/esbuild node install.js
8919 info run netlify-cli@27.10.2 postinstall node_modules/netlify-cli node ./scripts/postinstall.js
8920 info run esbuild@0.28.1 postinstall { code: 0, signal: null }
8921 info run netlify-cli@27.10.2 postinstall { code: 0, signal: null }
8922 silly ADD node_modules/remove-trailing-separator
8923 silly ADD node_modules/mimic-function
8924 silly ADD node_modules/anymatch
8925 silly ADD node_modules/anymatch/node_modules/picomatch
8926 silly ADD node_modules/process-nextick-args
8927 silly ADD node_modules/core-util-is
8928 silly ADD node_modules/tagged-tag
8929 silly ADD node_modules/unpipe
8930 silly ADD node_modules/util-deprecate
8931 silly ADD node_modules/webidl-conversions
8932 silly ADD node_modules/tr46
8933 silly ADD node_modules/whatwg-url
8934 silly ADD node_modules/crc32-stream
8935 silly ADD node_modules/crc-32
8936 silly ADD node_modules/compress-commons
8937 silly ADD node_modules/pend
8938 silly ADD node_modules/yargs-parser
8939 silly ADD node_modules/y18n
8940 silly ADD node_modules/require-directory
8941 silly ADD node_modules/get-caller-file
8942 silly ADD node_modules/escalade
8943 silly ADD node_modules/cliui
8944 silly ADD node_modules/cliui/node_modules/color-convert
8945 silly ADD node_modules/cliui/node_modules/ansi-styles
8946 silly ADD node_modules/cliui/node_modules/is-fullwidth-code-point
8947 silly ADD node_modules/cliui/node_modules/emoji-regex
8948 silly ADD node_modules/cliui/node_modules/wrap-ansi
8949 silly ADD node_modules/cliui/node_modules/string-width
8950 silly ADD node_modules/cssfilter
8951 silly ADD node_modules/imurmurhash
8952 silly ADD node_modules/fn.name
8953 silly ADD node_modules/fecha
8954 silly ADD node_modules/@types/triple-beam
8955 silly ADD node_modules/color-string
8956 silly ADD node_modules/color-string/node_modules/color-name
8957 silly ADD node_modules/color-convert
8958 silly ADD node_modules/color-convert/node_modules/color-name
8959 silly ADD node_modules/text-hex
8960 silly ADD node_modules/color
8961 silly ADD node_modules/kuler
8962 silly ADD node_modules/enabled
8963 silly ADD node_modules/@so-ric/colorspace
8964 silly ADD node_modules/winston-transport
8965 silly ADD node_modules/winston-transport/node_modules/readable-stream
8966 silly ADD node_modules/triple-beam
8967 silly ADD node_modules/stack-trace
8968 silly ADD node_modules/one-time
8969 silly ADD node_modules/logform
8970 silly ADD node_modules/logform/node_modules/@colors/colors
8971 silly ADD node_modules/@dabh/diagnostics
8972 silly ADD node_modules/@colors/colors
8973 silly ADD node_modules/is-weakset
8974 silly ADD node_modules/is-weakmap
8975 silly ADD node_modules/is-map
8976 silly ADD node_modules/generator-function
8977 silly ADD node_modules/async-function
8978 silly ADD node_modules/which-collection
8979 silly ADD node_modules/is-generator-function
8980 silly ADD node_modules/is-finalizationregistry
8981 silly ADD node_modules/is-async-function
8982 silly ADD node_modules/is-number-object
8983 silly ADD node_modules/is-boolean-object
8984 silly ADD node_modules/is-bigint
8985 silly ADD node_modules/clone
8986 silly ADD node_modules/defaults
8987 silly ADD node_modules/spdx-exceptions
8988 silly ADD node_modules/spdx-license-ids
8989 silly ADD node_modules/spdx-expression-parse
8990 silly ADD node_modules/spdx-correct
8991 silly ADD node_modules/strip-json-comments
8992 silly ADD node_modules/deep-extend
8993 silly ADD node_modules/rc
8994 silly ADD node_modules/proto-list
8995 silly ADD node_modules/config-chain
8996 silly ADD node_modules/@pnpm/network.ca-file
8997 silly ADD node_modules/@pnpm/network.ca-file/node_modules/graceful-fs
8998 silly ADD node_modules/@pnpm/config.env-replace
8999 silly ADD node_modules/@pnpm/npm-conf
9000 silly ADD node_modules/escape-goat
9001 silly ADD node_modules/registry-url
9002 silly ADD node_modules/registry-auth-token
9003 silly ADD node_modules/ky
9004 silly ADD node_modules/package-json
9005 silly ADD node_modules/global-directory
9006 silly ADD node_modules/global-directory/node_modules/ini
9007 silly ADD node_modules/xdg-basedir
9008 silly ADD node_modules/pupa
9009 silly ADD node_modules/latest-version
9010 silly ADD node_modules/is-npm
9011 silly ADD node_modules/is-installed-globally
9012 silly ADD node_modules/is-in-ci
9013 silly ADD node_modules/configstore
9014 silly ADD node_modules/configstore/node_modules/dot-prop
9015 silly ADD
9016 silly ADD node_modules/which-boxed-primitive
9017 silly ADD node_modules/has-bigints
9018 silly ADD node_modules/random-bytes
9019 silly ADD node_modules/which-builtin-type
9020 silly ADD node_modules/reflect.getprototypeof
9021 silly ADD node_modules/for-each
9022 silly ADD node_modules/media-typer
9023 silly ADD node_modules/@jridgewell/resolve-uri
9024 silly ADD node_modules/@jridgewell/trace-mapping
9025 silly ADD node_modules/yn
9026 silly ADD node_modules/v8-compile-cache-lib
9027 silly ADD node_modules/make-error
9028 silly ADD node_modules/diff
9029 silly ADD node_modules/create-require
9030 silly ADD node_modules/arg
9031 silly ADD node_modules/acorn-walk
9032 silly ADD node_modules/@tsconfig/node16
9033 silly ADD node_modules/@tsconfig/node14
9034 silly ADD node_modules/@tsconfig/node12
9035 silly ADD node_modules/@tsconfig/node10
9036 silly ADD node_modules/@cspotcode/source-map-support
9037 silly ADD node_modules/is-number
9038 silly ADD node_modules/tmp
9039 silly ADD node_modules/has-flag
9040 silly ADD node_modules/supports-hyperlinks
9041 silly ADD node_modules/supports-hyperlinks/node_modules/supports-color
9042 silly ADD node_modules/text-decoder
9043 silly ADD node_modules/events-universal
9044 silly ADD node_modules/teex
9045 silly ADD node_modules/bare-url
9046 silly ADD node_modules/bare-stream
9047 silly ADD node_modules/bare-path
9048 silly ADD node_modules/bare-events
9049 silly ADD node_modules/streamx
9050 silly ADD node_modules/fast-fifo
9051 silly ADD node_modules/bare-fs
9052 silly ADD node_modules/b4a
9053 silly ADD node_modules/yallist
9054 silly ADD node_modules/minizlib
9055 silly ADD node_modules/chownr
9056 silly ADD node_modules/@isaacs/fs-minipass
9057 silly ADD node_modules/dom-serializer
9058 silly ADD node_modules/dom-serializer/node_modules/entities
9059 silly ADD node_modules/domelementtype
9060 silly ADD node_modules/mdn-data
9061 silly ADD node_modules/nth-check
9062 silly ADD node_modules/domutils
9063 silly ADD node_modules/domhandler
9064 silly ADD node_modules/boolbase
9065 silly ADD node_modules/sax
9066 silly ADD node_modules/csso
9067 silly ADD node_modules/csso/node_modules/mdn-data
9068 silly ADD node_modules/csso/node_modules/css-tree
9069 silly ADD node_modules/css-what
9070 silly ADD node_modules/css-tree
9071 silly ADD node_modules/css-select
9072 silly ADD node_modules/stubborn-utils
9073 silly ADD node_modules/ansi-regex
9074 silly ADD node_modules/emoji-regex
9075 silly ADD node_modules/buffer-from
9076 silly ADD node_modules/get-east-asian-width
9077 silly ADD node_modules/is-fullwidth-code-point
9078 silly ADD node_modules/ansi-styles
9079 silly ADD node_modules/side-channel-weakmap
9080 silly ADD node_modules/side-channel-map
9081 silly ADD node_modules/side-channel-list
9082 silly ADD node_modules/shebang-regex
9083 silly ADD node_modules/@img/sharp-win32-x64
9084 silly ADD node_modules/@img/colour
9085 silly ADD node_modules/ret
9086 silly ADD node_modules/isarray
9087 silly ADD node_modules/queue-microtask
9088 silly ADD node_modules/path-to-regexp
9089 silly ADD node_modules/is-promise
9090 silly ADD node_modules/set-function-name
9091 silly ADD node_modules/dunder-proto
9092 silly ADD node_modules/is-document.all
9093 silly ADD node_modules/functions-have-names
9094 silly ADD node_modules/is-symbol
9095 silly ADD node_modules/is-date-object
9096 silly ADD node_modules/es-abstract-get
9097 silly ADD node_modules/has-tostringtag
9098 silly ADD node_modules/possible-typed-array-names
9099 silly ADD node_modules/which-typed-array
9100 silly ADD node_modules/unbox-primitive
9101 silly ADD node_modules/typed-array-length
9102 silly ADD node_modules/typed-array-byte-offset
9103 silly ADD node_modules/typed-array-byte-length
9104 silly ADD node_modules/typed-array-buffer
9105 silly ADD node_modules/string.prototype.trimstart
9106 silly ADD node_modules/string.prototype.trimend
9107 silly ADD node_modules/string.prototype.trim
9108 silly ADD node_modules/stop-iteration-iterator
9109 silly ADD node_modules/set-proto
9110 silly ADD node_modules/safe-regex-test
9111 silly ADD node_modules/safe-push-apply
9112 silly ADD node_modules/safe-array-concat
9113 silly ADD node_modules/regexp.prototype.flags
9114 silly ADD node_modules/own-keys
9115 silly ADD node_modules/object.assign
9116 silly ADD node_modules/object-inspect
9117 silly ADD node_modules/math-intrinsics
9118 silly ADD node_modules/is-weakref
9119 silly ADD node_modules/is-typed-array
9120 silly ADD node_modules/is-string
9121 silly ADD node_modules/is-shared-array-buffer
9122 silly ADD node_modules/is-set
9123 silly ADD node_modules/is-regex
9124 silly ADD node_modules/is-negative-zero
9125 silly ADD node_modules/is-data-view
9126 silly ADD node_modules/is-callable
9127 silly ADD node_modules/is-array-buffer
9128 silly ADD node_modules/internal-slot
9129 silly ADD node_modules/has-symbols
9130 silly ADD node_modules/has-proto
9131 silly ADD node_modules/globalthis
9132 silly ADD node_modules/get-symbol-description
9133 silly ADD node_modules/get-proto
9134 silly ADD node_modules/function.prototype.name
9135 silly ADD node_modules/es-to-primitive
9136 silly ADD node_modules/es-set-tostringtag
9137 silly ADD node_modules/es-object-atoms
9138 silly ADD node_modules/data-view-byte-offset
9139 silly ADD node_modules/data-view-byte-length
9140 silly ADD node_modules/data-view-buffer
9141 silly ADD node_modules/call-bound
9142 silly ADD node_modules/available-typed-arrays
9143 silly ADD node_modules/arraybuffer.prototype.slice
9144 silly ADD node_modules/array-buffer-byte-length
9145 silly ADD node_modules/gopd
9146 silly ADD node_modules/has-property-descriptors
9147 silly ADD node_modules/define-data-property
9148 silly ADD node_modules/set-function-length
9149 silly ADD node_modules/get-intrinsic
9150 silly ADD node_modules/call-bind-apply-helpers
9151 silly ADD node_modules/es-shim-unscopables
9152 silly ADD node_modules/es-abstract
9153 silly ADD node_modules/define-properties
9154 silly ADD node_modules/call-bind
9155 silly ADD node_modules/object.entries
9156 silly ADD node_modules/array.prototype.flatmap
9157 silly ADD node_modules/function-bind
9158 silly ADD node_modules/hasown
9159 silly ADD node_modules/supports-preserve-symlinks-flag
9160 silly ADD node_modules/path-parse
9161 silly ADD node_modules/object-keys
9162 silly ADD node_modules/node-exports-info
9163 silly ADD node_modules/node-exports-info/node_modules/semver
9164 silly ADD node_modules/is-core-module
9165 silly ADD node_modules/es-errors
9166 silly ADD node_modules/event-target-shim
9167 silly ADD node_modules/string_decoder
9168 silly ADD node_modules/process
9169 silly ADD node_modules/events
9170 silly ADD node_modules/abort-controller
9171 silly ADD node_modules/index-to-position
9172 silly ADD node_modules/parse-json
9173 silly ADD node_modules/@types/normalize-package-data
9174 silly ADD node_modules/side-channel
9175 silly ADD node_modules/es-define-property
9176 silly ADD node_modules/end-of-stream
9177 silly ADD node_modules/forwarded
9178 silly ADD node_modules/colors
9179 silly ADD node_modules/parse-ms
9180 silly ADD node_modules/quote-unquote
9181 silly ADD node_modules/color-name
9182 silly ADD node_modules/nanoid
9183 silly ADD node_modules/@jridgewell/sourcemap-codec
9184 silly ADD node_modules/source-map
9185 silly ADD node_modules/esutils
9186 silly ADD node_modules/estraverse
9187 silly ADD node_modules/source-map-js
9188 silly ADD node_modules/magic-string
9189 silly ADD node_modules/@vue/shared
9190 silly ADD node_modules/@vue/compiler-ssr
9191 silly ADD node_modules/@vue/compiler-dom
9192 silly ADD node_modules/@vue/compiler-core
9193 silly ADD node_modules/@vue/compiler-core/node_modules/entities
9194 silly ADD node_modules/@vue/compiler-sfc
9195 silly ADD node_modules/eslint-visitor-keys
9196 silly ADD node_modules/ts-api-utils
9197 silly ADD node_modules/tinyglobby
9198 silly ADD node_modules/@typescript-eslint/visitor-keys
9199 silly ADD node_modules/@typescript-eslint/types
9200 silly ADD node_modules/@typescript-eslint/tsconfig-utils
9201 silly ADD node_modules/@typescript-eslint/project-service
9202 silly ADD node_modules/@typescript-eslint/typescript-estree
9203 silly ADD node_modules/postcss-values-parser
9204 silly ADD node_modules/is-url-superb
9205 silly ADD node_modules/get-amd-module-type
9206 silly ADD node_modules/escodegen
9207 silly ADD node_modules/ast-module-types
9208 silly ADD node_modules/gonzales-pe
9209 silly ADD node_modules/node-source-walk
9210 silly ADD node_modules/module-definition
9211 silly ADD node_modules/detective-vue2
9212 silly ADD node_modules/detective-typescript
9213 silly ADD node_modules/detective-stylus
9214 silly ADD node_modules/detective-scss
9215 silly ADD node_modules/detective-sass
9216 silly ADD node_modules/postcss
9217 silly ADD node_modules/detective-postcss
9218 silly ADD node_modules/detective-es6
9219 silly ADD node_modules/detective-cjs
9220 silly ADD node_modules/detective-amd
9221 silly ADD node_modules/@dependents/detective-less
9222 silly ADD node_modules/xtend
9223 silly ADD node_modules/thread-stream
9224 silly ADD node_modules/thread-stream/node_modules/real-require
9225 silly ADD node_modules/sonic-boom
9226 silly ADD node_modules/safe-stable-stringify
9227 silly ADD node_modules/real-require
9228 silly ADD node_modules/quick-format-unescaped
9229 silly ADD node_modules/pino-std-serializers
9230 silly ADD node_modules/pino-abstract-transport
9231 silly ADD node_modules/pino-abstract-transport/node_modules/split2
9232 silly ADD node_modules/on-exit-leak-free
9233 silly ADD node_modules/atomic-sleep
9234 silly ADD node_modules/@pinojs/redact
9235 silly ADD node_modules/postgres-interval
9236 silly ADD node_modules/postgres-date
9237 silly ADD node_modules/postgres-bytea
9238 silly ADD node_modules/postgres-array
9239 silly ADD node_modules/pg-int8
9240 silly ADD node_modules/pgpass
9241 silly ADD node_modules/pgpass/node_modules/split2
9242 silly ADD node_modules/pg-types
9243 silly ADD node_modules/pg-protocol
9244 silly ADD node_modules/pg-pool
9245 silly ADD node_modules/pg-connection-string
9246 silly ADD node_modules/pg-cloudflare
9247 silly ADD node_modules/slashes
9248 silly ADD node_modules/cyclist
9249 silly ADD node_modules/find-up-simple
9250 silly ADD node_modules/retry
9251 silly ADD node_modules/is-network-error
9252 silly ADD node_modules/@types/retry
9253 silly ADD node_modules/yocto-queue
9254 silly ADD node_modules/p-limit
9255 silly ADD node_modules/p-timeout
9256 silly ADD node_modules/windows-release
9257 silly ADD node_modules/windows-release/node_modules/path-key
9258 silly ADD node_modules/windows-release/node_modules/strip-final-newline
9259 silly ADD node_modules/windows-release/node_modules/signal-exit
9260 silly ADD node_modules/windows-release/node_modules/onetime
9261 silly ADD node_modules/windows-release/node_modules/npm-run-path
9262 silly ADD node_modules/windows-release/node_modules/is-stream
9263 silly ADD node_modules/windows-release/node_modules/human-signals
9264 silly ADD node_modules/windows-release/node_modules/get-stream
9265 silly ADD node_modules/windows-release/node_modules/execa
9266 silly ADD node_modules/macos-release
9267 silly ADD node_modules/ieee754
9268 silly ADD node_modules/base64-js
9269 silly ADD node_modules/buffer
9270 silly ADD node_modules/wcwidth
9271 silly ADD node_modules/log-symbols
9272 silly ADD node_modules/log-symbols/node_modules/has-flag
9273 silly ADD node_modules/log-symbols/node_modules/color-convert
9274 silly ADD node_modules/log-symbols/node_modules/supports-color
9275 silly ADD node_modules/log-symbols/node_modules/ansi-styles
9276 silly ADD node_modules/log-symbols/node_modules/is-unicode-supported
9277 silly ADD node_modules/log-symbols/node_modules/chalk
9278 silly ADD node_modules/is-interactive
9279 silly ADD node_modules/cli-spinners
9280 silly ADD node_modules/bl
9281 silly ADD node_modules/bl/node_modules/readable-stream
9282 silly ADD node_modules/run-applescript
9283 silly ADD node_modules/default-browser-id
9284 silly ADD node_modules/bundle-name
9285 silly ADD node_modules/wsl-utils
9286 silly ADD node_modules/powershell-utils
9287 silly ADD node_modules/is-in-ssh
9288 silly ADD node_modules/define-lazy-prop
9289 silly ADD node_modules/default-browser
9290 silly ADD node_modules/wrappy
9291 silly ADD node_modules/ee-first
9292 silly ADD node_modules/node-fetch-native
9293 silly ADD node_modules/lru-cache
9294 silly ADD node_modules/validate-npm-package-license
9295 silly ADD node_modules/hosted-git-info
9296 silly ADD node_modules/abbrev
9297 silly ADD node_modules/web-streams-polyfill
9298 silly ADD node_modules/node-domexception
9299 silly ADD node_modules/formdata-polyfill
9300 silly ADD node_modules/fetch-blob
9301 silly ADD node_modules/data-uri-to-buffer
9302 silly ADD node_modules/uid-safe
9303 silly ADD node_modules/balanced-match
9304 silly ADD node_modules/brace-expansion
9305 silly ADD node_modules/mime-db
9306 silly ADD node_modules/to-regex-range
9307 silly ADD node_modules/fill-range
9308 silly ADD node_modules/braces
9309 silly ADD node_modules/fast-stringify
9310 silly ADD node_modules/fast-equals
9311 silly ADD node_modules/through2
9312 silly ADD node_modules/through2/node_modules/string_decoder
9313 silly ADD node_modules/through2/node_modules/safe-buffer
9314 silly ADD node_modules/through2/node_modules/isarray
9315 silly ADD node_modules/through2/node_modules/readable-stream
9316 silly ADD node_modules/split2
9317 silly ADD node_modules/slice-ansi
9318 silly ADD node_modules/set-error-message
9319 silly ADD node_modules/normalize-exception
9320 silly ADD node_modules/is-error-instance
9321 silly ADD node_modules/uqr
9322 silly ADD node_modules/untun
9323 silly ADD node_modules/tinyclip
9324 silly ADD node_modules/std-env
9325 silly ADD node_modules/node-forge
9326 silly ADD node_modules/jiti
9327 silly ADD node_modules/http-shutdown
9328 silly ADD node_modules/get-port-please
9329 silly ADD node_modules/@parcel/watcher-wasm
9330 silly ADD node_modules/set-cookie-parser
9331 silly ADD node_modules/winston
9332 silly ADD node_modules/winston/node_modules/readable-stream
9333 silly ADD node_modules/winston/node_modules/is-stream
9334 silly ADD node_modules/mimic-fn
9335 silly ADD node_modules/ecdsa-sig-formatter
9336 silly ADD node_modules/buffer-equal-constant-time
9337 silly ADD node_modules/safe-buffer
9338 silly ADD node_modules/jwa
9339 silly ADD node_modules/lodash.once
9340 silly ADD node_modules/lodash.isstring
9341 silly ADD node_modules/lodash.isnumber
9342 silly ADD node_modules/lodash.isinteger
9343 silly ADD node_modules/lodash.isboolean
9344 silly ADD node_modules/lodash.includes
9345 silly ADD node_modules/jws
9346 silly ADD node_modules/is-inside-container
9347 silly ADD node_modules/is-inside-container/node_modules/is-docker
9348 silly ADD node_modules/is-extglob
9349 silly ADD node_modules/uncrypto
9350 silly ADD node_modules/radix3
9351 silly ADD node_modules/node-mock-http
9352 silly ADD node_modules/iron-webcrypto
9353 silly ADD node_modules/crossws
9354 silly ADD node_modules/cookie-es
9355 silly ADD node_modules/xss
9356 silly ADD node_modules/xss/node_modules/commander
9357 silly ADD node_modules/ufo
9358 silly ADD node_modules/svgo
9359 silly ADD node_modules/svgo/node_modules/commander
9360 silly ADD node_modules/sharp
9361 silly ADD node_modules/pathe
9362 silly ADD node_modules/ofetch
9363 silly ADD node_modules/listhen
9364 silly ADD node_modules/listhen/node_modules/crossws
9365 silly ADD node_modules/listhen/node_modules/citty
9366 silly ADD node_modules/image-meta
9367 silly ADD node_modules/h3
9368 silly ADD node_modules/destr
9369 silly ADD node_modules/defu
9370 silly ADD node_modules/citty
9371 silly ADD node_modules/restore-cursor
9372 silly ADD node_modules/chardet
9373 silly ADD node_modules/through
9374 silly ADD node_modules/rxjs
9375 silly ADD node_modules/run-async
9376 silly ADD node_modules/ora
9377 silly ADD node_modules/ora/node_modules/has-flag
9378 silly ADD node_modules/ora/node_modules/color-convert
9379 silly ADD node_modules/ora/node_modules/supports-color
9380 silly ADD node_modules/ora/node_modules/ansi-styles
9381 silly ADD node_modules/ora/node_modules/is-unicode-supported
9382 silly ADD node_modules/ora/node_modules/chalk
9383 silly ADD node_modules/mute-stream
9384 silly ADD node_modules/lodash
9385 silly ADD node_modules/cli-width
9386 silly ADD node_modules/cli-cursor
9387 silly ADD node_modules/@inquirer/external-editor
9388 silly ADD node_modules/module-details-from-path
9389 silly ADD node_modules/cjs-module-lexer
9390 silly ADD node_modules/safer-buffer
9391 silly ADD node_modules/agent-base
9392 silly ADD node_modules/is-plain-object
9393 silly ADD node_modules/@types/http-proxy
9394 silly ADD node_modules/requires-port
9395 silly ADD node_modules/follow-redirects
9396 silly ADD node_modules/eventemitter3
9397 silly ADD node_modules/toidentifier
9398 silly ADD node_modules/setprototypeof
9399 silly ADD
9400 silly ADD node_modules/is-glob
9401 silly ADD node_modules/path-scurry
9402 silly ADD node_modules/path-scurry/node_modules/lru-cache
9403 silly ADD node_modules/minipass
9404 silly ADD node_modules/ini
9405 silly ADD node_modules/@sec-ant/readable-stream
9406 silly ADD node_modules/inherits
9407 silly ADD node_modules/from2
9408 silly ADD node_modules/from2/node_modules/string_decoder
9409 silly ADD node_modules/from2/node_modules/safe-buffer
9410 silly ADD node_modules/from2/node_modules/isarray
9411 silly ADD node_modules/from2/node_modules/readable-stream
9412 silly ADD node_modules/unicorn-magic
9413 silly ADD node_modules/safe-regex2
9414 silly ADD node_modules/fast-querystring
9415 silly ADD node_modules/is-unicode-supported
9416 silly ADD node_modules/reusify
9417 silly ADD node_modules/dequal
9418 silly ADD node_modules/json-schema-ref-resolver
9419 silly ADD node_modules/@fastify/merge-json-schemas
9420 silly ADD node_modules/ipaddr.js
9421 silly ADD node_modules/@fastify/forwarded
9422 silly ADD node_modules/ajv-formats
9423 silly ADD node_modules/toad-cache
9424 silly ADD node_modules/secure-json-parse
9425 silly ADD node_modules/process-warning
9426 silly ADD node_modules/pino
9427 silly ADD node_modules/light-my-request
9428 silly ADD node_modules/light-my-request/node_modules/process-warning
9429 silly ADD node_modules/light-my-request/node_modules/cookie
9430 silly ADD node_modules/find-my-way
9431 silly ADD node_modules/fast-json-stringify
9432 silly ADD node_modules/fast-json-stringify/node_modules/fast-uri
9433 silly ADD node_modules/avvio
9434 silly ADD node_modules/abstract-logging
9435 silly ADD node_modules/@fastify/proxy-addr
9436 silly ADD node_modules/@fastify/fast-json-stringify-compiler
9437 silly ADD node_modules/@fastify/ajv-compiler
9438 silly ADD node_modules/@fastify/ajv-compiler/node_modules/fast-uri
9439 silly ADD node_modules/fast-string-truncated-width
9440 silly ADD node_modules/run-parallel
9441 silly ADD node_modules/@nodelib/fs.scandir
9442 silly ADD node_modules/merge2
9443 silly ADD node_modules/glob-parent
9444 silly ADD node_modules/@nodelib/fs.walk
9445 silly ADD node_modules/@nodelib/fs.stat
9446 silly ADD node_modules/on-headers
9447 silly ADD node_modules/iconv-lite
9448 silly ADD node_modules/bytes
9449 silly ADD node_modules/negotiator
9450 silly ADD node_modules/negotiator/node_modules/content-type
9451 silly ADD node_modules/vary
9452 silly ADD node_modules/type-is
9453 silly ADD node_modules/type-is/node_modules/content-type
9454 silly ADD node_modules/statuses
9455 silly ADD node_modules/serve-static
9456 silly ADD node_modules/send
9457 silly ADD node_modules/router
9458 silly ADD node_modules/range-parser
9459 silly ADD node_modules/qs
9460 silly ADD node_modules/proxy-addr
9461 silly ADD node_modules/proxy-addr/node_modules/ipaddr.js
9462 silly ADD node_modules/parseurl
9463 silly ADD node_modules/once
9464 silly ADD node_modules/on-finished
9465 silly ADD node_modules/merge-descriptors
9466 silly ADD node_modules/fresh
9467 silly ADD node_modules/finalhandler
9468 silly ADD node_modules/encodeurl
9469 silly ADD node_modules/depd
9470 silly ADD node_modules/cookie-signature
9471 silly ADD node_modules/body-parser
9472 silly ADD node_modules/body-parser/node_modules/raw-body
9473 silly ADD node_modules/body-parser/node_modules/content-type
9474 silly ADD node_modules/accepts
9475 silly ADD node_modules/which
9476 silly ADD node_modules/which/node_modules/isexe
9477 silly ADD node_modules/shebang-command
9478 silly ADD node_modules/path-key
9479 silly ADD node_modules/strip-final-newline
9480 silly ADD node_modules/signal-exit
9481 silly ADD node_modules/onetime
9482 silly ADD node_modules/onetime/node_modules/mimic-fn
9483 silly ADD node_modules/npm-run-path
9484 silly ADD node_modules/merge-stream
9485 silly ADD node_modules/human-signals
9486 silly ADD node_modules/cross-spawn
9487 silly ADD node_modules/@esbuild/win32-x64
9488 silly ADD node_modules/stackframe
9489 silly ADD node_modules/is-safe-filename
9490 silly ADD node_modules/strip-ansi
9491 silly ADD node_modules/ansi-colors
9492 silly ADD node_modules/callsite
9493 silly ADD node_modules/ms
9494 silly ADD node_modules/luxon
9495 silly ADD node_modules/p-event
9496 silly ADD node_modules/esprima
9497 silly ADD node_modules/array-timsort
9498 silly ADD node_modules/lodash.transform
9499 silly ADD node_modules/lodash.isplainobject
9500 silly ADD node_modules/lodash.isempty
9501 silly ADD node_modules/wrap-ansi
9502 silly ADD node_modules/wrap-ansi/node_modules/ansi-regex
9503 silly ADD node_modules/wrap-ansi/node_modules/strip-ansi
9504 silly ADD node_modules/widest-line
9505 silly ADD node_modules/type-fest
9506 silly ADD node_modules/string-width
9507 silly ADD node_modules/string-width/node_modules/ansi-regex
9508 silly ADD node_modules/string-width/node_modules/strip-ansi
9509 silly ADD node_modules/cli-boxes
9510 silly ADD node_modules/camelcase
9511 silly ADD node_modules/ansi-align
9512 silly ADD node_modules/ansi-align/node_modules/is-fullwidth-code-point
9513 silly ADD node_modules/ansi-align/node_modules/emoji-regex
9514 silly ADD node_modules/ansi-align/node_modules/string-width
9515 silly ADD node_modules/file-uri-to-path
9516 silly ADD node_modules/picocolors
9517 silly ADD node_modules/js-tokens
9518 silly ADD node_modules/leven
9519 silly ADD node_modules/jsonpointer
9520 silly ADD node_modules/@humanwhocodes/momoa
9521 silly ADD node_modules/@babel/code-frame
9522 silly ADD node_modules/precond
9523 silly ADD node_modules/when-exit
9524 silly ADD node_modules/stubborn-fs
9525 silly ADD node_modules/zip-stream
9526 silly ADD node_modules/tar-stream
9527 silly ADD node_modules/readdir-glob
9528 silly ADD node_modules/readable-stream
9529 silly ADD node_modules/readable-stream/node_modules/buffer
9530 silly ADD node_modules/lazystream
9531 silly ADD node_modules/lazystream/node_modules/string_decoder
9532 silly ADD node_modules/lazystream/node_modules/safe-buffer
9533 silly ADD node_modules/lazystream/node_modules/isarray
9534 silly ADD node_modules/lazystream/node_modules/readable-stream
9535 silly ADD node_modules/buffer-crc32
9536 silly ADD node_modules/async
9537 silly ADD node_modules/entities
9538 silly ADD node_modules/environment
9539 silly ADD node_modules/require-from-string
9540 silly ADD node_modules/json-schema-traverse
9541 silly ADD node_modules/fast-uri
9542 silly ADD node_modules/fast-deep-equal
9543 silly ADD node_modules/@fastify/busboy
9544 silly ADD node_modules/@whatwg-node/node-fetch
9545 silly ADD node_modules/tslib
9546 silly ADD node_modules/@whatwg-node/promise-helpers
9547 silly ADD node_modules/@whatwg-node/fetch
9548 silly ADD node_modules/@whatwg-node/fetch/node_modules/urlpattern-polyfill
9549 silly ADD node_modules/@whatwg-node/disposablestack
9550 silly ADD node_modules/@envelop/instrumentation
9551 silly ADD node_modules/@types/estree
9552 silly ADD node_modules/nopt
9553 silly ADD node_modules/detect-libc
9554 silly ADD node_modules/consola
9555 silly ADD node_modules/resolve-from
9556 silly ADD node_modules/picomatch
9557 silly ADD node_modules/node-gyp-build
9558 silly ADD node_modules/graceful-fs
9559 silly ADD node_modules/estree-walker
9560 silly ADD node_modules/bindings
9561 silly ADD node_modules/async-sema
9562 silly ADD node_modules/acorn-import-attributes
9563 silly ADD node_modules/@rollup/pluginutils
9564 silly ADD node_modules/@mapbox/node-pre-gyp
9565 silly ADD node_modules/@mapbox/node-pre-gyp/node_modules/agent-base
9566 silly ADD node_modules/@mapbox/node-pre-gyp/node_modules/node-fetch
9567 silly ADD node_modules/@mapbox/node-pre-gyp/node_modules/https-proxy-agent
9568 silly ADD node_modules/undici-types
9569 silly ADD node_modules/@sindresorhus/transliterate
9570 silly ADD node_modules/untildify
9571 silly ADD node_modules/minimist
9572 silly ADD node_modules/enquirer
9573 silly ADD node_modules/@opentelemetry/sdk-trace
9574 silly ADD node_modules/@opentelemetry/sdk-trace-base
9575 silly ADD node_modules/@opentelemetry/context-async-hooks
9576 silly ADD node_modules/require-in-the-middle
9577 silly ADD node_modules/import-in-the-middle
9578 silly ADD node_modules/import-in-the-middle/node_modules/es-module-lexer
9579 silly ADD node_modules/@opentelemetry/api-logs
9580 silly ADD node_modules/@opentelemetry/semantic-conventions
9581 silly ADD node_modules/@octokit/openapi-types
9582 silly ADD node_modules/json-with-bigint
9583 silly ADD node_modules/@octokit/endpoint
9584 silly ADD node_modules/universal-user-agent
9585 silly ADD node_modules/before-after-hook
9586 silly ADD node_modules/@octokit/types
9587 silly ADD node_modules/@octokit/request-error
9588 silly ADD node_modules/@octokit/request
9589 silly ADD node_modules/@octokit/request/node_modules/content-type
9590 silly ADD node_modules/@octokit/graphql
9591 silly ADD node_modules/@octokit/auth-token
9592 silly ADD node_modules/@octokit/plugin-rest-endpoint-methods
9593 silly ADD node_modules/@octokit/plugin-rest-endpoint-methods/node_modules/@octokit/openapi-types
9594 silly ADD node_modules/@octokit/plugin-rest-endpoint-methods/node_modules/@octokit/types
9595 silly ADD node_modules/@octokit/plugin-request-log
9596 silly ADD node_modules/@octokit/plugin-paginate-rest
9597 silly ADD node_modules/@octokit/plugin-paginate-rest/node_modules/@octokit/openapi-types
9598 silly ADD node_modules/@octokit/plugin-paginate-rest/node_modules/@octokit/types
9599 silly ADD node_modules/@octokit/core
9600 silly ADD node_modules/@babel/helper-validator-identifier
9601 silly ADD node_modules/@babel/helper-string-parser
9602 silly ADD node_modules/unixify
9603 silly ADD node_modules/unixify/node_modules/normalize-path
9604 silly ADD node_modules/require-package-name
9605 silly ADD node_modules/precinct
9606 silly ADD node_modules/path-exists
9607 silly ADD node_modules/normalize-path
9608 silly ADD node_modules/merge-options
9609 silly ADD node_modules/merge-options/node_modules/is-plain-obj
9610 silly ADD node_modules/is-path-inside
9611 silly ADD node_modules/fast-glob
9612 silly ADD node_modules/es-module-lexer
9613 silly ADD node_modules/copy-file
9614 silly ADD node_modules/archiver
9615 silly ADD node_modules/@vercel/nft
9616 silly ADD node_modules/@netlify/binary-info
9617 silly ADD node_modules/@babel/types
9618 silly ADD node_modules/@babel/parser
9619 silly ADD node_modules/mime-types
9620 silly ADD node_modules/@netlify/serverless-functions-api
9621 silly ADD node_modules/@netlify/serverless-functions-api/node_modules/@netlify/types
9622 silly ADD node_modules/@netlify/cache
9623 silly ADD node_modules/@opentelemetry/sdk-trace-node
9624 silly ADD node_modules/@opentelemetry/resources
9625 silly ADD node_modules/@opentelemetry/instrumentation
9626 silly ADD node_modules/@opentelemetry/core
9627 silly ADD node_modules/@netlify/local-functions-proxy-win32-x64
9628 silly ADD node_modules/ipx
9629 silly ADD node_modules/ipx/node_modules/readdirp
9630 silly ADD node_modules/ipx/node_modules/lru-cache
9631 silly ADD node_modules/ipx/node_modules/@opentelemetry/sdk-trace
9632 silly ADD node_modules/ipx/node_modules/@opentelemetry/sdk-trace/node_modules/@opentelemetry/core
9633 silly ADD node_modules/ipx/node_modules/@opentelemetry/sdk-trace-base
9634 silly ADD node_modules/ipx/node_modules/@opentelemetry/sdk-trace-base/node_modules/@opentelemetry/core
9635 silly ADD node_modules/ipx/node_modules/@opentelemetry/context-async-hooks
9636 silly ADD node_modules/ipx/node_modules/@opentelemetry/api-logs
9637 silly ADD node_modules/ipx/node_modules/@opentelemetry/sdk-trace-node
9638 silly ADD node_modules/ipx/node_modules/@opentelemetry/sdk-trace-node/node_modules/@opentelemetry/core
9639 silly ADD node_modules/ipx/node_modules/@opentelemetry/resources
9640 silly ADD node_modules/ipx/node_modules/@opentelemetry/resources/node_modules/@opentelemetry/core
9641 silly ADD node_modules/ipx/node_modules/@opentelemetry/instrumentation
9642 silly ADD node_modules/ipx/node_modules/@opentelemetry/core
9643 silly ADD node_modules/ipx/node_modules/env-paths
9644 silly ADD node_modules/ipx/node_modules/dot-prop
9645 silly ADD node_modules/ipx/node_modules/@netlify/runtime-utils
9646 silly ADD node_modules/ipx/node_modules/@netlify/otel
9647 silly ADD node_modules/ipx/node_modules/@netlify/dev-utils
9648 silly ADD node_modules/ipx/node_modules/@netlify/dev-utils/node_modules/chokidar
9649 silly ADD node_modules/ipx/node_modules/@netlify/blobs
9650 silly ADD node_modules/ipx/node_modules/unstorage
9651 silly ADD node_modules/escape-string-regexp
9652 silly ADD node_modules/tinyexec
9653 silly ADD node_modules/micromatch
9654 silly ADD node_modules/micromatch/node_modules/picomatch
9655 silly ADD node_modules/micro-memoize
9656 silly ADD node_modules/@netlify/functions
9657 silly ADD node_modules/@netlify/types
9658 silly ADD node_modules/urlpattern-polyfill
9659 silly ADD node_modules/tmp-promise
9660 silly ADD node_modules/tar
9661 silly ADD node_modules/parse-imports
9662 silly ADD node_modules/p-retry
9663 silly ADD node_modules/node-stream-zip
9664 silly ADD node_modules/esbuild
9665 silly ADD node_modules/common-path-prefix
9666 silly ADD node_modules/better-ajv-errors
9667 silly ADD node_modules/better-ajv-errors/node_modules/has-flag
9668 silly ADD node_modules/better-ajv-errors/node_modules/color-convert
9669 silly ADD node_modules/better-ajv-errors/node_modules/supports-color
9670 silly ADD node_modules/better-ajv-errors/node_modules/ansi-styles
9671 silly ADD node_modules/better-ajv-errors/node_modules/chalk
9672 silly ADD node_modules/ajv-errors
9673 silly ADD node_modules/ajv
9674 silly ADD node_modules/acorn
9675 silly ADD node_modules/@import-maps/resolve
9676 silly ADD node_modules/parse-gitignore
9677 silly ADD node_modules/empathic
9678 silly ADD node_modules/dettle
9679 silly ADD node_modules/atomically
9680 silly ADD node_modules/@whatwg-node/server
9681 silly ADD node_modules/pg-gateway
9682 silly ADD node_modules/@electric-sql/pglite
9683 silly ADD node_modules/@netlify/static
9684 silly ADD node_modules/@netlify/runtime
9685 silly ADD node_modules/@netlify/redirects
9686 silly ADD node_modules/@netlify/headers
9687 silly ADD node_modules/@netlify/functions-dev
9688 silly ADD node_modules/@netlify/edge-functions-dev
9689 silly ADD node_modules/@netlify/edge-functions-dev/node_modules/get-port
9690 silly ADD node_modules/@netlify/edge-functions-dev/node_modules/@netlify/edge-functions-bootstrap
9691 silly ADD node_modules/@netlify/database-dev
9692 silly ADD node_modules/validate-npm-package-name
9693 silly ADD node_modules/path-type
9694 silly ADD node_modules/p-locate
9695 silly ADD node_modules/map-obj
9696 silly ADD node_modules/is-plain-obj
9697 silly ADD node_modules/filter-obj
9698 silly ADD node_modules/fast-safe-stringify
9699 silly ADD node_modules/deepmerge
9700 silly ADD node_modules/junk
9701 silly ADD node_modules/get-stream
9702 silly ADD node_modules/smol-toml
9703 silly ADD node_modules/read-pkg
9704 silly ADD node_modules/read-pkg/node_modules/hosted-git-info
9705 silly ADD node_modules/read-pkg/node_modules/unicorn-magic
9706 silly ADD node_modules/read-pkg/node_modules/normalize-package-data
9707 silly ADD node_modules/lockparse
9708 silly ADD node_modules/pump
9709 silly ADD node_modules/byline
9710 silly ADD node_modules/stack-generator
9711 silly ADD node_modules/iserror
9712 silly ADD node_modules/error-stack-parser
9713 silly ADD node_modules/@bugsnag/safe-json-stringify
9714 silly ADD node_modules/@bugsnag/cuid
9715 silly ADD node_modules/@bugsnag/core
9716 silly ADD node_modules/@bugsnag/node
9717 silly ADD node_modules/@bugsnag/browser
9718 silly ADD node_modules/zod
9719 silly ADD node_modules/yargs
9720 silly ADD node_modules/yargs/node_modules/is-fullwidth-code-point
9721 silly ADD node_modules/yargs/node_modules/emoji-regex
9722 silly ADD node_modules/yargs/node_modules/string-width
9723 silly ADD node_modules/yaml
9724 silly ADD node_modules/@types/node
9725 silly ADD node_modules/typescript
9726 silly ADD node_modules/ts-node
9727 silly ADD node_modules/supports-color
9728 silly ADD node_modules/safe-json-stringify
9729 silly ADD node_modules/rfdc
9730 silly ADD node_modules/resolve
9731 silly ADD node_modules/ps-list
9732 silly ADD node_modules/pretty-ms
9733 silly ADD node_modules/package-directory
9734 silly ADD node_modules/p-reduce
9735 silly ADD node_modules/os-name
9736 silly ADD node_modules/minimatch
9737 silly ADD node_modules/memoize-one
9738 silly ADD node_modules/log-process-errors
9739 silly ADD node_modules/keep-func-props
9740 silly ADD node_modules/indent-string
9741 silly ADD node_modules/ignore
9742 silly ADD node_modules/hot-shots
9743 silly ADD node_modules/figures
9744 silly ADD node_modules/fdir
9745 silly ADD node_modules/fast-string-width
9746 silly ADD node_modules/ansis
9747 silly ADD node_modules/@sindresorhus/slugify
9748 silly ADD node_modules/@netlify/run-utils
9749 silly ADD node_modules/@netlify/run-utils/node_modules/path-key
9750 silly ADD node_modules/@netlify/run-utils/node_modules/strip-final-newline
9751 silly ADD node_modules/@netlify/run-utils/node_modules/signal-exit
9752 silly ADD node_modules/@netlify/run-utils/node_modules/onetime
9753 silly ADD node_modules/@netlify/run-utils/node_modules/npm-run-path
9754 silly ADD node_modules/@netlify/run-utils/node_modules/is-stream
9755 silly ADD node_modules/@netlify/run-utils/node_modules/human-signals
9756 silly ADD node_modules/@netlify/run-utils/node_modules/get-stream
9757 silly ADD node_modules/@netlify/run-utils/node_modules/execa
9758 silly ADD node_modules/@netlify/plugins-list
9759 silly ADD node_modules/@netlify/opentelemetry-utils
9760 silly ADD node_modules/@netlify/git-utils
9761 silly ADD node_modules/@netlify/functions-utils
9762 silly ADD node_modules/@netlify/cache-utils
9763 silly ADD node_modules/@bugsnag/js
9764 silly ADD node_modules/@netlify/runtime-utils
9765 silly ADD node_modules/@netlify/otel
9766 silly ADD node_modules/picoquery
9767 silly ADD node_modules/@netlify/open-api
9768 silly ADD node_modules/mime
9769 silly ADD node_modules/http-errors
9770 silly ADD node_modules/fast-decode-uri-component
9771 silly ADD node_modules/escape-html
9772 silly ADD node_modules/@lukeed/ms
9773 silly ADD node_modules/glob
9774 silly ADD node_modules/fastq
9775 silly ADD node_modules/fastify-plugin
9776 silly ADD node_modules/content-disposition
9777 silly ADD node_modules/@fastify/send
9778 silly ADD node_modules/@fastify/error
9779 silly ADD node_modules/@fastify/accept-negotiator
9780 silly ADD node_modules/yauzl
9781 silly ADD node_modules/ws
9782 silly ADD node_modules/write-file-atomic
9783 silly ADD node_modules/write-file-atomic/node_modules/signal-exit
9784 silly ADD node_modules/update-notifier
9785 silly ADD node_modules/update-notifier/node_modules/chalk
9786 silly ADD node_modules/ulid
9787 silly ADD node_modules/tomlify-j0.4
9788 silly ADD node_modules/toml
9789 silly ADD node_modules/terminal-link
9790 silly ADD node_modules/source-map-support
9791 silly ADD node_modules/semver
9792 silly ADD node_modules/readdirp
9793 silly ADD node_modules/read-package-up
9794 silly ADD node_modules/read-package-up/node_modules/lru-cache
9795 silly ADD node_modules/read-package-up/node_modules/hosted-git-info
9796 silly ADD node_modules/read-package-up/node_modules/unicorn-magic
9797 silly ADD node_modules/read-package-up/node_modules/normalize-package-data
9798 silly ADD node_modules/read-package-up/node_modules/type-fest
9799 silly ADD node_modules/read-package-up/node_modules/read-pkg
9800 silly ADD node_modules/raw-body
9801 silly ADD node_modules/prettyjson
9802 silly ADD node_modules/pg
9803 silly ADD node_modules/parse-github-url
9804 silly ADD node_modules/parse-duration
9805 silly ADD node_modules/parallel-transform
9806 silly ADD node_modules/parallel-transform/node_modules/string_decoder
9807 silly ADD node_modules/parallel-transform/node_modules/safe-buffer
9808 silly ADD node_modules/parallel-transform/node_modules/isarray
9809 silly ADD node_modules/parallel-transform/node_modules/readable-stream
9810 silly ADD node_modules/p-wait-for
9811 silly ADD node_modules/p-map
9812 silly ADD node_modules/p-filter
9813 silly ADD node_modules/open
9814 silly ADD node_modules/normalize-package-data
9815 silly ADD node_modules/node-fetch
9816 silly ADD node_modules/netlify-redirector
9817 silly ADD node_modules/nanospinner
9818 silly ADD node_modules/multiparty
9819 silly ADD node_modules/multiparty/node_modules/statuses
9820 silly ADD node_modules/multiparty/node_modules/http-errors
9821 silly ADD node_modules/modern-tar
9822 silly ADD node_modules/maxstache-stream
9823 silly ADD node_modules/maxstache-stream/node_modules/pump
9824 silly ADD node_modules/maxstache
9825 silly ADD node_modules/log-update
9826 silly ADD node_modules/log-update/node_modules/ansi-regex
9827 silly ADD node_modules/log-update/node_modules/signal-exit
9828 silly ADD node_modules/log-update/node_modules/onetime
9829 silly ADD node_modules/log-update/node_modules/restore-cursor
9830 silly ADD node_modules/log-update/node_modules/wrap-ansi
9831 silly ADD node_modules/log-update/node_modules/strip-ansi
9832 silly ADD node_modules/log-update/node_modules/string-width
9833 silly ADD node_modules/log-update/node_modules/cli-cursor
9834 silly ADD node_modules/locate-path
9835 silly ADD node_modules/lambda-local
9836 silly ADD node_modules/lambda-local/node_modules/dotenv
9837 silly ADD node_modules/lambda-local/node_modules/commander
9838 silly ADD node_modules/jwt-decode
9839 silly ADD node_modules/jsonwebtoken
9840 silly ADD node_modules/isexe
9841 silly ADD node_modules/is-wsl
9842 silly ADD node_modules/is-stream
9843 silly ADD node_modules/is-docker
9844 silly ADD node_modules/inquirer-autocomplete-prompt
9845 silly ADD node_modules/inquirer-autocomplete-prompt/node_modules/has-flag
9846 silly ADD node_modules/inquirer-autocomplete-prompt/node_modules/tslib
9847 silly ADD node_modules/inquirer-autocomplete-prompt/node_modules/escape-string-regexp
9848 silly ADD node_modules/inquirer-autocomplete-prompt/node_modules/color-convert
9849 silly ADD node_modules/inquirer-autocomplete-prompt/node_modules/supports-color
9850 silly ADD node_modules/inquirer-autocomplete-prompt/node_modules/ansi-styles
9851 silly ADD node_modules/inquirer-autocomplete-prompt/node_modules/type-fest
9852 silly ADD node_modules/inquirer-autocomplete-prompt/node_modules/rxjs
9853 silly ADD node_modules/inquirer-autocomplete-prompt/node_modules/figures
9854 silly ADD node_modules/inquirer-autocomplete-prompt/node_modules/chalk
9855 silly ADD node_modules/inquirer-autocomplete-prompt/node_modules/ansi-escapes
9856 silly ADD node_modules/inquirer
9857 silly ADD node_modules/inquirer/node_modules/has-flag
9858 silly ADD node_modules/inquirer/node_modules/is-fullwidth-code-point
9859 silly ADD node_modules/inquirer/node_modules/emoji-regex
9860 silly ADD node_modules/inquirer/node_modules/escape-string-regexp
9861 silly ADD node_modules/inquirer/node_modules/color-convert
9862 silly ADD node_modules/inquirer/node_modules/supports-color
9863 silly ADD node_modules/inquirer/node_modules/ansi-styles
9864 silly ADD node_modules/inquirer/node_modules/type-fest
9865 silly ADD node_modules/inquirer/node_modules/wrap-ansi
9866 silly ADD node_modules/inquirer/node_modules/string-width
9867 silly ADD node_modules/inquirer/node_modules/figures
9868 silly ADD node_modules/inquirer/node_modules/chalk
9869 silly ADD node_modules/inquirer/node_modules/ansi-escapes
9870 silly ADD node_modules/https-proxy-agent
9871 silly ADD node_modules/http-proxy-middleware
9872 silly ADD node_modules/http-proxy
9873 silly ADD node_modules/gitconfiglocal
9874 silly ADD node_modules/git-repo-info
9875 silly ADD node_modules/get-port
9876 silly ADD node_modules/fuzzy
9877 silly ADD node_modules/folder-walker
9878 silly ADD node_modules/find-up
9879 silly ADD node_modules/fastify
9880 silly ADD node_modules/fastest-levenshtein
9881 silly ADD node_modules/express-logging
9882 silly ADD node_modules/express
9883 silly ADD node_modules/express/node_modules/cookie
9884 silly ADD node_modules/express/node_modules/content-disposition
9885 silly ADD node_modules/execa
9886 silly ADD node_modules/execa/node_modules/is-stream
9887 silly ADD node_modules/execa/node_modules/get-stream
9888 silly ADD node_modules/etag
9889 silly ADD node_modules/envinfo
9890 silly ADD node_modules/env-paths
9891 silly ADD node_modules/dotenv
9892 silly ADD node_modules/dot-prop
9893 silly ADD node_modules/dot-prop/node_modules/type-fest
9894 silly ADD node_modules/decache
9895 silly ADD node_modules/debug
9896 silly ADD node_modules/cron-parser
9897 silly ADD node_modules/cookie
9898 silly ADD node_modules/content-type
9899 silly ADD node_modules/comment-json
9900 silly ADD node_modules/commander
9901 silly ADD node_modules/clean-deep
9902 silly ADD node_modules/ci-info
9903 silly ADD node_modules/chokidar
9904 silly ADD node_modules/chalk
9905 silly ADD node_modules/boxen
9906 silly ADD node_modules/boxen/node_modules/chalk
9907 silly ADD node_modules/backoff
9908 silly ADD node_modules/ascii-table
9909 silly ADD node_modules/ansi-to-html
9910 silly ADD node_modules/ansi-escapes
9911 silly ADD node_modules/@pnpm/tabtab
9912 silly ADD node_modules/@octokit/rest
9913 silly ADD node_modules/@netlify/zip-it-and-ship-it
9914 silly ADD node_modules/@netlify/zip-it-and-ship-it/node_modules/path-key
9915 silly ADD node_modules/@netlify/zip-it-and-ship-it/node_modules/unicorn-magic
9916 silly ADD node_modules/@netlify/zip-it-and-ship-it/node_modules/strip-final-newline
9917 silly ADD node_modules/@netlify/zip-it-and-ship-it/node_modules/signal-exit
9918 silly ADD node_modules/@netlify/zip-it-and-ship-it/node_modules/onetime
9919 silly ADD node_modules/@netlify/zip-it-and-ship-it/node_modules/npm-run-path
9920 silly ADD node_modules/@netlify/zip-it-and-ship-it/node_modules/is-stream
9921 silly ADD node_modules/@netlify/zip-it-and-ship-it/node_modules/human-signals
9922 silly ADD node_modules/@netlify/zip-it-and-ship-it/node_modules/get-stream
9923 silly ADD node_modules/@netlify/zip-it-and-ship-it/node_modules/@netlify/types
9924 silly ADD node_modules/@netlify/zip-it-and-ship-it/node_modules/locate-path
9925 silly ADD node_modules/@netlify/zip-it-and-ship-it/node_modules/find-up
9926 silly ADD node_modules/@netlify/zip-it-and-ship-it/node_modules/execa
9927 silly ADD node_modules/@netlify/zip-it-and-ship-it/node_modules/@netlify/serverless-functions-api
9928 silly ADD node_modules/@netlify/server-dev
9929 silly ADD node_modules/@netlify/server-dev/node_modules/get-port
9930 silly ADD node_modules/@netlify/redirect-parser
9931 silly ADD node_modules/@netlify/local-functions-proxy
9932 silly ADD node_modules/@netlify/images
9933 silly ADD node_modules/@netlify/headers-parser
9934 silly ADD node_modules/@netlify/edge-functions-bootstrap
9935 silly ADD node_modules/@netlify/edge-functions
9936 silly ADD node_modules/@netlify/edge-bundler
9937 silly ADD node_modules/@netlify/edge-bundler/node_modules/path-key
9938 silly ADD node_modules/@netlify/edge-bundler/node_modules/unicorn-magic
9939 silly ADD node_modules/@netlify/edge-bundler/node_modules/locate-path
9940 silly ADD node_modules/@netlify/edge-bundler/node_modules/strip-final-newline
9941 silly ADD node_modules/@netlify/edge-bundler/node_modules/signal-exit
9942 silly ADD node_modules/@netlify/edge-bundler/node_modules/onetime
9943 silly ADD node_modules/@netlify/edge-bundler/node_modules/npm-run-path
9944 silly ADD node_modules/@netlify/edge-bundler/node_modules/is-stream
9945 silly ADD node_modules/@netlify/edge-bundler/node_modules/human-signals
9946 silly ADD node_modules/@netlify/edge-bundler/node_modules/get-stream
9947 silly ADD node_modules/@netlify/edge-bundler/node_modules/find-up
9948 silly ADD node_modules/@netlify/edge-bundler/node_modules/execa
9949 silly ADD node_modules/@netlify/dev-utils
9950 silly ADD node_modules/@netlify/dev-utils/node_modules/env-paths
9951 silly ADD node_modules/@netlify/dev-utils/node_modules/dot-prop
9952 silly ADD node_modules/@netlify/dev
9953 silly ADD node_modules/@netlify/config
9954 silly ADD node_modules/@netlify/config/node_modules/path-key
9955 silly ADD node_modules/@netlify/config/node_modules/unicorn-magic
9956 silly ADD node_modules/@netlify/config/node_modules/locate-path
9957 silly ADD node_modules/@netlify/config/node_modules/strip-final-newline
9958 silly ADD node_modules/@netlify/config/node_modules/signal-exit
9959 silly ADD node_modules/@netlify/config/node_modules/onetime
9960 silly ADD node_modules/@netlify/config/node_modules/npm-run-path
9961 silly ADD node_modules/@netlify/config/node_modules/is-stream
9962 silly ADD node_modules/@netlify/config/node_modules/human-signals
9963 silly ADD node_modules/@netlify/config/node_modules/get-stream
9964 silly ADD node_modules/@netlify/config/node_modules/read-package-up
9965 silly ADD node_modules/@netlify/config/node_modules/find-up
9966 silly ADD node_modules/@netlify/config/node_modules/execa
9967 silly ADD node_modules/@netlify/config/node_modules/dot-prop
9968 silly ADD node_modules/@netlify/build-info
9969 silly ADD node_modules/@netlify/build-info/node_modules/unicorn-magic
9970 silly ADD node_modules/@netlify/build-info/node_modules/locate-path
9971 silly ADD node_modules/@netlify/build-info/node_modules/find-up
9972 silly ADD node_modules/@netlify/build-info/node_modules/dot-prop
9973 silly ADD node_modules/@opentelemetry/api
9974 silly ADD node_modules/@netlify/build
9975 silly ADD node_modules/@netlify/build/node_modules/has-flag
9976 silly ADD node_modules/@netlify/build/node_modules/supports-hyperlinks
9977 silly ADD node_modules/@netlify/build/node_modules/supports-hyperlinks/node_modules/supports-color
9978 silly ADD node_modules/@netlify/build/node_modules/path-key
9979 silly ADD node_modules/@netlify/build/node_modules/strip-final-newline
9980 silly ADD node_modules/@netlify/build/node_modules/signal-exit
9981 silly ADD node_modules/@netlify/build/node_modules/onetime
9982 silly ADD node_modules/@netlify/build/node_modules/npm-run-path
9983 silly ADD node_modules/@netlify/build/node_modules/is-stream
9984 silly ADD node_modules/@netlify/build/node_modules/human-signals
9985 silly ADD node_modules/@netlify/build/node_modules/get-stream
9986 silly ADD node_modules/@netlify/build/node_modules/terminal-link
9987 silly ADD node_modules/@netlify/build/node_modules/readdirp
9988 silly ADD node_modules/@netlify/build/node_modules/read-package-up
9989 silly ADD node_modules/@netlify/build/node_modules/execa
9990 silly ADD node_modules/@netlify/blobs
9991 silly ADD node_modules/@netlify/api
9992 silly ADD node_modules/@netlify/ai
9993 silly ADD node_modules/@fastify/static
9994 silly ADD node_modules/netlify-cli
9995 warn allow-scripts 3 packages have install scripts not yet covered by allowScripts:
9995 warn allow-scripts   netlify-cli@27.10.2 (postinstall: node ./scripts/postinstall.js)
9995 warn allow-scripts   esbuild@0.28.1 (postinstall: node install.js)
9995 warn allow-scripts   sharp@0.34.5 (install: node install/check.js || npm run build)
9995 warn allow-scripts
9995 warn allow-scripts Run `npm approve-scripts --allow-scripts-pending` to review, or `npm approve-scripts <pkg>` to allow.
9996 verbose cwd C:\Users\Elen\OneDrive\Compartilhado\Fazenda
9997 verbose os Windows_NT 10.0.26100
9998 verbose node v24.18.0
9999 verbose npm  v11.16.0
10000 notice
10000 notice New major version of npm available! 11.16.0 -> 12.2.0
10000 notice Changelog: https://github.com/npm/cli/releases/tag/v12.2.0
10000 notice To update run: npm install -g npm@12.2.0
10000 notice  { force: true, Symbol(proc-log.meta): true }
10001 verbose exit 0
10002 info ok
